2026-07-01T16:51:15.881-03:00 TRACE 20444 --- [estoque] [http-nio-8383-exec-1] o.t.s.e.SPELVariableExpressionEvaluator  : [THYMELEAF][http-nio-8383-exec-1] SpringEL expression: evaluating expression "p" on target
2026-07-01T16:51:15.893-03:00 TRACE 20444 --- [estoque] [http-nio-8383-exec-1] o.t.T.cache.EXPRESSION_CACHE             : [THYMELEAF][http-nio-8383-exec-1][EXPRESSION_CACHE][CACHE_HIT] Cache hit in cache "EXPRESSION_CACHE" for key "expr|${p}".
2026-07-01T16:51:15.893-03:00 TRACE 20444 --- [estoque] [http-nio-8383-exec-1] o.t.s.expression.VariableExpression      : [THYMELEAF][http-nio-8383-exec-1] Evaluating variable expression: "${p}"
2026-07-01T16:51:15.894-03:00 TRACE 20444 --- [estoque] [http-nio-8383-exec-1] o.t.s.e.SPELVariableExpressionEvaluator  : [THYMELEAF][http-nio-8383-exec-1] SpringEL expression: evaluating expression "p" on target
2026-07-01T16:51:15.896-03:00 TRACE 20444 --- [estoque] [http-nio-8383-exec-1] o.t.s.expression.VariableExpression      : [THYMELEAF][http-nio-8383-exec-1] Evaluating variable expression: "${param.pedido == p}"
2026-07-01T16:51:15.896-03:00 TRACE 20444 --- [estoque] [http-nio-8383-exec-1] o.t.s.e.SPELVariableExpressionEvaluator  : [THYMELEAF][http-nio-8383-exec-1] SpringEL expression: evaluating expression "param.pedido == p" on target
2026-07-01T16:51:15.896-03:00 TRACE 20444 --- [estoque] [http-nio-8383-exec-1] o.t.s.expression.VariableExpression      : [THYMELEAF][http-nio-8383-exec-1] Evaluating variable expression: "${p}"
2026-07-01T16:51:15.897-03:00 TRACE 20444 --- [estoque] [http-nio-8383-exec-1] o.t.s.e.SPELVariableExpressionEvaluator  : [THYMELEAF][http-nio-8383-exec-1] SpringEL expression: evaluating expression "p" on target
2026-07-01T16:51:15.897-03:00 TRACE 20444 --- [estoque] [http-nio-8383-exec-1] o.t.s.expression.VariableExpression      : [THYMELEAF][http-nio-8383-exec-1] Evaluating variable expression: "${p}"
2026-07-01T16:51:15.897-03:00 TRACE 20444 --- [estoque] [http-nio-8383-exec-1] o.t.s.e.SPELVariableExpressionEvaluator  : [THYMELEAF][http-nio-8383-exec-1] SpringEL expression: evaluating expression "p" on target
2026-07-01T16:51:15.898-03:00 TRACE 20444 --- [estoque] [http-nio-8383-exec-1] o.t.s.expression.VariableExpression      : [THYMELEAF][http-nio-8383-exec-1] Evaluating variable expression: "${param.pedido == p}"
2026-07-01T16:51:15.898-03:00 TRACE 20444 --- [estoque] [http-nio-8383-exec-1] o.t.s.e.SPELVariableExpressionEvaluator  : [THYMELEAF][http-nio-8383-exec-1] SpringEL expression: evaluating expression "param.pedido == p" on target
2026-07-01T16:51:15.898-03:00 TRACE 20444 --- [estoque] [http-nio-8383-exec-1] o.t.s.expression.VariableExpression      : [THYMELEAF][http-nio-8383-exec-1] Evaluating variable expression: "${p}"
2026-07-01T16:51:15.898-03:00 TRACE 20444 --- [estoque] [http-nio-8383-exec-1] o.t.s.e.SPELVariableExpressionEvaluator  : [THYMELEAF][http-nio-8383-exec-1] SpringEL expression: evaluating expression "p" on target
2026-07-01T16:51:15.899-03:00 TRACE 20444 --- [estoque] [http-nio-8383-exec-1] o.t.s.expression.VariableExpression      : [THYMELEAF][http-nio-8383-exec-1] Evaluating variable expression: "${p}"
2026-07-01T16:51:15.899-03:00 TRACE 20444 --- [estoque] [http-nio-8383-exec-1] o.t.s.e.SPELVariableExpressionEvaluator  : [THYMELEAF][http-nio-8383-exec-1] SpringEL expression: evaluating expression "p" on target
2026-07-01T16:51:15.900-03:00 TRACE 20444 --- [estoque] [http-nio-8383-exec-1] o.t.s.expression.VariableExpression      : [THYMELEAF][http-nio-8383-exec-1] Evaluating variable expression: "${param.pedido == p}"
2026-07-01T16:51:15.900-03:00 TRACE 20444 --- [estoque] [http-nio-8383-exec-1] o.t.s.e.SPELVariableExpressionEvaluator  : [THYMELEAF][http-nio-8383-exec-1] SpringEL expression: evaluating expression "param.pedido == p" on target
2026-07-01T16:51:15.900-03:00 TRACE 20444 --- [estoque] [http-nio-8383-exec-1] o.t.s.expression.VariableExpression      : [THYMELEAF][http-nio-8383-exec-1] Evaluating variable expression: "${p}"
2026-07-01T16:51:15.901-03:00 TRACE 20444 --- [estoque] [http-nio-8383-exec-1] o.t.s.e.SPELVariableExpressionEvaluator  : [THYMELEAF][http-nio-8383-exec-1] SpringEL expression: evaluating expression "p" on target
2026-07-01T16:51:15.902-03:00 TRACE 20444 --- [estoque] [http-nio-8383-exec-1] o.t.s.expression.VariableExpression      : [THYMELEAF][http-nio-8383-exec-1] Evaluating variable expression: "${p}"
2026-07-01T16:51:15.902-03:00 TRACE 20444 --- [estoque] [http-nio-8383-exec-1] o.t.s.e.SPELVariableExpressionEvaluator  : [THYMELEAF][http-nio-8383-exec-1] SpringEL expression: evaluating expression "p" on target
2026-07-01T16:51:15.907-03:00 TRACE 20444 --- [estoque] [http-nio-8383-exec-1] o.t.s.expression.VariableExpression      : [THYMELEAF][http-nio-8383-exec-1] Evaluating variable expression: "${param.pedido == p}"
2026-07-01T16:51:15.908-03:00 TRACE 20444 --- [estoque] [http-nio-8383-exec-1] o.t.s.e.SPELVariableExpressionEvaluator  : [THYMELEAF][http-nio-8383-exec-1] SpringEL expression: evaluating expression "param.pedido == p" on target
2026-07-01T16:51:15.908-03:00 TRACE 20444 --- [estoque] [http-nio-8383-exec-1] o.t.s.expression.VariableExpression      : [THYMELEAF][http-nio-8383-exec-1] Evaluating variable expression: "${p}"
2026-07-01T16:51:15.908-03:00 TRACE 20444 --- [estoque] [http-nio-8383-exec-1] o.t.s.e.SPELVariableExpressionEvaluator  : [THYMELEAF][http-nio-8383-exec-1] SpringEL expression: evaluating expression "p" on target
2026-07-01T16:51:15.909-03:00 TRACE 20444 --- [estoque] [http-nio-8383-exec-1] o.t.s.expression.VariableExpression      : [THYMELEAF][http-nio-8383-exec-1] Evaluating variable expression: "${p}"
2026-07-01T16:51:15.909-03:00 TRACE 20444 --- [estoque] [http-nio-8383-exec-1] o.t.s.e.SPELVariableExpressionEvaluator  : [THYMELEAF][http-nio-8383-exec-1] SpringEL expression: evaluating expression "p" on target
2026-07-01T16:51:15.909-03:00 TRACE 20444 --- [estoque] [http-nio-8383-exec-1] o.t.s.expression.VariableExpression      : [THYMELEAF][http-nio-8383-exec-1] Evaluating variable expression: "${param.pedido == p}"
2026-07-01T16:51:15.910-03:00 TRACE 20444 --- [estoque] [http-nio-8383-exec-1] o.t.s.e.SPELVariableExpressionEvaluator  : [THYMELEAF][http-nio-8383-exec-1] SpringEL expression: evaluating expression "param.pedido == p" on target
2026-07-01T16:51:15.910-03:00 TRACE 20444 --- [estoque] [http-nio-8383-exec-1] o.t.s.expression.VariableExpression      : [THYMELEAF][http-nio-8383-exec-1] Evaluating variable expression: "${p}"
2026-07-01T16:51:15.910-03:00 TRACE 20444 --- [estoque] [http-nio-8383-exec-1] o.t.s.e.SPELVariableExpressionEvaluator  : [THYMELEAF][http-nio-8383-exec-1] SpringEL expression: evaluating expression "p" on target
2026-07-01T16:51:15.910-03:00 TRACE 20444 --- [estoque] [http-nio-8383-exec-1] o.t.s.expression.VariableExpression      : [THYMELEAF][http-nio-8383-exec-1] Evaluating variable expression: "${p}"
2026-07-01T16:51:15.911-03:00 TRACE 20444 --- [estoque] [http-nio-8383-exec-1] o.t.s.e.SPELVariableExpressionEvaluator  : [THYMELEAF][http-nio-8383-exec-1] SpringEL expression: evaluating expression "p" on target
2026-07-01T16:51:15.911-03:00 TRACE 20444 --- [estoque] [http-nio-8383-exec-1] o.t.T.cache.EXPRESSION_CACHE             : [THYMELEAF][http-nio-8383-exec-1][EXPRESSION_CACHE][CACHE_HIT] Cache hit in cache "EXPRESSION_CACHE" for key "each|p : ${listaProdutos}".
2026-07-01T16:51:15.911-03:00 TRACE 20444 --- [estoque] [http-nio-8383-exec-1] o.t.s.expression.GenericTokenExpression  : [THYMELEAF][http-nio-8383-exec-1] Evaluating generic token: "p"
2026-07-01T16:51:15.911-03:00 TRACE 20444 --- [estoque] [http-nio-8383-exec-1] o.t.s.expression.VariableExpression      : [THYMELEAF][http-nio-8383-exec-1] Evaluating variable expression: "${listaProdutos}"
2026-07-01T16:51:15.911-03:00 TRACE 20444 --- [estoque] [http-nio-8383-exec-1] o.t.s.e.SPELVariableExpressionEvaluator  : [THYMELEAF][http-nio-8383-exec-1] SpringEL expression: evaluating expression "listaProdutos" on target
2026-07-01T16:51:15.912-03:00 TRACE 20444 --- [estoque] [http-nio-8383-exec-1] o.t.T.cache.EXPRESSION_CACHE             : [THYMELEAF][http-nio-8383-exec-1][EXPRESSION_CACHE][CACHE_HIT] Cache hit in cache "EXPRESSION_CACHE" for key "expr|${param.produto == p}".
2026-07-01T16:51:15.912-03:00 TRACE 20444 --- [estoque] [http-nio-8383-exec-1] o.t.s.expression.VariableExpression      : [THYMELEAF][http-nio-8383-exec-1] Evaluating variable expression: "${param.produto == p}"
2026-07-01T16:51:15.913-03:00 TRACE 20444 --- [estoque] [http-nio-8383-exec-1] o.t.s.e.SPELVariableExpressionEvaluator  : [THYMELEAF][http-nio-8383-exec-1] SpringEL expression: evaluating expression "param.produto == p" on target
2026-07-01T16:51:15.913-03:00 TRACE 20444 --- [estoque] [http-nio-8383-exec-1] o.t.T.cache.EXPRESSION_CACHE             : [THYMELEAF][http-nio-8383-exec-1][EXPRESSION_CACHE][CACHE_HIT] Cache hit in cache "EXPRESSION_CACHE" for key "expr|${p}".
2026-07-01T16:51:15.914-03:00 TRACE 20444 --- [estoque] [http-nio-8383-exec-1] o.t.s.expression.VariableExpression      : [THYMELEAF][http-nio-8383-exec-1] Evaluating variable expression: "${p}"
2026-07-01T16:51:15.914-03:00 TRACE 20444 --- [estoque] [http-nio-8383-exec-1] o.t.s.e.SPELVariableExpressionEvaluator  : [THYMELEAF][http-nio-8383-exec-1] SpringEL expression: evaluating expression "p" on target
2026-07-01T16:51:15.914-03:00 TRACE 20444 --- [estoque] [http-nio-8383-exec-1] o.t.T.cache.EXPRESSION_CACHE             : [THYMELEAF][http-nio-8383-exec-1][EXPRESSION_CACHE][CACHE_HIT] Cache hit in cache "EXPRESSION_CACHE" for key "expr|${p}".
2026-07-01T16:51:15.914-03:00 TRACE 20444 --- [estoque] [http-nio-8383-exec-1] o.t.s.expression.VariableExpression      : [THYMELEAF][http-nio-8383-exec-1] Evaluating variable expression: "${p}"
2026-07-01T16:51:15.914-03:00 TRACE 20444 --- [estoque] [http-nio-8383-exec-1] o.t.s.e.SPELVariableExpressionEvaluator  : [THYMELEAF][http-nio-8383-exec-1] SpringEL expression: evaluating expression "p" on target
2026-07-01T16:51:15.915-03:00 TRACE 20444 --- [estoque] [http-nio-8383-exec-1] o.t.T.cache.EXPRESSION_CACHE             : [THYMELEAF][http-nio-8383-exec-1][EXPRESSION_CACHE][CACHE_HIT] Cache hit in cache "EXPRESSION_CACHE" for key "each|c : ${listaClientes}".
2026-07-01T16:51:15.915-03:00 TRACE 20444 --- [estoque] [http-nio-8383-exec-1] o.t.s.expression.GenericTokenExpression  : [THYMELEAF][http-nio-8383-exec-1] Evaluating generic token: "c"
2026-07-01T16:51:15.916-03:00 TRACE 20444 --- [estoque] [http-nio-8383-exec-1] o.t.s.expression.VariableExpression      : [THYMELEAF][http-nio-8383-exec-1] Evaluating variable expression: "${listaClientes}"
2026-07-01T16:51:15.916-03:00 TRACE 20444 --- [estoque] [http-nio-8383-exec-1] o.t.s.e.SPELVariableExpressionEvaluator  : [THYMELEAF][http-nio-8383-exec-1] SpringEL expression: evaluating expression "listaClientes" on target
2026-07-01T16:51:15.916-03:00 TRACE 20444 --- [estoque] [http-nio-8383-exec-1] o.t.T.cache.EXPRESSION_CACHE             : [THYMELEAF][http-nio-8383-exec-1][EXPRESSION_CACHE][CACHE_HIT] Cache hit in cache "EXPRESSION_CACHE" for key "expr|${param.cliente == c}".
2026-07-01T16:51:15.916-03:00 TRACE 20444 --- [estoque] [http-nio-8383-exec-1] o.t.s.expression.VariableExpression      : [THYMELEAF][http-nio-8383-exec-1] Evaluating variable expression: "${param.cliente == c}"
2026-07-01T16:51:15.916-03:00 TRACE 20444 --- [estoque] [http-nio-8383-exec-1] o.t.s.e.SPELVariableExpressionEvaluator  : [THYMELEAF][http-nio-8383-exec-1] SpringEL expression: evaluating expression "param.cliente == c" on target
2026-07-01T16:51:15.917-03:00 TRACE 20444 --- [estoque] [http-nio-8383-exec-1] o.t.T.cache.EXPRESSION_CACHE             : [THYMELEAF][http-nio-8383-exec-1][EXPRESSION_CACHE][CACHE_HIT] Cache hit in cache "EXPRESSION_CACHE" for key "expr|${c}".
2026-07-01T16:51:15.917-03:00 TRACE 20444 --- [estoque] [http-nio-8383-exec-1] o.t.s.expression.VariableExpression      : [THYMELEAF][http-nio-8383-exec-1] Evaluating variable expression: "${c}"
2026-07-01T16:51:15.918-03:00 TRACE 20444 --- [estoque] [http-nio-8383-exec-1] o.t.s.e.SPELVariableExpressionEvaluator  : [THYMELEAF][http-nio-8383-exec-1] SpringEL expression: evaluating expression "c" on target
2026-07-01T16:51:15.918-03:00 TRACE 20444 --- [estoque] [http-nio-8383-exec-1] o.t.T.cache.EXPRESSION_CACHE             : [THYMELEAF][http-nio-8383-exec-1][EXPRESSION_CACHE][CACHE_HIT] Cache hit in cache "EXPRESSION_CACHE" for key "expr|${c}".
2026-07-01T16:51:15.918-03:00 TRACE 20444 --- [estoque] [http-nio-8383-exec-1] o.t.s.expression.VariableExpression      : [THYMELEAF][http-nio-8383-exec-1] Evaluating variable expression: "${c}"
2026-07-01T16:51:15.919-03:00 TRACE 20444 --- [estoque] [http-nio-8383-exec-1] o.t.s.e.SPELVariableExpressionEvaluator  : [THYMELEAF][http-nio-8383-exec-1] SpringEL expression: evaluating expression "c" on target
2026-07-01T16:51:15.920-03:00 TRACE 20444 --- [estoque] [http-nio-8383-exec-1] o.t.s.expression.VariableExpression      : [THYMELEAF][http-nio-8383-exec-1] Evaluating variable expression: "${param.cliente == c}"
2026-07-01T16:51:15.920-03:00 TRACE 20444 --- [estoque] [http-nio-8383-exec-1] o.t.s.e.SPELVariableExpressionEvaluator  : [THYMELEAF][http-nio-8383-exec-1] SpringEL expression: evaluating expression "param.cliente == c" on target
2026-07-01T16:51:15.920-03:00 TRACE 20444 --- [estoque] [http-nio-8383-exec-1] o.t.s.expression.VariableExpression      : [THYMELEAF][http-nio-8383-exec-1] Evaluating variable expression: "${c}"
2026-07-01T16:51:15.920-03:00 TRACE 20444 --- [estoque] [http-nio-8383-exec-1] o.t.s.e.SPELVariableExpressionEvaluator  : [THYMELEAF][http-nio-8383-exec-1] SpringEL expression: evaluating expression "c" on target
2026-07-01T16:51:15.921-03:00 TRACE 20444 --- [estoque] [http-nio-8383-exec-1] o.t.s.expression.VariableExpression      : [THYMELEAF][http-nio-8383-exec-1] Evaluating variable expression: "${c}"
2026-07-01T16:51:15.921-03:00 TRACE 20444 --- [estoque] [http-nio-8383-exec-1] o.t.s.e.SPELVariableExpressionEvaluator  : [THYMELEAF][http-nio-8383-exec-1] SpringEL expression: evaluating expression "c" on target
2026-07-01T16:51:15.921-03:00 TRACE 20444 --- [estoque] [http-nio-8383-exec-1] o.t.s.expression.VariableExpression      : [THYMELEAF][http-nio-8383-exec-1] Evaluating variable expression: "${param.cliente == c}"
2026-07-01T16:51:15.921-03:00 TRACE 20444 --- [estoque] [http-nio-8383-exec-1] o.t.s.e.SPELVariableExpressionEvaluator  : [THYMELEAF][http-nio-8383-exec-1] SpringEL expression: evaluating expression "param.cliente == c" on target
2026-07-01T16:51:15.922-03:00 TRACE 20444 --- [estoque] [http-nio-8383-exec-1] o.t.s.expression.VariableExpression      : [THYMELEAF][http-nio-8383-exec-1] Evaluating variable expression: "${c}"
2026-07-01T16:51:15.922-03:00 TRACE 20444 --- [estoque] [http-nio-8383-exec-1] o.t.s.e.SPELVariableExpressionEvaluator  : [THYMELEAF][http-nio-8383-exec-1] SpringEL expression: evaluating expression "c" on target
2026-07-01T16:51:15.922-03:00 TRACE 20444 --- [estoque] [http-nio-8383-exec-1] o.t.s.expression.VariableExpression      : [THYMELEAF][http-nio-8383-exec-1] Evaluating variable expression: "${c}"
2026-07-01T16:51:15.922-03:00 TRACE 20444 --- [estoque] [http-nio-8383-exec-1] o.t.s.e.SPELVariableExpressionEvaluator  : [THYMELEAF][http-nio-8383-exec-1] SpringEL expression: evaluating expression "c" on target
2026-07-01T16:51:15.922-03:00 TRACE 20444 --- [estoque] [http-nio-8383-exec-1] o.t.s.expression.VariableExpression      : [THYMELEAF][http-nio-8383-exec-1] Evaluating variable expression: "${param.cliente == c}"
2026-07-01T16:51:15.922-03:00 TRACE 20444 --- [estoque] [http-nio-8383-exec-1] o.t.s.e.SPELVariableExpressionEvaluator  : [THYMELEAF][http-nio-8383-exec-1] SpringEL expression: evaluating expression "param.cliente == c" on target
2026-07-01T16:51:15.922-03:00 TRACE 20444 --- [estoque] [http-nio-8383-exec-1] o.t.s.expression.VariableExpression      : [THYMELEAF][http-nio-8383-exec-1] Evaluating variable expression: "${c}"
2026-07-01T16:51:15.923-03:00 TRACE 20444 --- [estoque] [http-nio-8383-exec-1] o.t.s.e.SPELVariableExpressionEvaluator  : [THYMELEAF][http-nio-8383-exec-1] SpringEL expression: evaluating expression "c" on target
2026-07-01T16:51:15.923-03:00 TRACE 20444 --- [estoque] [http-nio-8383-exec-1] o.t.s.expression.VariableExpression      : [THYMELEAF][http-nio-8383-exec-1] Evaluating variable expression: "${c}"
2026-07-01T16:51:15.923-03:00 TRACE 20444 --- [estoque] [http-nio-8383-exec-1] o.t.s.e.SPELVariableExpressionEvaluator  : [THYMELEAF][http-nio-8383-exec-1] SpringEL expression: evaluating expression "c" on target
2026-07-01T16:51:15.923-03:00 TRACE 20444 --- [estoque] [http-nio-8383-exec-1] o.t.s.expression.VariableExpression      : [THYMELEAF][http-nio-8383-exec-1] Evaluating variable expression: "${param.cliente == c}"
2026-07-01T16:51:15.923-03:00 TRACE 20444 --- [estoque] [http-nio-8383-exec-1] o.t.s.e.SPELVariableExpressionEvaluator  : [THYMELEAF][http-nio-8383-exec-1] SpringEL expression: evaluating expression "param.cliente == c" on target
2026-07-01T16:51:15.924-03:00 TRACE 20444 --- [estoque] [http-nio-8383-exec-1] o.t.s.expression.VariableExpression      : [THYMELEAF][http-nio-8383-exec-1] Evaluating variable expression: "${c}"
2026-07-01T16:51:15.924-03:00 TRACE 20444 --- [estoque] [http-nio-8383-exec-1] o.t.s.e.SPELVariableExpressionEvaluator  : [THYMELEAF][http-nio-8383-exec-1] SpringEL expression: evaluating expression "c" on target
2026-07-01T16:51:15.924-03:00 TRACE 20444 --- [estoque] [http-nio-8383-exec-1] o.t.s.expression.VariableExpression      : [THYMELEAF][http-nio-8383-exec-1] Evaluating variable expression: "${c}"
2026-07-01T16:51:15.924-03:00 TRACE 20444 --- [estoque] [http-nio-8383-exec-1] o.t.s.e.SPELVariableExpressionEvaluator  : [THYMELEAF][http-nio-8383-exec-1] SpringEL expression: evaluating expression "c" on target
2026-07-01T16:51:15.924-03:00 TRACE 20444 --- [estoque] [http-nio-8383-exec-1] o.t.T.cache.EXPRESSION_CACHE             : [THYMELEAF][http-nio-8383-exec-1][EXPRESSION_CACHE][CACHE_HIT] Cache hit in cache "EXPRESSION_CACHE" for key "each|e : ${listaEstados}".
2026-07-01T16:51:15.924-03:00 TRACE 20444 --- [estoque] [http-nio-8383-exec-1] o.t.s.expression.GenericTokenExpression  : [THYMELEAF][http-nio-8383-exec-1] Evaluating generic token: "e"
2026-07-01T16:51:15.925-03:00 TRACE 20444 --- [estoque] [http-nio-8383-exec-1] o.t.s.expression.VariableExpression      : [THYMELEAF][http-nio-8383-exec-1] Evaluating variable expression: "${listaEstados}"
2026-07-01T16:51:15.925-03:00 TRACE 20444 --- [estoque] [http-nio-8383-exec-1] o.t.s.e.SPELVariableExpressionEvaluator  : [THYMELEAF][http-nio-8383-exec-1] SpringEL expression: evaluating expression "listaEstados" on target
2026-07-01T16:51:15.925-03:00 TRACE 20444 --- [estoque] [http-nio-8383-exec-1] o.t.T.cache.EXPRESSION_CACHE             : [THYMELEAF][http-nio-8383-exec-1][EXPRESSION_CACHE][CACHE_HIT] Cache hit in cache "EXPRESSION_CACHE" for key "expr|${param.estado == e}".
2026-07-01T16:51:15.925-03:00 TRACE 20444 --- [estoque] [http-nio-8383-exec-1] o.t.s.expression.VariableExpression      : [THYMELEAF][http-nio-8383-exec-1] Evaluating variable expression: "${param.estado == e}"
2026-07-01T16:51:15.925-03:00 TRACE 20444 --- [estoque] [http-nio-8383-exec-1] o.t.s.e.SPELVariableExpressionEvaluator  : [THYMELEAF][http-nio-8383-exec-1] SpringEL expression: evaluating expression "param.estado == e" on target
2026-07-01T16:51:15.925-03:00 TRACE 20444 --- [estoque] [http-nio-8383-exec-1] o.t.T.cache.EXPRESSION_CACHE             : [THYMELEAF][http-nio-8383-exec-1][EXPRESSION_CACHE][CACHE_HIT] Cache hit in cache "EXPRESSION_CACHE" for key "expr|${e}".
2026-07-01T16:51:15.925-03:00 TRACE 20444 --- [estoque] [http-nio-8383-exec-1] o.t.s.expression.VariableExpression      : [THYMELEAF][http-nio-8383-exec-1] Evaluating variable expression: "${e}"
2026-07-01T16:51:15.925-03:00 TRACE 20444 --- [estoque] [http-nio-8383-exec-1] o.t.s.e.SPELVariableExpressionEvaluator  : [THYMELEAF][http-nio-8383-exec-1] SpringEL expression: evaluating expression "e" on target
2026-07-01T16:51:15.926-03:00 TRACE 20444 --- [estoque] [http-nio-8383-exec-1] o.t.T.cache.EXPRESSION_CACHE             : [THYMELEAF][http-nio-8383-exec-1][EXPRESSION_CACHE][CACHE_HIT] Cache hit in cache "EXPRESSION_CACHE" for key "expr|${e}".
2026-07-01T16:51:15.926-03:00 TRACE 20444 --- [estoque] [http-nio-8383-exec-1] o.t.s.expression.VariableExpression      : [THYMELEAF][http-nio-8383-exec-1] Evaluating variable expression: "${e}"
2026-07-01T16:51:15.926-03:00 TRACE 20444 --- [estoque] [http-nio-8383-exec-1] o.t.s.e.SPELVariableExpressionEvaluator  : [THYMELEAF][http-nio-8383-exec-1] SpringEL expression: evaluating expression "e" on target
2026-07-01T16:51:15.926-03:00 TRACE 20444 --- [estoque] [http-nio-8383-exec-1] o.t.s.expression.VariableExpression      : [THYMELEAF][http-nio-8383-exec-1] Evaluating variable expression: "${param.estado == e}"
2026-07-01T16:51:15.926-03:00 TRACE 20444 --- [estoque] [http-nio-8383-exec-1] o.t.s.e.SPELVariableExpressionEvaluator  : [THYMELEAF][http-nio-8383-exec-1] SpringEL expression: evaluating expression "param.estado == e" on target
2026-07-01T16:51:15.926-03:00 TRACE 20444 --- [estoque] [http-nio-8383-exec-1] o.t.s.expression.VariableExpression      : [THYMELEAF][http-nio-8383-exec-1] Evaluating variable expression: "${e}"
2026-07-01T16:51:15.926-03:00 TRACE 20444 --- [estoque] [http-nio-8383-exec-1] o.t.s.e.SPELVariableExpressionEvaluator  : [THYMELEAF][http-nio-8383-exec-1] SpringEL expression: evaluating expression "e" on target
2026-07-01T16:51:15.926-03:00 TRACE 20444 --- [estoque] [http-nio-8383-exec-1] o.t.s.expression.VariableExpression      : [THYMELEAF][http-nio-8383-exec-1] Evaluating variable expression: "${e}"
2026-07-01T16:51:15.927-03:00 TRACE 20444 --- [estoque] [http-nio-8383-exec-1] o.t.s.e.SPELVariableExpressionEvaluator  : [THYMELEAF][http-nio-8383-exec-1] SpringEL expression: evaluating expression "e" on target
2026-07-01T16:51:15.927-03:00 TRACE 20444 --- [estoque] [http-nio-8383-exec-1] o.t.T.cache.EXPRESSION_CACHE             : [THYMELEAF][http-nio-8383-exec-1][EXPRESSION_CACHE][CACHE_HIT] Cache hit in cache "EXPRESSION_CACHE" for key "each|t : ${listaTipos}".
2026-07-01T16:51:15.927-03:00 TRACE 20444 --- [estoque] [http-nio-8383-exec-1] o.t.s.expression.GenericTokenExpression  : [THYMELEAF][http-nio-8383-exec-1] Evaluating generic token: "t"
2026-07-01T16:51:15.927-03:00 TRACE 20444 --- [estoque] [http-nio-8383-exec-1] o.t.s.expression.VariableExpression      : [THYMELEAF][http-nio-8383-exec-1] Evaluating variable expression: "${listaTipos}"
2026-07-01T16:51:15.927-03:00 TRACE 20444 --- [estoque] [http-nio-8383-exec-1] o.t.s.e.SPELVariableExpressionEvaluator  : [THYMELEAF][http-nio-8383-exec-1] SpringEL expression: evaluating expression "listaTipos" on target
2026-07-01T16:51:15.927-03:00 TRACE 20444 --- [estoque] [http-nio-8383-exec-1] o.t.T.cache.EXPRESSION_CACHE             : [THYMELEAF][http-nio-8383-exec-1][EXPRESSION_CACHE][CACHE_HIT] Cache hit in cache "EXPRESSION_CACHE" for key "expr|${param.tipo == t.name()}".
2026-07-01T16:51:15.928-03:00 TRACE 20444 --- [estoque] [http-nio-8383-exec-1] o.t.s.expression.VariableExpression      : [THYMELEAF][http-nio-8383-exec-1] Evaluating variable expression: "${param.tipo == t.name()}"
2026-07-01T16:51:15.928-03:00 TRACE 20444 --- [estoque] [http-nio-8383-exec-1] o.t.s.e.SPELVariableExpressionEvaluator  : [THYMELEAF][http-nio-8383-exec-1] SpringEL expression: evaluating expression "param.tipo == t.name()" on target
2026-07-01T16:51:15.928-03:00 TRACE 20444 --- [estoque] [http-nio-8383-exec-1] o.t.T.cache.EXPRESSION_CACHE             : [THYMELEAF][http-nio-8383-exec-1][EXPRESSION_CACHE][CACHE_HIT] Cache hit in cache "EXPRESSION_CACHE" for key "expr|${t.name()}".
2026-07-01T16:51:15.928-03:00 TRACE 20444 --- [estoque] [http-nio-8383-exec-1] o.t.s.expression.VariableExpression      : [THYMELEAF][http-nio-8383-exec-1] Evaluating variable expression: "${t.name()}"
2026-07-01T16:51:15.928-03:00 TRACE 20444 --- [estoque] [http-nio-8383-exec-1] o.t.s.e.SPELVariableExpressionEvaluator  : [THYMELEAF][http-nio-8383-exec-1] SpringEL expression: evaluating expression "t.name()" on target
2026-07-01T16:51:15.929-03:00 TRACE 20444 --- [estoque] [http-nio-8383-exec-1] o.t.T.cache.EXPRESSION_CACHE             : [THYMELEAF][http-nio-8383-exec-1][EXPRESSION_CACHE][CACHE_HIT] Cache hit in cache "EXPRESSION_CACHE" for key "expr|${t.name() == 'V' ? 'Venda' : 'Transferência'}".
2026-07-01T16:51:15.929-03:00 TRACE 20444 --- [estoque] [http-nio-8383-exec-1] o.t.s.expression.VariableExpression      : [THYMELEAF][http-nio-8383-exec-1] Evaluating variable expression: "${t.name() == 'V' ? 'Venda' : 'Transferência'}"
2026-07-01T16:51:15.929-03:00 TRACE 20444 --- [estoque] [http-nio-8383-exec-1] o.t.s.e.SPELVariableExpressionEvaluator  : [THYMELEAF][http-nio-8383-exec-1] SpringEL expression: evaluating expression "t.name() == 'V' ? 'Venda' : 'Transferência'" on target
2026-07-01T16:51:15.929-03:00 TRACE 20444 --- [estoque] [http-nio-8383-exec-1] o.t.s.expression.VariableExpression      : [THYMELEAF][http-nio-8383-exec-1] Evaluating variable expression: "${param.tipo == t.name()}"
2026-07-01T16:51:15.929-03:00 TRACE 20444 --- [estoque] [http-nio-8383-exec-1] o.t.s.e.SPELVariableExpressionEvaluator  : [THYMELEAF][http-nio-8383-exec-1] SpringEL expression: evaluating expression "param.tipo == t.name()" on target
2026-07-01T16:51:15.930-03:00 TRACE 20444 --- [estoque] [http-nio-8383-exec-1] o.t.s.expression.VariableExpression      : [THYMELEAF][http-nio-8383-exec-1] Evaluating variable expression: "${t.name()}"
2026-07-01T16:51:15.930-03:00 TRACE 20444 --- [estoque] [http-nio-8383-exec-1] o.t.s.e.SPELVariableExpressionEvaluator  : [THYMELEAF][http-nio-8383-exec-1] SpringEL expression: evaluating expression "t.name()" on target
2026-07-01T16:51:15.930-03:00 TRACE 20444 --- [estoque] [http-nio-8383-exec-1] o.t.s.expression.VariableExpression      : [THYMELEAF][http-nio-8383-exec-1] Evaluating variable expression: "${t.name() == 'V' ? 'Venda' : 'Transferência'}"
2026-07-01T16:51:15.930-03:00 TRACE 20444 --- [estoque] [http-nio-8383-exec-1] o.t.s.e.SPELVariableExpressionEvaluator  : [THYMELEAF][http-nio-8383-exec-1] SpringEL expression: evaluating expression "t.name() == 'V' ? 'Venda' : 'Transferência'" on target
2026-07-01T16:51:15.930-03:00 TRACE 20444 --- [estoque] [http-nio-8383-exec-1] o.t.T.cache.EXPRESSION_CACHE             : [THYMELEAF][http-nio-8383-exec-1][EXPRESSION_CACHE][CACHE_HIT] Cache hit in cache "EXPRESSION_CACHE" for key "expr|${param.notaFiscal == 'true'}".
2026-07-01T16:51:15.931-03:00 TRACE 20444 --- [estoque] [http-nio-8383-exec-1] o.t.s.expression.VariableExpression      : [THYMELEAF][http-nio-8383-exec-1] Evaluating variable expression: "${param.notaFiscal == 'true'}"
2026-07-01T16:51:15.931-03:00 TRACE 20444 --- [estoque] [http-nio-8383-exec-1] o.t.s.e.SPELVariableExpressionEvaluator  : [THYMELEAF][http-nio-8383-exec-1] SpringEL expression: evaluating expression "param.notaFiscal == 'true'" on target
2026-07-01T16:51:15.931-03:00 TRACE 20444 --- [estoque] [http-nio-8383-exec-1] o.t.T.cache.EXPRESSION_CACHE             : [THYMELEAF][http-nio-8383-exec-1][EXPRESSION_CACHE][CACHE_HIT] Cache hit in cache "EXPRESSION_CACHE" for key "expr|${param.notaFiscal == 'false'}".
2026-07-01T16:51:15.931-03:00 TRACE 20444 --- [estoque] [http-nio-8383-exec-1] o.t.s.expression.VariableExpression      : [THYMELEAF][http-nio-8383-exec-1] Evaluating variable expression: "${param.notaFiscal == 'false'}"
2026-07-01T16:51:15.931-03:00 TRACE 20444 --- [estoque] [http-nio-8383-exec-1] o.t.s.e.SPELVariableExpressionEvaluator  : [THYMELEAF][http-nio-8383-exec-1] SpringEL expression: evaluating expression "param.notaFiscal == 'false'" on target
2026-07-01T16:51:15.932-03:00 TRACE 20444 --- [estoque] [http-nio-8383-exec-1] o.t.T.cache.EXPRESSION_CACHE             : [THYMELEAF][http-nio-8383-exec-1][EXPRESSION_CACHE][CACHE_HIT] Cache hit in cache "EXPRESSION_CACHE" for key "expr|${param.dataInicio}".
2026-07-01T16:51:15.935-03:00 TRACE 20444 --- [estoque] [http-nio-8383-exec-1] o.t.s.expression.VariableExpression      : [THYMELEAF][http-nio-8383-exec-1] Evaluating variable expression: "${param.dataInicio}"
2026-07-01T16:51:15.940-03:00 TRACE 20444 --- [estoque] [http-nio-8383-exec-1] o.t.s.e.SPELVariableExpressionEvaluator  : [THYMELEAF][http-nio-8383-exec-1] SpringEL expression: evaluating expression "param.dataInicio" on target
2026-07-01T16:51:15.941-03:00 TRACE 20444 --- [estoque] [http-nio-8383-exec-1] o.t.T.cache.EXPRESSION_CACHE             : [THYMELEAF][http-nio-8383-exec-1][EXPRESSION_CACHE][CACHE_HIT] Cache hit in cache "EXPRESSION_CACHE" for key "expr|${param.dataFim}".
2026-07-01T16:51:15.942-03:00 TRACE 20444 --- [estoque] [http-nio-8383-exec-1] o.t.s.expression.VariableExpression      : [THYMELEAF][http-nio-8383-exec-1] Evaluating variable expression: "${param.dataFim}"
2026-07-01T16:51:15.942-03:00 TRACE 20444 --- [estoque] [http-nio-8383-exec-1] o.t.s.e.SPELVariableExpressionEvaluator  : [THYMELEAF][http-nio-8383-exec-1] SpringEL expression: evaluating expression "param.dataFim" on target
2026-07-01T16:51:15.943-03:00 TRACE 20444 --- [estoque] [http-nio-8383-exec-1] o.t.T.cache.EXPRESSION_CACHE             : [THYMELEAF][http-nio-8383-exec-1][EXPRESSION_CACHE][CACHE_HIT] Cache hit in cache "EXPRESSION_CACHE" for key "each|item : ${itens}".
2026-07-01T16:51:15.943-03:00 TRACE 20444 --- [estoque] [http-nio-8383-exec-1] o.t.s.expression.GenericTokenExpression  : [THYMELEAF][http-nio-8383-exec-1] Evaluating generic token: "item"
2026-07-01T16:51:15.943-03:00 TRACE 20444 --- [estoque] [http-nio-8383-exec-1] o.t.s.expression.VariableExpression      : [THYMELEAF][http-nio-8383-exec-1] Evaluating variable expression: "${itens}"
2026-07-01T16:51:15.944-03:00 TRACE 20444 --- [estoque] [http-nio-8383-exec-1] o.t.s.e.SPELVariableExpressionEvaluator  : [THYMELEAF][http-nio-8383-exec-1] SpringEL expression: evaluating expression "itens" on target
2026-07-01T16:51:15.944-03:00 TRACE 20444 --- [estoque] [http-nio-8383-exec-1] o.t.T.cache.EXPRESSION_CACHE             : [THYMELEAF][http-nio-8383-exec-1][EXPRESSION_CACHE][CACHE_HIT] Cache hit in cache "EXPRESSION_CACHE" for key "expr|${item.venda.id}".
2026-07-01T16:51:15.945-03:00 TRACE 20444 --- [estoque] [http-nio-8383-exec-1] o.t.s.expression.VariableExpression      : [THYMELEAF][http-nio-8383-exec-1] Evaluating variable expression: "${item.venda.id}"
2026-07-01T16:51:15.945-03:00 TRACE 20444 --- [estoque] [http-nio-8383-exec-1] o.t.s.e.SPELVariableExpressionEvaluator  : [THYMELEAF][http-nio-8383-exec-1] SpringEL expression: evaluating expression "item.venda.id" on target
2026-07-01T16:51:15.947-03:00 TRACE 20444 --- [estoque] [http-nio-8383-exec-1] o.t.T.cache.EXPRESSION_CACHE             : [THYMELEAF][http-nio-8383-exec-1][EXPRESSION_CACHE][CACHE_HIT] Cache hit in cache "EXPRESSION_CACHE" for key "expr|${item.produto.nome}".
2026-07-01T16:51:15.947-03:00 TRACE 20444 --- [estoque] [http-nio-8383-exec-1] o.t.s.expression.VariableExpression      : [THYMELEAF][http-nio-8383-exec-1] Evaluating variable expression: "${item.produto.nome}"
2026-07-01T16:51:15.947-03:00 TRACE 20444 --- [estoque] [http-nio-8383-exec-1] o.t.s.e.SPELVariableExpressionEvaluator  : [THYMELEAF][http-nio-8383-exec-1] SpringEL expression: evaluating expression "item.produto.nome" on target
2026-07-01T16:51:15.948-03:00 TRACE 20444 --- [estoque] [http-nio-8383-exec-1] o.t.T.cache.EXPRESSION_CACHE             : [THYMELEAF][http-nio-8383-exec-1][EXPRESSION_CACHE][CACHE_HIT] Cache hit in cache "EXPRESSION_CACHE" for key "expr|${item.quantidade}".
2026-07-01T16:51:15.948-03:00 TRACE 20444 --- [estoque] [http-nio-8383-exec-1] o.t.s.expression.VariableExpression      : [THYMELEAF][http-nio-8383-exec-1] Evaluating variable expression: "${item.quantidade}"
2026-07-01T16:51:15.948-03:00 TRACE 20444 --- [estoque] [http-nio-8383-exec-1] o.t.s.e.SPELVariableExpressionEvaluator  : [THYMELEAF][http-nio-8383-exec-1] SpringEL expression: evaluating expression "item.quantidade" on target
2026-07-01T16:51:15.949-03:00 TRACE 20444 --- [estoque] [http-nio-8383-exec-1] o.t.T.cache.EXPRESSION_CACHE             : [THYMELEAF][http-nio-8383-exec-1][EXPRESSION_CACHE][CACHE_HIT] Cache hit in cache "EXPRESSION_CACHE" for key "expr|${#numbers.formatCurrency(item.valorPorCaixa)}".
2026-07-01T16:51:15.949-03:00 TRACE 20444 --- [estoque] [http-nio-8383-exec-1] o.t.s.expression.VariableExpression      : [THYMELEAF][http-nio-8383-exec-1] Evaluating variable expression: "${#numbers.formatCurrency(item.valorPorCaixa)}"
2026-07-01T16:51:15.950-03:00 TRACE 20444 --- [estoque] [http-nio-8383-exec-1] o.t.s.e.SPELVariableExpressionEvaluator  : [THYMELEAF][http-nio-8383-exec-1] SpringEL expression: evaluating expression "#numbers.formatCurrency(item.valorPorCaixa)" on target
2026-07-01T16:51:15.958-03:00 TRACE 20444 --- [estoque] [http-nio-8383-exec-1] o.t.T.cache.EXPRESSION_CACHE             : [THYMELEAF][http-nio-8383-exec-1][EXPRESSION_CACHE][CACHE_HIT] Cache hit in cache "EXPRESSION_CACHE" for key "expr|${#numbers.formatCurrency(item.subtotal)}".
2026-07-01T16:51:15.959-03:00 TRACE 20444 --- [estoque] [http-nio-8383-exec-1] o.t.s.expression.VariableExpression      : [THYMELEAF][http-nio-8383-exec-1] Evaluating variable expression: "${#numbers.formatCurrency(item.subtotal)}"
2026-07-01T16:51:15.959-03:00 TRACE 20444 --- [estoque] [http-nio-8383-exec-1] o.t.s.e.SPELVariableExpressionEvaluator  : [THYMELEAF][http-nio-8383-exec-1] SpringEL expression: evaluating expression "#numbers.formatCurrency(item.subtotal)" on target
2026-07-01T16:51:15.960-03:00 TRACE 20444 --- [estoque] [http-nio-8383-exec-1] o.t.T.cache.EXPRESSION_CACHE             : [THYMELEAF][http-nio-8383-exec-1][EXPRESSION_CACHE][CACHE_HIT] Cache hit in cache "EXPRESSION_CACHE" for key "expr|${item.venda.clienteNome}".
2026-07-01T16:51:15.960-03:00 TRACE 20444 --- [estoque] [http-nio-8383-exec-1] o.t.s.expression.VariableExpression      : [THYMELEAF][http-nio-8383-exec-1] Evaluating variable expression: "${item.venda.clienteNome}"
2026-07-01T16:51:15.960-03:00 TRACE 20444 --- [estoque] [http-nio-8383-exec-1] o.t.s.e.SPELVariableExpressionEvaluator  : [THYMELEAF][http-nio-8383-exec-1] SpringEL expression: evaluating expression "item.venda.clienteNome" on target
2026-07-01T16:51:15.960-03:00 TRACE 20444 --- [estoque] [http-nio-8383-exec-1] o.t.T.cache.EXPRESSION_CACHE             : [THYMELEAF][http-nio-8383-exec-1][EXPRESSION_CACHE][CACHE_HIT] Cache hit in cache "EXPRESSION_CACHE" for key "expr|${item.venda.clienteEstado}".
2026-07-01T16:51:15.961-03:00 TRACE 20444 --- [estoque] [http-nio-8383-exec-1] o.t.s.expression.VariableExpression      : [THYMELEAF][http-nio-8383-exec-1] Evaluating variable expression: "${item.venda.clienteEstado}"
2026-07-01T16:51:15.961-03:00 TRACE 20444 --- [estoque] [http-nio-8383-exec-1] o.t.s.e.SPELVariableExpressionEvaluator  : [THYMELEAF][http-nio-8383-exec-1] SpringEL expression: evaluating expression "item.venda.clienteEstado" on target
2026-07-01T16:51:15.961-03:00 TRACE 20444 --- [estoque] [http-nio-8383-exec-1] o.t.T.cache.EXPRESSION_CACHE             : [THYMELEAF][http-nio-8383-exec-1][EXPRESSION_CACHE][CACHE_HIT] Cache hit in cache "EXPRESSION_CACHE" for key "expr|${#temporals.format(item.venda.dataSaida, 'dd/MM/yyyy')}".
2026-07-01T16:51:15.961-03:00 TRACE 20444 --- [estoque] [http-nio-8383-exec-1] o.t.s.expression.VariableExpression      : [THYMELEAF][http-nio-8383-exec-1] Evaluating variable expression: "${#temporals.format(item.venda.dataSaida, 'dd/MM/yyyy')}"
2026-07-01T16:51:15.961-03:00 TRACE 20444 --- [estoque] [http-nio-8383-exec-1] o.t.s.e.SPELVariableExpressionEvaluator  : [THYMELEAF][http-nio-8383-exec-1] SpringEL expression: evaluating expression "#temporals.format(item.venda.dataSaida, 'dd/MM/yyyy')" on target
2026-07-01T16:51:15.962-03:00 TRACE 20444 --- [estoque] [http-nio-8383-exec-1] o.t.T.cache.EXPRESSION_CACHE             : [THYMELEAF][http-nio-8383-exec-1][EXPRESSION_CACHE][CACHE_HIT] Cache hit in cache "EXPRESSION_CACHE" for key "expr|${item.tipoMovimentacao == 'V'}".
2026-07-01T16:51:15.962-03:00 TRACE 20444 --- [estoque] [http-nio-8383-exec-1] o.t.s.expression.VariableExpression      : [THYMELEAF][http-nio-8383-exec-1] Evaluating variable expression: "${item.tipoMovimentacao == 'V'}"
2026-07-01T16:51:15.962-03:00 TRACE 20444 --- [estoque] [http-nio-8383-exec-1] o.t.s.e.SPELVariableExpressionEvaluator  : [THYMELEAF][http-nio-8383-exec-1] SpringEL expression: evaluating expression "item.tipoMovimentacao == 'V'" on target
2026-07-01T16:51:15.962-03:00 TRACE 20444 --- [estoque] [http-nio-8383-exec-1] o.t.T.cache.EXPRESSION_CACHE             : [THYMELEAF][http-nio-8383-exec-1][EXPRESSION_CACHE][CACHE_HIT] Cache hit in cache "EXPRESSION_CACHE" for key "expr|${item.tipoMovimentacao == 'T'}".
2026-07-01T16:51:15.962-03:00 TRACE 20444 --- [estoque] [http-nio-8383-exec-1] o.t.s.expression.VariableExpression      : [THYMELEAF][http-nio-8383-exec-1] Evaluating variable expression: "${item.tipoMovimentacao == 'T'}"
2026-07-01T16:51:15.962-03:00 TRACE 20444 --- [estoque] [http-nio-8383-exec-1] o.t.s.e.SPELVariableExpressionEvaluator  : [THYMELEAF][http-nio-8383-exec-1] SpringEL expression: evaluating expression "item.tipoMovimentacao == 'T'" on target
2026-07-01T16:51:15.962-03:00 TRACE 20444 --- [estoque] [http-nio-8383-exec-1] o.t.T.cache.EXPRESSION_CACHE             : [THYMELEAF][http-nio-8383-exec-1][EXPRESSION_CACHE][CACHE_HIT] Cache hit in cache "EXPRESSION_CACHE" for key "expr|${item.venda.comNotaFiscal}".
2026-07-01T16:51:15.963-03:00 TRACE 20444 --- [estoque] [http-nio-8383-exec-1] o.t.s.expression.VariableExpression      : [THYMELEAF][http-nio-8383-exec-1] Evaluating variable expression: "${item.venda.comNotaFiscal}"
2026-07-01T16:51:15.963-03:00 TRACE 20444 --- [estoque] [http-nio-8383-exec-1] o.t.s.e.SPELVariableExpressionEvaluator  : [THYMELEAF][http-nio-8383-exec-1] SpringEL expression: evaluating expression "item.venda.comNotaFiscal" on target
2026-07-01T16:51:15.963-03:00 TRACE 20444 --- [estoque] [http-nio-8383-exec-1] o.t.T.cache.EXPRESSION_CACHE             : [THYMELEAF][http-nio-8383-exec-1][EXPRESSION_CACHE][CACHE_HIT] Cache hit in cache "EXPRESSION_CACHE" for key "expr|${item.venda.comNotaFiscal}".
2026-07-01T16:51:15.963-03:00 TRACE 20444 --- [estoque] [http-nio-8383-exec-1] o.t.s.expression.VariableExpression      : [THYMELEAF][http-nio-8383-exec-1] Evaluating variable expression: "${item.venda.comNotaFiscal}"
2026-07-01T16:51:15.964-03:00 TRACE 20444 --- [estoque] [http-nio-8383-exec-1] o.t.s.e.SPELVariableExpressionEvaluator  : [THYMELEAF][http-nio-8383-exec-1] SpringEL expression: evaluating expression "item.venda.comNotaFiscal" on target
2026-07-01T16:51:15.964-03:00 TRACE 20444 --- [estoque] [http-nio-8383-exec-1] o.t.T.cache.EXPRESSION_CACHE             : [THYMELEAF][http-nio-8383-exec-1][EXPRESSION_CACHE][CACHE_HIT] Cache hit in cache "EXPRESSION_CACHE" for key "expr|@{/vendas/editar/{id}(id=${item.venda.id})}".
2026-07-01T16:51:15.964-03:00 TRACE 20444 --- [estoque] [http-nio-8383-exec-1] o.t.standard.expression.LinkExpression   : [THYMELEAF][http-nio-8383-exec-1] Evaluating link: "@{'/vendas/editar/{id}'(id=${item.venda.id})}"
2026-07-01T16:51:15.964-03:00 TRACE 20444 --- [estoque] [http-nio-8383-exec-1] o.t.s.expression.TextLiteralExpression   : [THYMELEAF][http-nio-8383-exec-1] Evaluating text literal: "'/vendas/editar/{id}'"
2026-07-01T16:51:15.964-03:00 TRACE 20444 --- [estoque] [http-nio-8383-exec-1] o.t.s.expression.GenericTokenExpression  : [THYMELEAF][http-nio-8383-exec-1] Evaluating generic token: "id"
2026-07-01T16:51:15.965-03:00 TRACE 20444 --- [estoque] [http-nio-8383-exec-1] o.t.s.expression.VariableExpression      : [THYMELEAF][http-nio-8383-exec-1] Evaluating variable expression: "${item.venda.id}"
2026-07-01T16:51:15.965-03:00 TRACE 20444 --- [estoque] [http-nio-8383-exec-1] o.t.s.e.SPELVariableExpressionEvaluator  : [THYMELEAF][http-nio-8383-exec-1] SpringEL expression: evaluating expression "item.venda.id" on target
2026-07-01T16:51:15.965-03:00 TRACE 20444 --- [estoque] [http-nio-8383-exec-1] o.t.T.cache.EXPRESSION_CACHE             : [THYMELEAF][http-nio-8383-exec-1][EXPRESSION_CACHE][CACHE_HIT] Cache hit in cache "EXPRESSION_CACHE" for key "expr|@{/vendas/excluir/{id}(id=${item.venda.id})}".
2026-07-01T16:51:15.965-03:00 TRACE 20444 --- [estoque] [http-nio-8383-exec-1] o.t.standard.expression.LinkExpression   : [THYMELEAF][http-nio-8383-exec-1] Evaluating link: "@{'/vendas/excluir/{id}'(id=${item.venda.id})}"
2026-07-01T16:51:15.965-03:00 TRACE 20444 --- [estoque] [http-nio-8383-exec-1] o.t.s.expression.TextLiteralExpression   : [THYMELEAF][http-nio-8383-exec-1] Evaluating text literal: "'/vendas/excluir/{id}'"
2026-07-01T16:51:15.965-03:00 TRACE 20444 --- [estoque] [http-nio-8383-exec-1] o.t.s.expression.GenericTokenExpression  : [THYMELEAF][http-nio-8383-exec-1] Evaluating generic token: "id"
2026-07-01T16:51:15.965-03:00 TRACE 20444 --- [estoque] [http-nio-8383-exec-1] o.t.s.expression.VariableExpression      : [THYMELEAF][http-nio-8383-exec-1] Evaluating variable expression: "${item.venda.id}"
2026-07-01T16:51:15.968-03:00 TRACE 20444 --- [estoque] [http-nio-8383-exec-1] o.t.s.e.SPELVariableExpressionEvaluator  : [THYMELEAF][http-nio-8383-exec-1] SpringEL expression: evaluating expression "item.venda.id" on target
2026-07-01T16:51:15.972-03:00 TRACE 20444 --- [estoque] [http-nio-8383-exec-1] o.t.s.expression.VariableExpression      : [THYMELEAF][http-nio-8383-exec-1] Evaluating variable expression: "${item.venda.id}"
2026-07-01T16:51:15.972-03:00 TRACE 20444 --- [estoque] [http-nio-8383-exec-1] o.t.s.e.SPELVariableExpressionEvaluator  : [THYMELEAF][http-nio-8383-exec-1] SpringEL expression: evaluating expression "item.venda.id" on target
2026-07-01T16:51:15.972-03:00 TRACE 20444 --- [estoque] [http-nio-8383-exec-1] o.t.s.expression.VariableExpression      : [THYMELEAF][http-nio-8383-exec-1] Evaluating variable expression: "${item.produto.nome}"
2026-07-01T16:51:15.972-03:00 TRACE 20444 --- [estoque] [http-nio-8383-exec-1] o.t.s.e.SPELVariableExpressionEvaluator  : [THYMELEAF][http-nio-8383-exec-1] SpringEL expression: evaluating expression "item.produto.nome" on target
2026-07-01T16:51:15.974-03:00 TRACE 20444 --- [estoque] [http-nio-8383-exec-1] o.t.s.expression.VariableExpression      : [THYMELEAF][http-nio-8383-exec-1] Evaluating variable expression: "${item.quantidade}"
2026-07-01T16:51:15.974-03:00 TRACE 20444 --- [estoque] [http-nio-8383-exec-1] o.t.s.e.SPELVariableExpressionEvaluator  : [THYMELEAF][http-nio-8383-exec-1] SpringEL expression: evaluating expression "item.quantidade" on target
2026-07-01T16:51:15.974-03:00 TRACE 20444 --- [estoque] [http-nio-8383-exec-1] o.t.s.expression.VariableExpression      : [THYMELEAF][http-nio-8383-exec-1] Evaluating variable expression: "${#numbers.formatCurrency(item.valorPorCaixa)}"
2026-07-01T16:51:15.974-03:00 TRACE 20444 --- [estoque] [http-nio-8383-exec-1] o.t.s.e.SPELVariableExpressionEvaluator  : [THYMELEAF][http-nio-8383-exec-1] SpringEL expression: evaluating expression "#numbers.formatCurrency(item.valorPorCaixa)" on target
2026-07-01T16:51:15.975-03:00 TRACE 20444 --- [estoque] [http-nio-8383-exec-1] o.t.s.expression.VariableExpression      : [THYMELEAF][http-nio-8383-exec-1] Evaluating variable expression: "${#numbers.formatCurrency(item.subtotal)}"
2026-07-01T16:51:15.975-03:00 TRACE 20444 --- [estoque] [http-nio-8383-exec-1] o.t.s.e.SPELVariableExpressionEvaluator  : [THYMELEAF][http-nio-8383-exec-1] SpringEL expression: evaluating expression "#numbers.formatCurrency(item.subtotal)" on target
2026-07-01T16:51:15.975-03:00 TRACE 20444 --- [estoque] [http-nio-8383-exec-1] o.t.s.expression.VariableExpression      : [THYMELEAF][http-nio-8383-exec-1] Evaluating variable expression: "${item.venda.clienteNome}"
2026-07-01T16:51:15.976-03:00 TRACE 20444 --- [estoque] [http-nio-8383-exec-1] o.t.s.e.SPELVariableExpressionEvaluator  : [THYMELEAF][http-nio-8383-exec-1] SpringEL expression: evaluating expression "item.venda.clienteNome" on target
2026-07-01T16:51:15.977-03:00 TRACE 20444 --- [estoque] [http-nio-8383-exec-1] o.t.s.expression.VariableExpression      : [THYMELEAF][http-nio-8383-exec-1] Evaluating variable expression: "${item.venda.clienteEstado}"
2026-07-01T16:51:15.977-03:00 TRACE 20444 --- [estoque] [http-nio-8383-exec-1] o.t.s.e.SPELVariableExpressionEvaluator  : [THYMELEAF][http-nio-8383-exec-1] SpringEL expression: evaluating expression "item.venda.clienteEstado" on target
2026-07-01T16:51:15.978-03:00 TRACE 20444 --- [estoque] [http-nio-8383-exec-1] o.t.s.expression.VariableExpression      : [THYMELEAF][http-nio-8383-exec-1] Evaluating variable expression: "${#temporals.format(item.venda.dataSaida, 'dd/MM/yyyy')}"
2026-07-01T16:51:15.978-03:00 TRACE 20444 --- [estoque] [http-nio-8383-exec-1] o.t.s.e.SPELVariableExpressionEvaluator  : [THYMELEAF][http-nio-8383-exec-1] SpringEL expression: evaluating expression "#temporals.format(item.venda.dataSaida, 'dd/MM/yyyy')" on target
2026-07-01T16:51:15.978-03:00 TRACE 20444 --- [estoque] [http-nio-8383-exec-1] o.t.T.cache.EXPRESSION_CACHE             : [THYMELEAF][http-nio-8383-exec-1][EXPRESSION_CACHE][CACHE_HIT] Cache hit in cache "EXPRESSION_CACHE" for key "expr|${item.tipoMovimentacao == 'V'}".
2026-07-01T16:51:15.980-03:00 TRACE 20444 --- [estoque] [http-nio-8383-exec-1] o.t.s.expression.VariableExpression      : [THYMELEAF][http-nio-8383-exec-1] Evaluating variable expression: "${item.tipoMovimentacao == 'V'}"
2026-07-01T16:51:15.981-03:00 TRACE 20444 --- [estoque] [http-nio-8383-exec-1] o.t.s.e.SPELVariableExpressionEvaluator  : [THYMELEAF][http-nio-8383-exec-1] SpringEL expression: evaluating expression "item.tipoMovimentacao == 'V'" on target
2026-07-01T16:51:15.982-03:00 TRACE 20444 --- [estoque] [http-nio-8383-exec-1] o.t.T.cache.EXPRESSION_CACHE             : [THYMELEAF][http-nio-8383-exec-1][EXPRESSION_CACHE][CACHE_HIT] Cache hit in cache "EXPRESSION_CACHE" for key "expr|${item.tipoMovimentacao == 'T'}".
2026-07-01T16:51:15.987-03:00 TRACE 20444 --- [estoque] [http-nio-8383-exec-1] o.t.s.expression.VariableExpression      : [THYMELEAF][http-nio-8383-exec-1] Evaluating variable expression: "${item.tipoMovimentacao == 'T'}"
2026-07-01T16:51:15.988-03:00 TRACE 20444 --- [estoque] [http-nio-8383-exec-1] o.t.s.e.SPELVariableExpressionEvaluator  : [THYMELEAF][http-nio-8383-exec-1] SpringEL expression: evaluating expression "item.tipoMovimentacao == 'T'" on target
2026-07-01T16:51:15.989-03:00 TRACE 20444 --- [estoque] [http-nio-8383-exec-1] o.t.T.cache.EXPRESSION_CACHE             : [THYMELEAF][http-nio-8383-exec-1][EXPRESSION_CACHE][CACHE_HIT] Cache hit in cache "EXPRESSION_CACHE" for key "expr|${item.venda.comNotaFiscal}".
2026-07-01T16:51:15.989-03:00 TRACE 20444 --- [estoque] [http-nio-8383-exec-1] o.t.s.expression.VariableExpression      : [THYMELEAF][http-nio-8383-exec-1] Evaluating variable expression: "${item.venda.comNotaFiscal}"
2026-07-01T16:51:15.989-03:00 TRACE 20444 --- [estoque] [http-nio-8383-exec-1] o.t.s.e.SPELVariableExpressionEvaluator  : [THYMELEAF][http-nio-8383-exec-1] SpringEL expression: evaluating expression "item.venda.comNotaFiscal" on target
2026-07-01T16:51:15.990-03:00 TRACE 20444 --- [estoque] [http-nio-8383-exec-1] o.t.T.cache.EXPRESSION_CACHE             : [THYMELEAF][http-nio-8383-exec-1][EXPRESSION_CACHE][CACHE_HIT] Cache hit in cache "EXPRESSION_CACHE" for key "expr|${item.venda.comNotaFiscal}".
2026-07-01T16:51:15.990-03:00 TRACE 20444 --- [estoque] [http-nio-8383-exec-1] o.t.s.expression.VariableExpression      : [THYMELEAF][http-nio-8383-exec-1] Evaluating variable expression: "${item.venda.comNotaFiscal}"
2026-07-01T16:51:15.990-03:00 TRACE 20444 --- [estoque] [http-nio-8383-exec-1] o.t.s.e.SPELVariableExpressionEvaluator  : [THYMELEAF][http-nio-8383-exec-1] SpringEL expression: evaluating expression "item.venda.comNotaFiscal" on target
2026-07-01T16:51:15.991-03:00 TRACE 20444 --- [estoque] [http-nio-8383-exec-1] o.t.standard.expression.LinkExpression   : [THYMELEAF][http-nio-8383-exec-1] Evaluating link: "@{'/vendas/editar/{id}'(id=${item.venda.id})}"
2026-07-01T16:51:15.991-03:00 TRACE 20444 --- [estoque] [http-nio-8383-exec-1] o.t.s.expression.TextLiteralExpression   : [THYMELEAF][http-nio-8383-exec-1] Evaluating text literal: "'/vendas/editar/{id}'"
2026-07-01T16:51:15.992-03:00 TRACE 20444 --- [estoque] [http-nio-8383-exec-1] o.t.s.expression.GenericTokenExpression  : [THYMELEAF][http-nio-8383-exec-1] Evaluating generic token: "id"
2026-07-01T16:51:15.992-03:00 TRACE 20444 --- [estoque] [http-nio-8383-exec-1] o.t.s.expression.VariableExpression      : [THYMELEAF][http-nio-8383-exec-1] Evaluating variable expression: "${item.venda.id}"
2026-07-01T16:51:15.992-03:00 TRACE 20444 --- [estoque] [http-nio-8383-exec-1] o.t.s.e.SPELVariableExpressionEvaluator  : [THYMELEAF][http-nio-8383-exec-1] SpringEL expression: evaluating expression "item.venda.id" on target
2026-07-01T16:51:15.992-03:00 TRACE 20444 --- [estoque] [http-nio-8383-exec-1] o.t.standard.expression.LinkExpression   : [THYMELEAF][http-nio-8383-exec-1] Evaluating link: "@{'/vendas/excluir/{id}'(id=${item.venda.id})}"
2026-07-01T16:51:15.992-03:00 TRACE 20444 --- [estoque] [http-nio-8383-exec-1] o.t.s.expression.TextLiteralExpression   : [THYMELEAF][http-nio-8383-exec-1] Evaluating text literal: "'/vendas/excluir/{id}'"
2026-07-01T16:51:15.992-03:00 TRACE 20444 --- [estoque] [http-nio-8383-exec-1] o.t.s.expression.GenericTokenExpression  : [THYMELEAF][http-nio-8383-exec-1] Evaluating generic token: "id"
2026-07-01T16:51:15.992-03:00 TRACE 20444 --- [estoque] [http-nio-8383-exec-1] o.t.s.expression.VariableExpression      : [THYMELEAF][http-nio-8383-exec-1] Evaluating variable expression: "${item.venda.id}"
2026-07-01T16:51:15.993-03:00 TRACE 20444 --- [estoque] [http-nio-8383-exec-1] o.t.s.e.SPELVariableExpressionEvaluator  : [THYMELEAF][http-nio-8383-exec-1] SpringEL expression: evaluating expression "item.venda.id" on target
2026-07-01T16:51:15.993-03:00 TRACE 20444 --- [estoque] [http-nio-8383-exec-1] o.t.s.expression.VariableExpression      : [THYMELEAF][http-nio-8383-exec-1] Evaluating variable expression: "${item.venda.id}"
2026-07-01T16:51:15.993-03:00 TRACE 20444 --- [estoque] [http-nio-8383-exec-1] o.t.s.e.SPELVariableExpressionEvaluator  : [THYMELEAF][http-nio-8383-exec-1] SpringEL expression: evaluating expression "item.venda.id" on target
2026-07-01T16:51:15.994-03:00 TRACE 20444 --- [estoque] [http-nio-8383-exec-1] o.t.s.expression.VariableExpression      : [THYMELEAF][http-nio-8383-exec-1] Evaluating variable expression: "${item.produto.nome}"
2026-07-01T16:51:15.994-03:00 TRACE 20444 --- [estoque] [http-nio-8383-exec-1] o.t.s.e.SPELVariableExpressionEvaluator  : [THYMELEAF][http-nio-8383-exec-1] SpringEL expression: evaluating expression "item.produto.nome" on target
2026-07-01T16:51:15.994-03:00 TRACE 20444 --- [estoque] [http-nio-8383-exec-1] o.t.s.expression.VariableExpression      : [THYMELEAF][http-nio-8383-exec-1] Evaluating variable expression: "${item.quantidade}"
2026-07-01T16:51:15.995-03:00 TRACE 20444 --- [estoque] [http-nio-8383-exec-1] o.t.s.e.SPELVariableExpressionEvaluator  : [THYMELEAF][http-nio-8383-exec-1] SpringEL expression: evaluating expression "item.quantidade" on target
2026-07-01T16:51:15.995-03:00 TRACE 20444 --- [estoque] [http-nio-8383-exec-1] o.t.s.expression.VariableExpression      : [THYMELEAF][http-nio-8383-exec-1] Evaluating variable expression: "${#numbers.formatCurrency(item.valorPorCaixa)}"
2026-07-01T16:51:15.995-03:00 TRACE 20444 --- [estoque] [http-nio-8383-exec-1] o.t.s.e.SPELVariableExpressionEvaluator  : [THYMELEAF][http-nio-8383-exec-1] SpringEL expression: evaluating expression "#numbers.formatCurrency(item.valorPorCaixa)" on target
2026-07-01T16:51:15.995-03:00 TRACE 20444 --- [estoque] [http-nio-8383-exec-1] o.t.s.expression.VariableExpression      : [THYMELEAF][http-nio-8383-exec-1] Evaluating variable expression: "${#numbers.formatCurrency(item.subtotal)}"
2026-07-01T16:51:15.996-03:00 TRACE 20444 --- [estoque] [http-nio-8383-exec-1] o.t.s.e.SPELVariableExpressionEvaluator  : [THYMELEAF][http-nio-8383-exec-1] SpringEL expression: evaluating expression "#numbers.formatCurrency(item.subtotal)" on target
2026-07-01T16:51:15.996-03:00 TRACE 20444 --- [estoque] [http-nio-8383-exec-1] o.t.s.expression.VariableExpression      : [THYMELEAF][http-nio-8383-exec-1] Evaluating variable expression: "${item.venda.clienteNome}"
2026-07-01T16:51:15.996-03:00 TRACE 20444 --- [estoque] [http-nio-8383-exec-1] o.t.s.e.SPELVariableExpressionEvaluator  : [THYMELEAF][http-nio-8383-exec-1] SpringEL expression: evaluating expression "item.venda.clienteNome" on target
2026-07-01T16:51:15.997-03:00 TRACE 20444 --- [estoque] [http-nio-8383-exec-1] o.t.s.expression.VariableExpression      : [THYMELEAF][http-nio-8383-exec-1] Evaluating variable expression: "${item.venda.clienteEstado}"
2026-07-01T16:51:15.997-03:00 TRACE 20444 --- [estoque] [http-nio-8383-exec-1] o.t.s.e.SPELVariableExpressionEvaluator  : [THYMELEAF][http-nio-8383-exec-1] SpringEL expression: evaluating expression "item.venda.clienteEstado" on target
2026-07-01T16:51:15.997-03:00 TRACE 20444 --- [estoque] [http-nio-8383-exec-1] o.t.s.expression.VariableExpression      : [THYMELEAF][http-nio-8383-exec-1] Evaluating variable expression: "${#temporals.format(item.venda.dataSaida, 'dd/MM/yyyy')}"
2026-07-01T16:51:15.997-03:00 TRACE 20444 --- [estoque] [http-nio-8383-exec-1] o.t.s.e.SPELVariableExpressionEvaluator  : [THYMELEAF][http-nio-8383-exec-1] SpringEL expression: evaluating expression "#temporals.format(item.venda.dataSaida, 'dd/MM/yyyy')" on target
2026-07-01T16:51:15.997-03:00 TRACE 20444 --- [estoque] [http-nio-8383-exec-1] o.t.T.cache.EXPRESSION_CACHE             : [THYMELEAF][http-nio-8383-exec-1][EXPRESSION_CACHE][CACHE_HIT] Cache hit in cache "EXPRESSION_CACHE" for key "expr|${item.tipoMovimentacao == 'V'}".
2026-07-01T16:51:15.997-03:00 TRACE 20444 --- [estoque] [http-nio-8383-exec-1] o.t.s.expression.VariableExpression      : [THYMELEAF][http-nio-8383-exec-1] Evaluating variable expression: "${item.tipoMovimentacao == 'V'}"
2026-07-01T16:51:15.998-03:00 TRACE 20444 --- [estoque] [http-nio-8383-exec-1] o.t.s.e.SPELVariableExpressionEvaluator  : [THYMELEAF][http-nio-8383-exec-1] SpringEL expression: evaluating expression "item.tipoMovimentacao == 'V'" on target
2026-07-01T16:51:15.998-03:00 TRACE 20444 --- [estoque] [http-nio-8383-exec-1] o.t.T.cache.EXPRESSION_CACHE             : [THYMELEAF][http-nio-8383-exec-1][EXPRESSION_CACHE][CACHE_HIT] Cache hit in cache "EXPRESSION_CACHE" for key "expr|${item.tipoMovimentacao == 'T'}".
2026-07-01T16:51:15.998-03:00 TRACE 20444 --- [estoque] [http-nio-8383-exec-1] o.t.s.expression.VariableExpression      : [THYMELEAF][http-nio-8383-exec-1] Evaluating variable expression: "${item.tipoMovimentacao == 'T'}"
2026-07-01T16:51:15.998-03:00 TRACE 20444 --- [estoque] [http-nio-8383-exec-1] o.t.s.e.SPELVariableExpressionEvaluator  : [THYMELEAF][http-nio-8383-exec-1] SpringEL expression: evaluating expression "item.tipoMovimentacao == 'T'" on target
2026-07-01T16:51:15.998-03:00 TRACE 20444 --- [estoque] [http-nio-8383-exec-1] o.t.T.cache.EXPRESSION_CACHE             : [THYMELEAF][http-nio-8383-exec-1][EXPRESSION_CACHE][CACHE_HIT] Cache hit in cache "EXPRESSION_CACHE" for key "expr|${item.venda.comNotaFiscal}".
2026-07-01T16:51:15.999-03:00 TRACE 20444 --- [estoque] [http-nio-8383-exec-1] o.t.s.expression.VariableExpression      : [THYMELEAF][http-nio-8383-exec-1] Evaluating variable expression: "${item.venda.comNotaFiscal}"
2026-07-01T16:51:15.999-03:00 TRACE 20444 --- [estoque] [http-nio-8383-exec-1] o.t.s.e.SPELVariableExpressionEvaluator  : [THYMELEAF][http-nio-8383-exec-1] SpringEL expression: evaluating expression "item.venda.comNotaFiscal" on target
2026-07-01T16:51:16.000-03:00 TRACE 20444 --- [estoque] [http-nio-8383-exec-1] o.t.T.cache.EXPRESSION_CACHE             : [THYMELEAF][http-nio-8383-exec-1][EXPRESSION_CACHE][CACHE_HIT] Cache hit in cache "EXPRESSION_CACHE" for key "expr|${item.venda.comNotaFiscal}".
2026-07-01T16:51:16.003-03:00 TRACE 20444 --- [estoque] [http-nio-8383-exec-1] o.t.s.expression.VariableExpression      : [THYMELEAF][http-nio-8383-exec-1] Evaluating variable expression: "${item.venda.comNotaFiscal}"
2026-07-01T16:51:16.003-03:00 TRACE 20444 --- [estoque] [http-nio-8383-exec-1] o.t.s.e.SPELVariableExpressionEvaluator  : [THYMELEAF][http-nio-8383-exec-1] SpringEL expression: evaluating expression "item.venda.comNotaFiscal" on target
2026-07-01T16:51:16.004-03:00 TRACE 20444 --- [estoque] [http-nio-8383-exec-1] o.t.standard.expression.LinkExpression   : [THYMELEAF][http-nio-8383-exec-1] Evaluating link: "@{'/vendas/editar/{id}'(id=${item.venda.id})}"
2026-07-01T16:51:16.004-03:00 TRACE 20444 --- [estoque] [http-nio-8383-exec-1] o.t.s.expression.TextLiteralExpression   : [THYMELEAF][http-nio-8383-exec-1] Evaluating text literal: "'/vendas/editar/{id}'"
2026-07-01T16:51:16.004-03:00 TRACE 20444 --- [estoque] [http-nio-8383-exec-1] o.t.s.expression.GenericTokenExpression  : [THYMELEAF][http-nio-8383-exec-1] Evaluating generic token: "id"
2026-07-01T16:51:16.005-03:00 TRACE 20444 --- [estoque] [http-nio-8383-exec-1] o.t.s.expression.VariableExpression      : [THYMELEAF][http-nio-8383-exec-1] Evaluating variable expression: "${item.venda.id}"
2026-07-01T16:51:16.005-03:00 TRACE 20444 --- [estoque] [http-nio-8383-exec-1] o.t.s.e.SPELVariableExpressionEvaluator  : [THYMELEAF][http-nio-8383-exec-1] SpringEL expression: evaluating expression "item.venda.id" on target
2026-07-01T16:51:16.005-03:00 TRACE 20444 --- [estoque] [http-nio-8383-exec-1] o.t.standard.expression.LinkExpression   : [THYMELEAF][http-nio-8383-exec-1] Evaluating link: "@{'/vendas/excluir/{id}'(id=${item.venda.id})}"
2026-07-01T16:51:16.006-03:00 TRACE 20444 --- [estoque] [http-nio-8383-exec-1] o.t.s.expression.TextLiteralExpression   : [THYMELEAF][http-nio-8383-exec-1] Evaluating text literal: "'/vendas/excluir/{id}'"
2026-07-01T16:51:16.006-03:00 TRACE 20444 --- [estoque] [http-nio-8383-exec-1] o.t.s.expression.GenericTokenExpression  : [THYMELEAF][http-nio-8383-exec-1] Evaluating generic token: "id"
2026-07-01T16:51:16.006-03:00 TRACE 20444 --- [estoque] [http-nio-8383-exec-1] o.t.s.expression.VariableExpression      : [THYMELEAF][http-nio-8383-exec-1] Evaluating variable expression: "${item.venda.id}"
2026-07-01T16:51:16.006-03:00 TRACE 20444 --- [estoque] [http-nio-8383-exec-1] o.t.s.e.SPELVariableExpressionEvaluator  : [THYMELEAF][http-nio-8383-exec-1] SpringEL expression: evaluating expression "item.venda.id" on target
2026-07-01T16:51:16.006-03:00 TRACE 20444 --- [estoque] [http-nio-8383-exec-1] o.t.s.expression.VariableExpression      : [THYMELEAF][http-nio-8383-exec-1] Evaluating variable expression: "${item.venda.id}"
2026-07-01T16:51:16.006-03:00 TRACE 20444 --- [estoque] [http-nio-8383-exec-1] o.t.s.e.SPELVariableExpressionEvaluator  : [THYMELEAF][http-nio-8383-exec-1] SpringEL expression: evaluating expression "item.venda.id" on target
2026-07-01T16:51:16.007-03:00 TRACE 20444 --- [estoque] [http-nio-8383-exec-1] o.t.s.expression.VariableExpression      : [THYMELEAF][http-nio-8383-exec-1] Evaluating variable expression: "${item.produto.nome}"
2026-07-01T16:51:16.007-03:00 TRACE 20444 --- [estoque] [http-nio-8383-exec-1] o.t.s.e.SPELVariableExpressionEvaluator  : [THYMELEAF][http-nio-8383-exec-1] SpringEL expression: evaluating expression "item.produto.nome" on target
2026-07-01T16:51:16.007-03:00 TRACE 20444 --- [estoque] [http-nio-8383-exec-1] o.t.s.expression.VariableExpression      : [THYMELEAF][http-nio-8383-exec-1] Evaluating variable expression: "${item.quantidade}"
2026-07-01T16:51:16.007-03:00 TRACE 20444 --- [estoque] [http-nio-8383-exec-1] o.t.s.e.SPELVariableExpressionEvaluator  : [THYMELEAF][http-nio-8383-exec-1] SpringEL expression: evaluating expression "item.quantidade" on target
2026-07-01T16:51:16.008-03:00 TRACE 20444 --- [estoque] [http-nio-8383-exec-1] o.t.s.expression.VariableExpression      : [THYMELEAF][http-nio-8383-exec-1] Evaluating variable expression: "${#numbers.formatCurrency(item.valorPorCaixa)}"
2026-07-01T16:51:16.008-03:00 TRACE 20444 --- [estoque] [http-nio-8383-exec-1] o.t.s.e.SPELVariableExpressionEvaluator  : [THYMELEAF][http-nio-8383-exec-1] SpringEL expression: evaluating expression "#numbers.formatCurrency(item.valorPorCaixa)" on target
2026-07-01T16:51:16.008-03:00 TRACE 20444 --- [estoque] [http-nio-8383-exec-1] o.t.s.expression.VariableExpression      : [THYMELEAF][http-nio-8383-exec-1] Evaluating variable expression: "${#numbers.formatCurrency(item.subtotal)}"
2026-07-01T16:51:16.008-03:00 TRACE 20444 --- [estoque] [http-nio-8383-exec-1] o.t.s.e.SPELVariableExpressionEvaluator  : [THYMELEAF][http-nio-8383-exec-1] SpringEL expression: evaluating expression "#numbers.formatCurrency(item.subtotal)" on target
2026-07-01T16:51:16.009-03:00 TRACE 20444 --- [estoque] [http-nio-8383-exec-1] o.t.s.expression.VariableExpression      : [THYMELEAF][http-nio-8383-exec-1] Evaluating variable expression: "${item.venda.clienteNome}"
2026-07-01T16:51:16.009-03:00 TRACE 20444 --- [estoque] [http-nio-8383-exec-1] o.t.s.e.SPELVariableExpressionEvaluator  : [THYMELEAF][http-nio-8383-exec-1] SpringEL expression: evaluating expression "item.venda.clienteNome" on target
2026-07-01T16:51:16.009-03:00 TRACE 20444 --- [estoque] [http-nio-8383-exec-1] o.t.s.expression.VariableExpression      : [THYMELEAF][http-nio-8383-exec-1] Evaluating variable expression: "${item.venda.clienteEstado}"
2026-07-01T16:51:16.009-03:00 TRACE 20444 --- [estoque] [http-nio-8383-exec-1] o.t.s.e.SPELVariableExpressionEvaluator  : [THYMELEAF][http-nio-8383-exec-1] SpringEL expression: evaluating expression "item.venda.clienteEstado" on target
2026-07-01T16:51:16.010-03:00 TRACE 20444 --- [estoque] [http-nio-8383-exec-1] o.t.s.expression.VariableExpression      : [THYMELEAF][http-nio-8383-exec-1] Evaluating variable expression: "${#temporals.format(item.venda.dataSaida, 'dd/MM/yyyy')}"
2026-07-01T16:51:16.010-03:00 TRACE 20444 --- [estoque] [http-nio-8383-exec-1] o.t.s.e.SPELVariableExpressionEvaluator  : [THYMELEAF][http-nio-8383-exec-1] SpringEL expression: evaluating expression "#temporals.format(item.venda.dataSaida, 'dd/MM/yyyy')" on target
2026-07-01T16:51:16.010-03:00 TRACE 20444 --- [estoque] [http-nio-8383-exec-1] o.t.T.cache.EXPRESSION_CACHE             : [THYMELEAF][http-nio-8383-exec-1][EXPRESSION_CACHE][CACHE_HIT] Cache hit in cache "EXPRESSION_CACHE" for key "expr|${item.tipoMovimentacao == 'V'}".
2026-07-01T16:51:16.010-03:00 TRACE 20444 --- [estoque] [http-nio-8383-exec-1] o.t.s.expression.VariableExpression      : [THYMELEAF][http-nio-8383-exec-1] Evaluating variable expression: "${item.tipoMovimentacao == 'V'}"
2026-07-01T16:51:16.011-03:00 TRACE 20444 --- [estoque] [http-nio-8383-exec-1] o.t.s.e.SPELVariableExpressionEvaluator  : [THYMELEAF][http-nio-8383-exec-1] SpringEL expression: evaluating expression "item.tipoMovimentacao == 'V'" on target
2026-07-01T16:51:16.011-03:00 TRACE 20444 --- [estoque] [http-nio-8383-exec-1] o.t.T.cache.EXPRESSION_CACHE             : [THYMELEAF][http-nio-8383-exec-1][EXPRESSION_CACHE][CACHE_HIT] Cache hit in cache "EXPRESSION_CACHE" for key "expr|${item.tipoMovimentacao == 'T'}".
2026-07-01T16:51:16.011-03:00 TRACE 20444 --- [estoque] [http-nio-8383-exec-1] o.t.s.expression.VariableExpression      : [THYMELEAF][http-nio-8383-exec-1] Evaluating variable expression: "${item.tipoMovimentacao == 'T'}"
2026-07-01T16:51:16.011-03:00 TRACE 20444 --- [estoque] [http-nio-8383-exec-1] o.t.s.e.SPELVariableExpressionEvaluator  : [THYMELEAF][http-nio-8383-exec-1] SpringEL expression: evaluating expression "item.tipoMovimentacao == 'T'" on target
2026-07-01T16:51:16.011-03:00 TRACE 20444 --- [estoque] [http-nio-8383-exec-1] o.t.T.cache.EXPRESSION_CACHE             : [THYMELEAF][http-nio-8383-exec-1][EXPRESSION_CACHE][CACHE_HIT] Cache hit in cache "EXPRESSION_CACHE" for key "expr|${item.venda.comNotaFiscal}".
2026-07-01T16:51:16.011-03:00 TRACE 20444 --- [estoque] [http-nio-8383-exec-1] o.t.s.expression.VariableExpression      : [THYMELEAF][http-nio-8383-exec-1] Evaluating variable expression: "${item.venda.comNotaFiscal}"
2026-07-01T16:51:16.012-03:00 TRACE 20444 --- [estoque] [http-nio-8383-exec-1] o.t.s.e.SPELVariableExpressionEvaluator  : [THYMELEAF][http-nio-8383-exec-1] SpringEL expression: evaluating expression "item.venda.comNotaFiscal" on target
2026-07-01T16:51:16.012-03:00 TRACE 20444 --- [estoque] [http-nio-8383-exec-1] o.t.T.cache.EXPRESSION_CACHE             : [THYMELEAF][http-nio-8383-exec-1][EXPRESSION_CACHE][CACHE_HIT] Cache hit in cache "EXPRESSION_CACHE" for key "expr|${item.venda.comNotaFiscal}".
2026-07-01T16:51:16.012-03:00 TRACE 20444 --- [estoque] [http-nio-8383-exec-1] o.t.s.expression.VariableExpression      : [THYMELEAF][http-nio-8383-exec-1] Evaluating variable expression: "${item.venda.comNotaFiscal}"
2026-07-01T16:51:16.012-03:00 TRACE 20444 --- [estoque] [http-nio-8383-exec-1] o.t.s.e.SPELVariableExpressionEvaluator  : [THYMELEAF][http-nio-8383-exec-1] SpringEL expression: evaluating expression "item.venda.comNotaFiscal" on target
2026-07-01T16:51:16.013-03:00 TRACE 20444 --- [estoque] [http-nio-8383-exec-1] o.t.standard.expression.LinkExpression   : [THYMELEAF][http-nio-8383-exec-1] Evaluating link: "@{'/vendas/editar/{id}'(id=${item.venda.id})}"
2026-07-01T16:51:16.013-03:00 TRACE 20444 --- [estoque] [http-nio-8383-exec-1] o.t.s.expression.TextLiteralExpression   : [THYMELEAF][http-nio-8383-exec-1] Evaluating text literal: "'/vendas/editar/{id}'"
2026-07-01T16:51:16.013-03:00 TRACE 20444 --- [estoque] [http-nio-8383-exec-1] o.t.s.expression.GenericTokenExpression  : [THYMELEAF][http-nio-8383-exec-1] Evaluating generic token: "id"
2026-07-01T16:51:16.013-03:00 TRACE 20444 --- [estoque] [http-nio-8383-exec-1] o.t.s.expression.VariableExpression      : [THYMELEAF][http-nio-8383-exec-1] Evaluating variable expression: "${item.venda.id}"
2026-07-01T16:51:16.013-03:00 TRACE 20444 --- [estoque] [http-nio-8383-exec-1] o.t.s.e.SPELVariableExpressionEvaluator  : [THYMELEAF][http-nio-8383-exec-1] SpringEL expression: evaluating expression "item.venda.id" on target
2026-07-01T16:51:16.014-03:00 TRACE 20444 --- [estoque] [http-nio-8383-exec-1] o.t.standard.expression.LinkExpression   : [THYMELEAF][http-nio-8383-exec-1] Evaluating link: "@{'/vendas/excluir/{id}'(id=${item.venda.id})}"
2026-07-01T16:51:16.014-03:00 TRACE 20444 --- [estoque] [http-nio-8383-exec-1] o.t.s.expression.TextLiteralExpression   : [THYMELEAF][http-nio-8383-exec-1] Evaluating text literal: "'/vendas/excluir/{id}'"
2026-07-01T16:51:16.014-03:00 TRACE 20444 --- [estoque] [http-nio-8383-exec-1] o.t.s.expression.GenericTokenExpression  : [THYMELEAF][http-nio-8383-exec-1] Evaluating generic token: "id"
2026-07-01T16:51:16.014-03:00 TRACE 20444 --- [estoque] [http-nio-8383-exec-1] o.t.s.expression.VariableExpression      : [THYMELEAF][http-nio-8383-exec-1] Evaluating variable expression: "${item.venda.id}"
2026-07-01T16:51:16.014-03:00 TRACE 20444 --- [estoque] [http-nio-8383-exec-1] o.t.s.e.SPELVariableExpressionEvaluator  : [THYMELEAF][http-nio-8383-exec-1] SpringEL expression: evaluating expression "item.venda.id" on target
2026-07-01T16:51:16.015-03:00 TRACE 20444 --- [estoque] [http-nio-8383-exec-1] o.t.s.expression.VariableExpression      : [THYMELEAF][http-nio-8383-exec-1] Evaluating variable expression: "${item.venda.id}"
2026-07-01T16:51:16.015-03:00 TRACE 20444 --- [estoque] [http-nio-8383-exec-1] o.t.s.e.SPELVariableExpressionEvaluator  : [THYMELEAF][http-nio-8383-exec-1] SpringEL expression: evaluating expression "item.venda.id" on target
2026-07-01T16:51:16.016-03:00 TRACE 20444 --- [estoque] [http-nio-8383-exec-1] o.t.s.expression.VariableExpression      : [THYMELEAF][http-nio-8383-exec-1] Evaluating variable expression: "${item.produto.nome}"
2026-07-01T16:51:16.018-03:00 TRACE 20444 --- [estoque] [http-nio-8383-exec-1] o.t.s.e.SPELVariableExpressionEvaluator  : [THYMELEAF][http-nio-8383-exec-1] SpringEL expression: evaluating expression "item.produto.nome" on target
2026-07-01T16:51:16.020-03:00 TRACE 20444 --- [estoque] [http-nio-8383-exec-1] o.t.s.expression.VariableExpression      : [THYMELEAF][http-nio-8383-exec-1] Evaluating variable expression: "${item.quantidade}"
2026-07-01T16:51:16.020-03:00 TRACE 20444 --- [estoque] [http-nio-8383-exec-1] o.t.s.e.SPELVariableExpressionEvaluator  : [THYMELEAF][http-nio-8383-exec-1] SpringEL expression: evaluating expression "item.quantidade" on target
2026-07-01T16:51:16.020-03:00 TRACE 20444 --- [estoque] [http-nio-8383-exec-1] o.t.s.expression.VariableExpression      : [THYMELEAF][http-nio-8383-exec-1] Evaluating variable expression: "${#numbers.formatCurrency(item.valorPorCaixa)}"
2026-07-01T16:51:16.021-03:00 TRACE 20444 --- [estoque] [http-nio-8383-exec-1] o.t.s.e.SPELVariableExpressionEvaluator  : [THYMELEAF][http-nio-8383-exec-1] SpringEL expression: evaluating expression "#numbers.formatCurrency(item.valorPorCaixa)" on target
2026-07-01T16:51:16.022-03:00 TRACE 20444 --- [estoque] [http-nio-8383-exec-1] o.t.s.expression.VariableExpression      : [THYMELEAF][http-nio-8383-exec-1] Evaluating variable expression: "${#numbers.formatCurrency(item.subtotal)}"
2026-07-01T16:51:16.022-03:00 TRACE 20444 --- [estoque] [http-nio-8383-exec-1] o.t.s.e.SPELVariableExpressionEvaluator  : [THYMELEAF][http-nio-8383-exec-1] SpringEL expression: evaluating expression "#numbers.formatCurrency(item.subtotal)" on target
2026-07-01T16:51:16.023-03:00 TRACE 20444 --- [estoque] [http-nio-8383-exec-1] o.t.s.expression.VariableExpression      : [THYMELEAF][http-nio-8383-exec-1] Evaluating variable expression: "${item.venda.clienteNome}"
2026-07-01T16:51:16.023-03:00 TRACE 20444 --- [estoque] [http-nio-8383-exec-1] o.t.s.e.SPELVariableExpressionEvaluator  : [THYMELEAF][http-nio-8383-exec-1] SpringEL expression: evaluating expression "item.venda.clienteNome" on target
2026-07-01T16:51:16.023-03:00 TRACE 20444 --- [estoque] [http-nio-8383-exec-1] o.t.s.expression.VariableExpression      : [THYMELEAF][http-nio-8383-exec-1] Evaluating variable expression: "${item.venda.clienteEstado}"
2026-07-01T16:51:16.023-03:00 TRACE 20444 --- [estoque] [http-nio-8383-exec-1] o.t.s.e.SPELVariableExpressionEvaluator  : [THYMELEAF][http-nio-8383-exec-1] SpringEL expression: evaluating expression "item.venda.clienteEstado" on target
2026-07-01T16:51:16.024-03:00 TRACE 20444 --- [estoque] [http-nio-8383-exec-1] o.t.s.expression.VariableExpression      : [THYMELEAF][http-nio-8383-exec-1] Evaluating variable expression: "${#temporals.format(item.venda.dataSaida, 'dd/MM/yyyy')}"
2026-07-01T16:51:16.024-03:00 TRACE 20444 --- [estoque] [http-nio-8383-exec-1] o.t.s.e.SPELVariableExpressionEvaluator  : [THYMELEAF][http-nio-8383-exec-1] SpringEL expression: evaluating expression "#temporals.format(item.venda.dataSaida, 'dd/MM/yyyy')" on target
2026-07-01T16:51:16.024-03:00 TRACE 20444 --- [estoque] [http-nio-8383-exec-1] o.t.T.cache.EXPRESSION_CACHE             : [THYMELEAF][http-nio-8383-exec-1][EXPRESSION_CACHE][CACHE_HIT] Cache hit in cache "EXPRESSION_CACHE" for key "expr|${item.tipoMovimentacao == 'V'}".
2026-07-01T16:51:16.025-03:00 TRACE 20444 --- [estoque] [http-nio-8383-exec-1] o.t.s.expression.VariableExpression      : [THYMELEAF][http-nio-8383-exec-1] Evaluating variable expression: "${item.tipoMovimentacao == 'V'}"
2026-07-01T16:51:16.025-03:00 TRACE 20444 --- [estoque] [http-nio-8383-exec-1] o.t.s.e.SPELVariableExpressionEvaluator  : [THYMELEAF][http-nio-8383-exec-1] SpringEL expression: evaluating expression "item.tipoMovimentacao == 'V'" on target
2026-07-01T16:51:16.025-03:00 TRACE 20444 --- [estoque] [http-nio-8383-exec-1] o.t.T.cache.EXPRESSION_CACHE             : [THYMELEAF][http-nio-8383-exec-1][EXPRESSION_CACHE][CACHE_HIT] Cache hit in cache "EXPRESSION_CACHE" for key "expr|${item.tipoMovimentacao == 'T'}".
2026-07-01T16:51:16.025-03:00 TRACE 20444 --- [estoque] [http-nio-8383-exec-1] o.t.s.expression.VariableExpression      : [THYMELEAF][http-nio-8383-exec-1] Evaluating variable expression: "${item.tipoMovimentacao == 'T'}"
2026-07-01T16:51:16.026-03:00 TRACE 20444 --- [estoque] [http-nio-8383-exec-1] o.t.s.e.SPELVariableExpressionEvaluator  : [THYMELEAF][http-nio-8383-exec-1] SpringEL expression: evaluating expression "item.tipoMovimentacao == 'T'" on target
2026-07-01T16:51:16.026-03:00 TRACE 20444 --- [estoque] [http-nio-8383-exec-1] o.t.T.cache.EXPRESSION_CACHE             : [THYMELEAF][http-nio-8383-exec-1][EXPRESSION_CACHE][CACHE_HIT] Cache hit in cache "EXPRESSION_CACHE" for key "expr|${item.venda.comNotaFiscal}".
2026-07-01T16:51:16.026-03:00 TRACE 20444 --- [estoque] [http-nio-8383-exec-1] o.t.s.expression.VariableExpression      : [THYMELEAF][http-nio-8383-exec-1] Evaluating variable expression: "${item.venda.comNotaFiscal}"
2026-07-01T16:51:16.026-03:00 TRACE 20444 --- [estoque] [http-nio-8383-exec-1] o.t.s.e.SPELVariableExpressionEvaluator  : [THYMELEAF][http-nio-8383-exec-1] SpringEL expression: evaluating expression "item.venda.comNotaFiscal" on target
2026-07-01T16:51:16.026-03:00 TRACE 20444 --- [estoque] [http-nio-8383-exec-1] o.t.T.cache.EXPRESSION_CACHE             : [THYMELEAF][http-nio-8383-exec-1][EXPRESSION_CACHE][CACHE_HIT] Cache hit in cache "EXPRESSION_CACHE" for key "expr|${item.venda.comNotaFiscal}".
2026-07-01T16:51:16.027-03:00 TRACE 20444 --- [estoque] [http-nio-8383-exec-1] o.t.s.expression.VariableExpression      : [THYMELEAF][http-nio-8383-exec-1] Evaluating variable expression: "${item.venda.comNotaFiscal}"
2026-07-01T16:51:16.028-03:00 TRACE 20444 --- [estoque] [http-nio-8383-exec-1] o.t.s.e.SPELVariableExpressionEvaluator  : [THYMELEAF][http-nio-8383-exec-1] SpringEL expression: evaluating expression "item.venda.comNotaFiscal" on target
2026-07-01T16:51:16.028-03:00 TRACE 20444 --- [estoque] [http-nio-8383-exec-1] o.t.standard.expression.LinkExpression   : [THYMELEAF][http-nio-8383-exec-1] Evaluating link: "@{'/vendas/editar/{id}'(id=${item.venda.id})}"
2026-07-01T16:51:16.028-03:00 TRACE 20444 --- [estoque] [http-nio-8383-exec-1] o.t.s.expression.TextLiteralExpression   : [THYMELEAF][http-nio-8383-exec-1] Evaluating text literal: "'/vendas/editar/{id}'"
2026-07-01T16:51:16.028-03:00 TRACE 20444 --- [estoque] [http-nio-8383-exec-1] o.t.s.expression.GenericTokenExpression  : [THYMELEAF][http-nio-8383-exec-1] Evaluating generic token: "id"
2026-07-01T16:51:16.028-03:00 TRACE 20444 --- [estoque] [http-nio-8383-exec-1] o.t.s.expression.VariableExpression      : [THYMELEAF][http-nio-8383-exec-1] Evaluating variable expression: "${item.venda.id}"
2026-07-01T16:51:16.028-03:00 TRACE 20444 --- [estoque] [http-nio-8383-exec-1] o.t.s.e.SPELVariableExpressionEvaluator  : [THYMELEAF][http-nio-8383-exec-1] SpringEL expression: evaluating expression "item.venda.id" on target
2026-07-01T16:51:16.029-03:00 TRACE 20444 --- [estoque] [http-nio-8383-exec-1] o.t.standard.expression.LinkExpression   : [THYMELEAF][http-nio-8383-exec-1] Evaluating link: "@{'/vendas/excluir/{id}'(id=${item.venda.id})}"
2026-07-01T16:51:16.029-03:00 TRACE 20444 --- [estoque] [http-nio-8383-exec-1] o.t.s.expression.TextLiteralExpression   : [THYMELEAF][http-nio-8383-exec-1] Evaluating text literal: "'/vendas/excluir/{id}'"
2026-07-01T16:51:16.029-03:00 TRACE 20444 --- [estoque] [http-nio-8383-exec-1] o.t.s.expression.GenericTokenExpression  : [THYMELEAF][http-nio-8383-exec-1] Evaluating generic token: "id"
2026-07-01T16:51:16.029-03:00 TRACE 20444 --- [estoque] [http-nio-8383-exec-1] o.t.s.expression.VariableExpression      : [THYMELEAF][http-nio-8383-exec-1] Evaluating variable expression: "${item.venda.id}"
2026-07-01T16:51:16.029-03:00 TRACE 20444 --- [estoque] [http-nio-8383-exec-1] o.t.s.e.SPELVariableExpressionEvaluator  : [THYMELEAF][http-nio-8383-exec-1] SpringEL expression: evaluating expression "item.venda.id" on target
2026-07-01T16:51:16.029-03:00 TRACE 20444 --- [estoque] [http-nio-8383-exec-1] o.t.s.expression.VariableExpression      : [THYMELEAF][http-nio-8383-exec-1] Evaluating variable expression: "${item.venda.id}"
2026-07-01T16:51:16.030-03:00 TRACE 20444 --- [estoque] [http-nio-8383-exec-1] o.t.s.e.SPELVariableExpressionEvaluator  : [THYMELEAF][http-nio-8383-exec-1] SpringEL expression: evaluating expression "item.venda.id" on target
2026-07-01T16:51:16.030-03:00 TRACE 20444 --- [estoque] [http-nio-8383-exec-1] o.t.s.expression.VariableExpression      : [THYMELEAF][http-nio-8383-exec-1] Evaluating variable expression: "${item.produto.nome}"
2026-07-01T16:51:16.030-03:00 TRACE 20444 --- [estoque] [http-nio-8383-exec-1] o.t.s.e.SPELVariableExpressionEvaluator  : [THYMELEAF][http-nio-8383-exec-1] SpringEL expression: evaluating expression "item.produto.nome" on target
2026-07-01T16:51:16.031-03:00 TRACE 20444 --- [estoque] [http-nio-8383-exec-1] o.t.s.expression.VariableExpression      : [THYMELEAF][http-nio-8383-exec-1] Evaluating variable expression: "${item.quantidade}"
2026-07-01T16:51:16.031-03:00 TRACE 20444 --- [estoque] [http-nio-8383-exec-1] o.t.s.e.SPELVariableExpressionEvaluator  : [THYMELEAF][http-nio-8383-exec-1] SpringEL expression: evaluating expression "item.quantidade" on target
2026-07-01T16:51:16.031-03:00 TRACE 20444 --- [estoque] [http-nio-8383-exec-1] o.t.s.expression.VariableExpression      : [THYMELEAF][http-nio-8383-exec-1] Evaluating variable expression: "${#numbers.formatCurrency(item.valorPorCaixa)}"
2026-07-01T16:51:16.031-03:00 TRACE 20444 --- [estoque] [http-nio-8383-exec-1] o.t.s.e.SPELVariableExpressionEvaluator  : [THYMELEAF][http-nio-8383-exec-1] SpringEL expression: evaluating expression "#numbers.formatCurrency(item.valorPorCaixa)" on target
2026-07-01T16:51:16.031-03:00 TRACE 20444 --- [estoque] [http-nio-8383-exec-1] o.t.s.expression.VariableExpression      : [THYMELEAF][http-nio-8383-exec-1] Evaluating variable expression: "${#numbers.formatCurrency(item.subtotal)}"
2026-07-01T16:51:16.032-03:00 TRACE 20444 --- [estoque] [http-nio-8383-exec-1] o.t.s.e.SPELVariableExpressionEvaluator  : [THYMELEAF][http-nio-8383-exec-1] SpringEL expression: evaluating expression "#numbers.formatCurrency(item.subtotal)" on target
2026-07-01T16:51:16.033-03:00 TRACE 20444 --- [estoque] [http-nio-8383-exec-1] o.t.s.expression.VariableExpression      : [THYMELEAF][http-nio-8383-exec-1] Evaluating variable expression: "${item.venda.clienteNome}"
2026-07-01T16:51:16.034-03:00 TRACE 20444 --- [estoque] [http-nio-8383-exec-1] o.t.s.e.SPELVariableExpressionEvaluator  : [THYMELEAF][http-nio-8383-exec-1] SpringEL expression: evaluating expression "item.venda.clienteNome" on target
2026-07-01T16:51:16.039-03:00 TRACE 20444 --- [estoque] [http-nio-8383-exec-1] o.t.s.expression.VariableExpression      : [THYMELEAF][http-nio-8383-exec-1] Evaluating variable expression: "${item.venda.clienteEstado}"
2026-07-01T16:51:16.039-03:00 TRACE 20444 --- [estoque] [http-nio-8383-exec-1] o.t.s.e.SPELVariableExpressionEvaluator  : [THYMELEAF][http-nio-8383-exec-1] SpringEL expression: evaluating expression "item.venda.clienteEstado" on target
2026-07-01T16:51:16.039-03:00 TRACE 20444 --- [estoque] [http-nio-8383-exec-1] o.t.s.expression.VariableExpression      : [THYMELEAF][http-nio-8383-exec-1] Evaluating variable expression: "${#temporals.format(item.venda.dataSaida, 'dd/MM/yyyy')}"
2026-07-01T16:51:16.039-03:00 TRACE 20444 --- [estoque] [http-nio-8383-exec-1] o.t.s.e.SPELVariableExpressionEvaluator  : [THYMELEAF][http-nio-8383-exec-1] SpringEL expression: evaluating expression "#temporals.format(item.venda.dataSaida, 'dd/MM/yyyy')" on target
2026-07-01T16:51:16.040-03:00 TRACE 20444 --- [estoque] [http-nio-8383-exec-1] o.t.T.cache.EXPRESSION_CACHE             : [THYMELEAF][http-nio-8383-exec-1][EXPRESSION_CACHE][CACHE_HIT] Cache hit in cache "EXPRESSION_CACHE" for key "expr|${item.tipoMovimentacao == 'V'}".
2026-07-01T16:51:16.040-03:00 TRACE 20444 --- [estoque] [http-nio-8383-exec-1] o.t.s.expression.VariableExpression      : [THYMELEAF][http-nio-8383-exec-1] Evaluating variable expression: "${item.tipoMovimentacao == 'V'}"
2026-07-01T16:51:16.040-03:00 TRACE 20444 --- [estoque] [http-nio-8383-exec-1] o.t.s.e.SPELVariableExpressionEvaluator  : [THYMELEAF][http-nio-8383-exec-1] SpringEL expression: evaluating expression "item.tipoMovimentacao == 'V'" on target
2026-07-01T16:51:16.040-03:00 TRACE 20444 --- [estoque] [http-nio-8383-exec-1] o.t.T.cache.EXPRESSION_CACHE             : [THYMELEAF][http-nio-8383-exec-1][EXPRESSION_CACHE][CACHE_HIT] Cache hit in cache "EXPRESSION_CACHE" for key "expr|${item.tipoMovimentacao == 'T'}".
2026-07-01T16:51:16.040-03:00 TRACE 20444 --- [estoque] [http-nio-8383-exec-1] o.t.s.expression.VariableExpression      : [THYMELEAF][http-nio-8383-exec-1] Evaluating variable expression: "${item.tipoMovimentacao == 'T'}"
2026-07-01T16:51:16.041-03:00 TRACE 20444 --- [estoque] [http-nio-8383-exec-1] o.t.s.e.SPELVariableExpressionEvaluator  : [THYMELEAF][http-nio-8383-exec-1] SpringEL expression: evaluating expression "item.tipoMovimentacao == 'T'" on target
2026-07-01T16:51:16.041-03:00 TRACE 20444 --- [estoque] [http-nio-8383-exec-1] o.t.T.cache.EXPRESSION_CACHE             : [THYMELEAF][http-nio-8383-exec-1][EXPRESSION_CACHE][CACHE_HIT] Cache hit in cache "EXPRESSION_CACHE" for key "expr|${item.venda.comNotaFiscal}".
2026-07-01T16:51:16.041-03:00 TRACE 20444 --- [estoque] [http-nio-8383-exec-1] o.t.s.expression.VariableExpression      : [THYMELEAF][http-nio-8383-exec-1] Evaluating variable expression: "${item.venda.comNotaFiscal}"
2026-07-01T16:51:16.041-03:00 TRACE 20444 --- [estoque] [http-nio-8383-exec-1] o.t.s.e.SPELVariableExpressionEvaluator  : [THYMELEAF][http-nio-8383-exec-1] SpringEL expression: evaluating expression "item.venda.comNotaFiscal" on target
2026-07-01T16:51:16.041-03:00 TRACE 20444 --- [estoque] [http-nio-8383-exec-1] o.t.T.cache.EXPRESSION_CACHE             : [THYMELEAF][http-nio-8383-exec-1][EXPRESSION_CACHE][CACHE_HIT] Cache hit in cache "EXPRESSION_CACHE" for key "expr|${item.venda.comNotaFiscal}".
2026-07-01T16:51:16.041-03:00 TRACE 20444 --- [estoque] [http-nio-8383-exec-1] o.t.s.expression.VariableExpression      : [THYMELEAF][http-nio-8383-exec-1] Evaluating variable expression: "${item.venda.comNotaFiscal}"
2026-07-01T16:51:16.041-03:00 TRACE 20444 --- [estoque] [http-nio-8383-exec-1] o.t.s.e.SPELVariableExpressionEvaluator  : [THYMELEAF][http-nio-8383-exec-1] SpringEL expression: evaluating expression "item.venda.comNotaFiscal" on target
2026-07-01T16:51:16.042-03:00 TRACE 20444 --- [estoque] [http-nio-8383-exec-1] o.t.standard.expression.LinkExpression   : [THYMELEAF][http-nio-8383-exec-1] Evaluating link: "@{'/vendas/editar/{id}'(id=${item.venda.id})}"
2026-07-01T16:51:16.042-03:00 TRACE 20444 --- [estoque] [http-nio-8383-exec-1] o.t.s.expression.TextLiteralExpression   : [THYMELEAF][http-nio-8383-exec-1] Evaluating text literal: "'/vendas/editar/{id}'"
2026-07-01T16:51:16.042-03:00 TRACE 20444 --- [estoque] [http-nio-8383-exec-1] o.t.s.expression.GenericTokenExpression  : [THYMELEAF][http-nio-8383-exec-1] Evaluating generic token: "id"
2026-07-01T16:51:16.042-03:00 TRACE 20444 --- [estoque] [http-nio-8383-exec-1] o.t.s.expression.VariableExpression      : [THYMELEAF][http-nio-8383-exec-1] Evaluating variable expression: "${item.venda.id}"
2026-07-01T16:51:16.042-03:00 TRACE 20444 --- [estoque] [http-nio-8383-exec-1] o.t.s.e.SPELVariableExpressionEvaluator  : [THYMELEAF][http-nio-8383-exec-1] SpringEL expression: evaluating expression "item.venda.id" on target
2026-07-01T16:51:16.042-03:00 TRACE 20444 --- [estoque] [http-nio-8383-exec-1] o.t.standard.expression.LinkExpression   : [THYMELEAF][http-nio-8383-exec-1] Evaluating link: "@{'/vendas/excluir/{id}'(id=${item.venda.id})}"
2026-07-01T16:51:16.043-03:00 TRACE 20444 --- [estoque] [http-nio-8383-exec-1] o.t.s.expression.TextLiteralExpression   : [THYMELEAF][http-nio-8383-exec-1] Evaluating text literal: "'/vendas/excluir/{id}'"
2026-07-01T16:51:16.043-03:00 TRACE 20444 --- [estoque] [http-nio-8383-exec-1] o.t.s.expression.GenericTokenExpression  : [THYMELEAF][http-nio-8383-exec-1] Evaluating generic token: "id"
2026-07-01T16:51:16.043-03:00 TRACE 20444 --- [estoque] [http-nio-8383-exec-1] o.t.s.expression.VariableExpression      : [THYMELEAF][http-nio-8383-exec-1] Evaluating variable expression: "${item.venda.id}"
2026-07-01T16:51:16.043-03:00 TRACE 20444 --- [estoque] [http-nio-8383-exec-1] o.t.s.e.SPELVariableExpressionEvaluator  : [THYMELEAF][http-nio-8383-exec-1] SpringEL expression: evaluating expression "item.venda.id" on target
2026-07-01T16:51:16.044-03:00 TRACE 20444 --- [estoque] [http-nio-8383-exec-1] o.t.T.cache.EXPRESSION_CACHE             : [THYMELEAF][http-nio-8383-exec-1][EXPRESSION_CACHE][CACHE_HIT] Cache hit in cache "EXPRESSION_CACHE" for key "expr|${pagina.number + 1}".
2026-07-01T16:51:16.044-03:00 TRACE 20444 --- [estoque] [http-nio-8383-exec-1] o.t.s.expression.VariableExpression      : [THYMELEAF][http-nio-8383-exec-1] Evaluating variable expression: "${pagina.number + 1}"
2026-07-01T16:51:16.044-03:00 TRACE 20444 --- [estoque] [http-nio-8383-exec-1] o.t.s.e.SPELVariableExpressionEvaluator  : [THYMELEAF][http-nio-8383-exec-1] SpringEL expression: evaluating expression "pagina.number + 1" on target
2026-07-01T16:51:16.044-03:00 TRACE 20444 --- [estoque] [http-nio-8383-exec-1] o.t.T.cache.EXPRESSION_CACHE             : [THYMELEAF][http-nio-8383-exec-1][EXPRESSION_CACHE][CACHE_HIT] Cache hit in cache "EXPRESSION_CACHE" for key "expr|${pagina.totalPages}".
2026-07-01T16:51:16.044-03:00 TRACE 20444 --- [estoque] [http-nio-8383-exec-1] o.t.s.expression.VariableExpression      : [THYMELEAF][http-nio-8383-exec-1] Evaluating variable expression: "${pagina.totalPages}"
2026-07-01T16:51:16.044-03:00 TRACE 20444 --- [estoque] [http-nio-8383-exec-1] o.t.s.e.SPELVariableExpressionEvaluator  : [THYMELEAF][http-nio-8383-exec-1] SpringEL expression: evaluating expression "pagina.totalPages" on target
2026-07-01T16:51:16.045-03:00 TRACE 20444 --- [estoque] [http-nio-8383-exec-1] o.t.T.cache.EXPRESSION_CACHE             : [THYMELEAF][http-nio-8383-exec-1][EXPRESSION_CACHE][CACHE_HIT] Cache hit in cache "EXPRESSION_CACHE" for key "expr|${pagina.hasPrevious()}".
2026-07-01T16:51:16.045-03:00 TRACE 20444 --- [estoque] [http-nio-8383-exec-1] o.t.s.expression.VariableExpression      : [THYMELEAF][http-nio-8383-exec-1] Evaluating variable expression: "${pagina.hasPrevious()}"
2026-07-01T16:51:16.045-03:00 TRACE 20444 --- [estoque] [http-nio-8383-exec-1] o.t.s.e.SPELVariableExpressionEvaluator  : [THYMELEAF][http-nio-8383-exec-1] SpringEL expression: evaluating expression "pagina.hasPrevious()" on target
2026-07-01T16:51:16.045-03:00 TRACE 20444 --- [estoque] [http-nio-8383-exec-1] o.t.T.cache.EXPRESSION_CACHE             : [THYMELEAF][http-nio-8383-exec-1][EXPRESSION_CACHE][CACHE_HIT] Cache hit in cache "EXPRESSION_CACHE" for key "expr|${pagina.number + 1}".
2026-07-01T16:51:16.045-03:00 TRACE 20444 --- [estoque] [http-nio-8383-exec-1] o.t.s.expression.VariableExpression      : [THYMELEAF][http-nio-8383-exec-1] Evaluating variable expression: "${pagina.number + 1}"
2026-07-01T16:51:16.045-03:00 TRACE 20444 --- [estoque] [http-nio-8383-exec-1] o.t.s.e.SPELVariableExpressionEvaluator  : [THYMELEAF][http-nio-8383-exec-1] SpringEL expression: evaluating expression "pagina.number + 1" on target
2026-07-01T16:51:16.046-03:00 TRACE 20444 --- [estoque] [http-nio-8383-exec-1] o.t.T.cache.EXPRESSION_CACHE             : [THYMELEAF][http-nio-8383-exec-1][EXPRESSION_CACHE][CACHE_HIT] Cache hit in cache "EXPRESSION_CACHE" for key "expr|${pagina.hasNext()}".
2026-07-01T16:51:16.046-03:00 TRACE 20444 --- [estoque] [http-nio-8383-exec-1] o.t.s.expression.VariableExpression      : [THYMELEAF][http-nio-8383-exec-1] Evaluating variable expression: "${pagina.hasNext()}"
2026-07-01T16:51:16.046-03:00 TRACE 20444 --- [estoque] [http-nio-8383-exec-1] o.t.s.e.SPELVariableExpressionEvaluator  : [THYMELEAF][http-nio-8383-exec-1] SpringEL expression: evaluating expression "pagina.hasNext()" on target
2026-07-01T16:51:16.046-03:00 TRACE 20444 --- [estoque] [http-nio-8383-exec-1] org.thymeleaf.TemplateEngine             : [THYMELEAF][http-nio-8383-exec-1] FINISHED PROCESS AND OUTPUT OF TEMPLATE "relatorio-vendas" WITH LOCALE pt_BR
2026-07-01T16:51:16.046-03:00 TRACE 20444 --- [estoque] [http-nio-8383-exec-1] org.thymeleaf.TemplateEngine.TIMER       : [THYMELEAF][http-nio-8383-exec-1][relatorio-vendas][pt_BR][189015900][189] TEMPLATE "relatorio-vendas" WITH LOCALE pt_BR PROCESSED IN 189015900 nanoseconds (approx. 189ms)
2026-07-01T16:51:16.047-03:00 DEBUG 20444 --- [estoque] [http-nio-8383-exec-1] o.s.web.servlet.DispatcherServlet        : Completed 200 OK
2026-07-01T16:51:39.580-03:00 DEBUG 20444 --- [estoque] [http-nio-8383-exec-2] o.s.web.servlet.DispatcherServlet        : GET "/financeiro", parameters={}
2026-07-01T16:51:39.580-03:00 DEBUG 20444 --- [estoque] [http-nio-8383-exec-2] s.w.s.m.m.a.RequestMappingHandlerMapping : Mapped to com.expedicao.estoque.controller.FinanceiroController#financeiro()
2026-07-01T16:51:39.581-03:00 TRACE 20444 --- [estoque] [http-nio-8383-exec-2] o.t.spring6.view.ThymeleafViewResolver   : [THYMELEAF] View financeiro will be handled by ThymeleafViewResolver and a ThymeleafView instance will be created for it
2026-07-01T16:51:39.582-03:00 TRACE 20444 --- [estoque] [http-nio-8383-exec-2] o.t.spring6.view.ThymeleafViewResolver   : [THYMELEAF] View financeiro.xml will be handled by ThymeleafViewResolver and a ThymeleafView instance will be created for it
2026-07-01T16:51:39.583-03:00 DEBUG 20444 --- [estoque] [http-nio-8383-exec-2] o.s.w.s.v.ContentNegotiatingViewResolver : Selected 'text/html' given [text/html, application/xhtml+xml, image/avif, image/webp, image/apng, application/xml;q=0.9, */*;q=0.8, application/signed-exchange;v=b3;q=0.7]
2026-07-01T16:51:39.583-03:00 TRACE 20444 --- [estoque] [http-nio-8383-exec-2] org.thymeleaf.TemplateEngine             : [THYMELEAF][http-nio-8383-exec-2] STARTING PROCESS OF TEMPLATE "financeiro" WITH LOCALE pt_BR
2026-07-01T16:51:39.583-03:00 TRACE 20444 --- [estoque] [http-nio-8383-exec-2] o.t.TemplateEngine.cache.TEMPLATE_CACHE  : [THYMELEAF][http-nio-8383-exec-2][TEMPLATE_CACHE][CACHE_MISS] Cache miss in cache "TEMPLATE_CACHE" for key "financeiro".
2026-07-01T16:51:39.584-03:00 TRACE 20444 --- [estoque] [http-nio-8383-exec-2] org.thymeleaf.engine.TemplateManager     : [THYMELEAF][http-nio-8383-exec-2] Template resolver match! Resolver "org.thymeleaf.spring6.templateresolver.SpringResourceTemplateResolver" will resolve template "financeiro"
2026-07-01T16:51:39.587-03:00 TRACE 20444 --- [estoque] [http-nio-8383-exec-2] o.t.e.springsecurity6.auth.AuthUtils     : [THYMELEAF][http-nio-8383-exec-2] Obtaining authentication object.
2026-07-01T16:51:39.587-03:00 TRACE 20444 --- [estoque] [http-nio-8383-exec-2] o.t.e.springsecurity6.auth.AuthUtils     : [THYMELEAF][http-nio-8383-exec-2] Authentication object of class org.springframework.security.authentication.UsernamePasswordAuthenticationToken found in context for user "master".
2026-07-01T16:51:39.588-03:00 TRACE 20444 --- [estoque] [http-nio-8383-exec-2] o.t.e.springsecurity6.auth.AuthUtils     : [THYMELEAF][http-nio-8383-exec-2] Checking authorization using access expression "hasRole('MASTER')" for user "master".
2026-07-01T16:51:39.589-03:00 TRACE 20444 --- [estoque] [http-nio-8383-exec-2] o.t.e.springsecurity6.auth.AuthUtils     : [THYMELEAF][http-nio-8383-exec-2] Checked authorization using access expression "hasRole('MASTER')" for user "master". Access GRANTED.
2026-07-01T16:51:39.590-03:00 TRACE 20444 --- [estoque] [http-nio-8383-exec-2] o.t.e.springsecurity6.auth.AuthUtils     : [THYMELEAF][http-nio-8383-exec-2] Obtaining authentication object.
2026-07-01T16:51:39.590-03:00 TRACE 20444 --- [estoque] [http-nio-8383-exec-2] o.t.e.springsecurity6.auth.AuthUtils     : [THYMELEAF][http-nio-8383-exec-2] Authentication object of class org.springframework.security.authentication.UsernamePasswordAuthenticationToken found in context for user "master".
2026-07-01T16:51:39.590-03:00 TRACE 20444 --- [estoque] [http-nio-8383-exec-2] o.t.e.springsecurity6.auth.AuthUtils     : [THYMELEAF][http-nio-8383-exec-2] Checking authorization using access expression "hasAnyRole('CLIENTES','MASTER')" for user "master".
2026-07-01T16:51:39.591-03:00 TRACE 20444 --- [estoque] [http-nio-8383-exec-2] o.t.e.springsecurity6.auth.AuthUtils     : [THYMELEAF][http-nio-8383-exec-2] Checked authorization using access expression "hasAnyRole('CLIENTES','MASTER')" for user "master". Access GRANTED.
2026-07-01T16:51:39.592-03:00 TRACE 20444 --- [estoque] [http-nio-8383-exec-2] o.t.e.springsecurity6.auth.AuthUtils     : [THYMELEAF][http-nio-8383-exec-2] Obtaining authentication object.
2026-07-01T16:51:39.593-03:00 TRACE 20444 --- [estoque] [http-nio-8383-exec-2] o.t.e.springsecurity6.auth.AuthUtils     : [THYMELEAF][http-nio-8383-exec-2] Authentication object of class org.springframework.security.authentication.UsernamePasswordAuthenticationToken found in context for user "master".
2026-07-01T16:51:39.593-03:00 TRACE 20444 --- [estoque] [http-nio-8383-exec-2] o.t.e.springsecurity6.auth.AuthUtils     : [THYMELEAF][http-nio-8383-exec-2] Checking authorization using access expression "hasAnyRole('PRODUTO','MASTER')" for user "master".
2026-07-01T16:51:39.598-03:00 TRACE 20444 --- [estoque] [http-nio-8383-exec-2] o.t.e.springsecurity6.auth.AuthUtils     : [THYMELEAF][http-nio-8383-exec-2] Checked authorization using access expression "hasAnyRole('PRODUTO','MASTER')" for user "master". Access GRANTED.
2026-07-01T16:51:39.599-03:00 TRACE 20444 --- [estoque] [http-nio-8383-exec-2] o.t.e.springsecurity6.auth.AuthUtils     : [THYMELEAF][http-nio-8383-exec-2] Obtaining authentication object.
2026-07-01T16:51:39.599-03:00 TRACE 20444 --- [estoque] [http-nio-8383-exec-2] o.t.e.springsecurity6.auth.AuthUtils     : [THYMELEAF][http-nio-8383-exec-2] Authentication object of class org.springframework.security.authentication.UsernamePasswordAuthenticationToken found in context for user "master".
2026-07-01T16:51:39.599-03:00 TRACE 20444 --- [estoque] [http-nio-8383-exec-2] o.t.e.springsecurity6.auth.AuthUtils     : [THYMELEAF][http-nio-8383-exec-2] Checking authorization using access expression "hasAnyRole('ESTOQUE','MASTER')" for user "master".
2026-07-01T16:51:39.600-03:00 TRACE 20444 --- [estoque] [http-nio-8383-exec-2] o.t.e.springsecurity6.auth.AuthUtils     : [THYMELEAF][http-nio-8383-exec-2] Checked authorization using access expression "hasAnyRole('ESTOQUE','MASTER')" for user "master". Access GRANTED.
2026-07-01T16:51:39.601-03:00 TRACE 20444 --- [estoque] [http-nio-8383-exec-2] o.t.e.springsecurity6.auth.AuthUtils     : [THYMELEAF][http-nio-8383-exec-2] Obtaining authentication object.
2026-07-01T16:51:39.601-03:00 TRACE 20444 --- [estoque] [http-nio-8383-exec-2] o.t.e.springsecurity6.auth.AuthUtils     : [THYMELEAF][http-nio-8383-exec-2] Authentication object of class org.springframework.security.authentication.UsernamePasswordAuthenticationToken found in context for user "master".
2026-07-01T16:51:39.601-03:00 TRACE 20444 --- [estoque] [http-nio-8383-exec-2] o.t.e.springsecurity6.auth.AuthUtils     : [THYMELEAF][http-nio-8383-exec-2] Checking authorization using access expression "hasAnyRole('VENDAS','MASTER')" for user "master".
2026-07-01T16:51:39.602-03:00 TRACE 20444 --- [estoque] [http-nio-8383-exec-2] o.t.e.springsecurity6.auth.AuthUtils     : [THYMELEAF][http-nio-8383-exec-2] Checked authorization using access expression "hasAnyRole('VENDAS','MASTER')" for user "master". Access GRANTED.
2026-07-01T16:51:39.602-03:00 TRACE 20444 --- [estoque] [http-nio-8383-exec-2] o.t.e.springsecurity6.auth.AuthUtils     : [THYMELEAF][http-nio-8383-exec-2] Obtaining authentication object.
2026-07-01T16:51:39.602-03:00 TRACE 20444 --- [estoque] [http-nio-8383-exec-2] o.t.e.springsecurity6.auth.AuthUtils     : [THYMELEAF][http-nio-8383-exec-2] Authentication object of class org.springframework.security.authentication.UsernamePasswordAuthenticationToken found in context for user "master".
2026-07-01T16:51:39.603-03:00 TRACE 20444 --- [estoque] [http-nio-8383-exec-2] o.t.e.springsecurity6.auth.AuthUtils     : [THYMELEAF][http-nio-8383-exec-2] Checking authorization using access expression "hasAnyRole('FINANCEIRO','MASTER')" for user "master".
2026-07-01T16:51:39.603-03:00 TRACE 20444 --- [estoque] [http-nio-8383-exec-2] o.t.e.springsecurity6.auth.AuthUtils     : [THYMELEAF][http-nio-8383-exec-2] Checked authorization using access expression "hasAnyRole('FINANCEIRO','MASTER')" for user "master". Access GRANTED.
2026-07-01T16:51:39.604-03:00 TRACE 20444 --- [estoque] [http-nio-8383-exec-2] o.t.e.springsecurity6.auth.AuthUtils     : [THYMELEAF][http-nio-8383-exec-2] Obtaining authentication object.
2026-07-01T16:51:39.605-03:00 TRACE 20444 --- [estoque] [http-nio-8383-exec-2] o.t.e.springsecurity6.auth.AuthUtils     : [THYMELEAF][http-nio-8383-exec-2] Authentication object of class org.springframework.security.authentication.UsernamePasswordAuthenticationToken found in context for user "master".
2026-07-01T16:51:39.605-03:00 TRACE 20444 --- [estoque] [http-nio-8383-exec-2] o.t.e.springsecurity6.auth.AuthUtils     : [THYMELEAF][http-nio-8383-exec-2] Checking authorization using access expression "hasAnyRole('FINANCEIRO','MASTER')" for user "master".
2026-07-01T16:51:39.606-03:00 TRACE 20444 --- [estoque] [http-nio-8383-exec-2] o.t.e.springsecurity6.auth.AuthUtils     : [THYMELEAF][http-nio-8383-exec-2] Checked authorization using access expression "hasAnyRole('FINANCEIRO','MASTER')" for user "master". Access GRANTED.
2026-07-01T16:51:39.607-03:00 TRACE 20444 --- [estoque] [http-nio-8383-exec-2] o.t.T.cache.EXPRESSION_CACHE             : [THYMELEAF][http-nio-8383-exec-2][EXPRESSION_CACHE][CACHE_HIT] Cache hit in cache "EXPRESSION_CACHE" for key "expr|@{/logout}".
2026-07-01T16:51:39.607-03:00 TRACE 20444 --- [estoque] [http-nio-8383-exec-2] o.t.standard.expression.LinkExpression   : [THYMELEAF][http-nio-8383-exec-2] Evaluating link: "@{'/logout'}"
2026-07-01T16:51:39.607-03:00 TRACE 20444 --- [estoque] [http-nio-8383-exec-2] o.t.s.expression.TextLiteralExpression   : [THYMELEAF][http-nio-8383-exec-2] Evaluating text literal: "'/logout'"
2026-07-01T16:51:39.609-03:00 TRACE 20444 --- [estoque] [http-nio-8383-exec-2] org.thymeleaf.TemplateEngine             : [THYMELEAF][http-nio-8383-exec-2] FINISHED PROCESS AND OUTPUT OF TEMPLATE "financeiro" WITH LOCALE pt_BR
2026-07-01T16:51:39.609-03:00 TRACE 20444 --- [estoque] [http-nio-8383-exec-2] org.thymeleaf.TemplateEngine.TIMER       : [THYMELEAF][http-nio-8383-exec-2][financeiro][pt_BR][25330800][25] TEMPLATE "financeiro" WITH LOCALE pt_BR PROCESSED IN 25330800 nanoseconds (approx. 25ms)
2026-07-01T16:51:39.610-03:00 DEBUG 20444 --- [estoque] [http-nio-8383-exec-2] o.s.web.servlet.DispatcherServlet        : Completed 200 OK
2026-07-01T16:51:39.633-03:00 DEBUG 20444 --- [estoque] [http-nio-8383-exec-3] o.s.web.servlet.DispatcherServlet        : GET "/financeiro/api/clientes", parameters={}
2026-07-01T16:51:39.634-03:00 DEBUG 20444 --- [estoque] [http-nio-8383-exec-3] s.w.s.m.m.a.RequestMappingHandlerMapping : Mapped to com.expedicao.estoque.controller.FinanceiroController#listarClientes()
2026-07-01T16:51:39.636-03:00 DEBUG 20444 --- [estoque] [http-nio-8383-exec-3] m.m.a.RequestResponseBodyMethodProcessor : Using 'application/json', given [*/*] and supported [application/json, application/*+json]
2026-07-01T16:51:39.636-03:00 DEBUG 20444 --- [estoque] [http-nio-8383-exec-3] m.m.a.RequestResponseBodyMethodProcessor : Writing [[Cliente 1, Cliente10, Pablo, Teste2, Teste3]]
2026-07-01T16:51:39.637-03:00 DEBUG 20444 --- [estoque] [http-nio-8383-exec-3] o.s.web.servlet.DispatcherServlet        : Completed 200 OK
2026-07-01T16:51:39.651-03:00 DEBUG 20444 --- [estoque] [http-nio-8383-exec-4] o.s.web.servlet.DispatcherServlet        : GET "/financeiro/api/filtrar", parameters={}
2026-07-01T16:51:39.651-03:00 DEBUG 20444 --- [estoque] [http-nio-8383-exec-4] s.w.s.m.m.a.RequestMappingHandlerMapping : Mapped to com.expedicao.estoque.controller.FinanceiroController#filtrar(String, String)
2026-07-01T16:51:39.688-03:00 DEBUG 20444 --- [estoque] [http-nio-8383-exec-4] m.m.a.RequestResponseBodyMethodProcessor : Using 'application/json', given [*/*] and supported [application/json, application/*+json]
2026-07-01T16:51:39.689-03:00 DEBUG 20444 --- [estoque] [http-nio-8383-exec-4] m.m.a.RequestResponseBodyMethodProcessor : Writing [[com.expedicao.estoque.dto.ContaReceberDTO@540fccdc, com.expedicao.estoque.dto.ContaReceberDTO@36303 (truncated)...]
2026-07-01T16:51:39.691-03:00 DEBUG 20444 --- [estoque] [http-nio-8383-exec-4] o.s.web.servlet.DispatcherServlet        : Completed 200 OK
2026-07-01T16:51:43.749-03:00 DEBUG 20444 --- [estoque] [http-nio-8383-exec-5] o.s.web.servlet.DispatcherServlet        : GET "/produtos", parameters={}
2026-07-01T16:51:43.750-03:00 DEBUG 20444 --- [estoque] [http-nio-8383-exec-5] s.w.s.m.m.a.RequestMappingHandlerMapping : Mapped to com.expedicao.estoque.controller.ProdutoController#abrirTelaCadastroProduto()
2026-07-01T16:51:43.751-03:00 TRACE 20444 --- [estoque] [http-nio-8383-exec-5] o.t.spring6.view.ThymeleafViewResolver   : [THYMELEAF] View produto will be handled by ThymeleafViewResolver and a ThymeleafView instance will be created for it
2026-07-01T16:51:43.751-03:00 TRACE 20444 --- [estoque] [http-nio-8383-exec-5] o.t.spring6.view.ThymeleafViewResolver   : [THYMELEAF] View produto.xml will be handled by ThymeleafViewResolver and a ThymeleafView instance will be created for it
2026-07-01T16:51:43.752-03:00 DEBUG 20444 --- [estoque] [http-nio-8383-exec-5] o.s.w.s.v.ContentNegotiatingViewResolver : Selected 'text/html' given [text/html, application/xhtml+xml, image/avif, image/webp, image/apng, application/xml;q=0.9, */*;q=0.8, application/signed-exchange;v=b3;q=0.7]
2026-07-01T16:51:43.752-03:00 TRACE 20444 --- [estoque] [http-nio-8383-exec-5] org.thymeleaf.TemplateEngine             : [THYMELEAF][http-nio-8383-exec-5] STARTING PROCESS OF TEMPLATE "produto" WITH LOCALE pt_BR
2026-07-01T16:51:43.752-03:00 TRACE 20444 --- [estoque] [http-nio-8383-exec-5] o.t.TemplateEngine.cache.TEMPLATE_CACHE  : [THYMELEAF][http-nio-8383-exec-5][TEMPLATE_CACHE][CACHE_MISS] Cache miss in cache "TEMPLATE_CACHE" for key "produto".
2026-07-01T16:51:43.753-03:00 TRACE 20444 --- [estoque] [http-nio-8383-exec-5] org.thymeleaf.engine.TemplateManager     : [THYMELEAF][http-nio-8383-exec-5] Template resolver match! Resolver "org.thymeleaf.spring6.templateresolver.SpringResourceTemplateResolver" will resolve template "produto"
2026-07-01T16:51:43.756-03:00 TRACE 20444 --- [estoque] [http-nio-8383-exec-5] o.t.e.springsecurity6.auth.AuthUtils     : [THYMELEAF][http-nio-8383-exec-5] Obtaining authentication object.
2026-07-01T16:51:43.756-03:00 TRACE 20444 --- [estoque] [http-nio-8383-exec-5] o.t.e.springsecurity6.auth.AuthUtils     : [THYMELEAF][http-nio-8383-exec-5] Authentication object of class org.springframework.security.authentication.UsernamePasswordAuthenticationToken found in context for user "master".
2026-07-01T16:51:43.758-03:00 TRACE 20444 --- [estoque] [http-nio-8383-exec-5] o.t.e.springsecurity6.auth.AuthUtils     : [THYMELEAF][http-nio-8383-exec-5] Checking authorization using access expression "hasRole('MASTER')" for user "master".
2026-07-01T16:51:43.758-03:00 TRACE 20444 --- [estoque] [http-nio-8383-exec-5] o.t.e.springsecurity6.auth.AuthUtils     : [THYMELEAF][http-nio-8383-exec-5] Checked authorization using access expression "hasRole('MASTER')" for user "master". Access GRANTED.
2026-07-01T16:51:43.758-03:00 TRACE 20444 --- [estoque] [http-nio-8383-exec-5] o.t.e.springsecurity6.auth.AuthUtils     : [THYMELEAF][http-nio-8383-exec-5] Obtaining authentication object.
2026-07-01T16:51:43.759-03:00 TRACE 20444 --- [estoque] [http-nio-8383-exec-5] o.t.e.springsecurity6.auth.AuthUtils     : [THYMELEAF][http-nio-8383-exec-5] Authentication object of class org.springframework.security.authentication.UsernamePasswordAuthenticationToken found in context for user "master".
2026-07-01T16:51:43.759-03:00 TRACE 20444 --- [estoque] [http-nio-8383-exec-5] o.t.e.springsecurity6.auth.AuthUtils     : [THYMELEAF][http-nio-8383-exec-5] Checking authorization using access expression "hasAnyRole('CLIENTES','MASTER')" for user "master".
2026-07-01T16:51:43.760-03:00 TRACE 20444 --- [estoque] [http-nio-8383-exec-5] o.t.e.springsecurity6.auth.AuthUtils     : [THYMELEAF][http-nio-8383-exec-5] Checked authorization using access expression "hasAnyRole('CLIENTES','MASTER')" for user "master". Access GRANTED.
2026-07-01T16:51:43.760-03:00 TRACE 20444 --- [estoque] [http-nio-8383-exec-5] o.t.e.springsecurity6.auth.AuthUtils     : [THYMELEAF][http-nio-8383-exec-5] Obtaining authentication object.
2026-07-01T16:51:43.761-03:00 TRACE 20444 --- [estoque] [http-nio-8383-exec-5] o.t.e.springsecurity6.auth.AuthUtils     : [THYMELEAF][http-nio-8383-exec-5] Authentication object of class org.springframework.security.authentication.UsernamePasswordAuthenticationToken found in context for user "master".
2026-07-01T16:51:43.761-03:00 TRACE 20444 --- [estoque] [http-nio-8383-exec-5] o.t.e.springsecurity6.auth.AuthUtils     : [THYMELEAF][http-nio-8383-exec-5] Checking authorization using access expression "hasAnyRole('PRODUTO','MASTER')" for user "master".
2026-07-01T16:51:43.766-03:00 TRACE 20444 --- [estoque] [http-nio-8383-exec-5] o.t.e.springsecurity6.auth.AuthUtils     : [THYMELEAF][http-nio-8383-exec-5] Checked authorization using access expression "hasAnyRole('PRODUTO','MASTER')" for user "master". Access GRANTED.
2026-07-01T16:51:43.768-03:00 TRACE 20444 --- [estoque] [http-nio-8383-exec-5] o.t.e.springsecurity6.auth.AuthUtils     : [THYMELEAF][http-nio-8383-exec-5] Obtaining authentication object.
2026-07-01T16:51:43.768-03:00 TRACE 20444 --- [estoque] [http-nio-8383-exec-5] o.t.e.springsecurity6.auth.AuthUtils     : [THYMELEAF][http-nio-8383-exec-5] Authentication object of class org.springframework.security.authentication.UsernamePasswordAuthenticationToken found in context for user "master".
2026-07-01T16:51:43.768-03:00 TRACE 20444 --- [estoque] [http-nio-8383-exec-5] o.t.e.springsecurity6.auth.AuthUtils     : [THYMELEAF][http-nio-8383-exec-5] Checking authorization using access expression "hasAnyRole('ESTOQUE','MASTER')" for user "master".
2026-07-01T16:51:43.769-03:00 TRACE 20444 --- [estoque] [http-nio-8383-exec-5] o.t.e.springsecurity6.auth.AuthUtils     : [THYMELEAF][http-nio-8383-exec-5] Checked authorization using access expression "hasAnyRole('ESTOQUE','MASTER')" for user "master". Access GRANTED.
2026-07-01T16:51:43.771-03:00 TRACE 20444 --- [estoque] [http-nio-8383-exec-5] o.t.e.springsecurity6.auth.AuthUtils     : [THYMELEAF][http-nio-8383-exec-5] Obtaining authentication object.
2026-07-01T16:51:43.772-03:00 TRACE 20444 --- [estoque] [http-nio-8383-exec-5] o.t.e.springsecurity6.auth.AuthUtils     : [THYMELEAF][http-nio-8383-exec-5] Authentication object of class org.springframework.security.authentication.UsernamePasswordAuthenticationToken found in context for user "master".
2026-07-01T16:51:43.772-03:00 TRACE 20444 --- [estoque] [http-nio-8383-exec-5] o.t.e.springsecurity6.auth.AuthUtils     : [THYMELEAF][http-nio-8383-exec-5] Checking authorization using access expression "hasAnyRole('VENDAS','MASTER')" for user "master".
2026-07-01T16:51:43.773-03:00 TRACE 20444 --- [estoque] [http-nio-8383-exec-5] o.t.e.springsecurity6.auth.AuthUtils     : [THYMELEAF][http-nio-8383-exec-5] Checked authorization using access expression "hasAnyRole('VENDAS','MASTER')" for user "master". Access GRANTED.
2026-07-01T16:51:43.773-03:00 TRACE 20444 --- [estoque] [http-nio-8383-exec-5] o.t.e.springsecurity6.auth.AuthUtils     : [THYMELEAF][http-nio-8383-exec-5] Obtaining authentication object.
2026-07-01T16:51:43.773-03:00 TRACE 20444 --- [estoque] [http-nio-8383-exec-5] o.t.e.springsecurity6.auth.AuthUtils     : [THYMELEAF][http-nio-8383-exec-5] Authentication object of class org.springframework.security.authentication.UsernamePasswordAuthenticationToken found in context for user "master".
2026-07-01T16:51:43.774-03:00 TRACE 20444 --- [estoque] [http-nio-8383-exec-5] o.t.e.springsecurity6.auth.AuthUtils     : [THYMELEAF][http-nio-8383-exec-5] Checking authorization using access expression "hasAnyRole('FINANCEIRO','MASTER')" for user "master".
2026-07-01T16:51:43.774-03:00 TRACE 20444 --- [estoque] [http-nio-8383-exec-5] o.t.e.springsecurity6.auth.AuthUtils     : [THYMELEAF][http-nio-8383-exec-5] Checked authorization using access expression "hasAnyRole('FINANCEIRO','MASTER')" for user "master". Access GRANTED.
2026-07-01T16:51:43.775-03:00 TRACE 20444 --- [estoque] [http-nio-8383-exec-5] o.t.e.springsecurity6.auth.AuthUtils     : [THYMELEAF][http-nio-8383-exec-5] Obtaining authentication object.
2026-07-01T16:51:43.776-03:00 TRACE 20444 --- [estoque] [http-nio-8383-exec-5] o.t.e.springsecurity6.auth.AuthUtils     : [THYMELEAF][http-nio-8383-exec-5] Authentication object of class org.springframework.security.authentication.UsernamePasswordAuthenticationToken found in context for user "master".
2026-07-01T16:51:43.777-03:00 TRACE 20444 --- [estoque] [http-nio-8383-exec-5] o.t.e.springsecurity6.auth.AuthUtils     : [THYMELEAF][http-nio-8383-exec-5] Checking authorization using access expression "hasAnyRole('FINANCEIRO','MASTER')" for user "master".
2026-07-01T16:51:43.782-03:00 TRACE 20444 --- [estoque] [http-nio-8383-exec-5] o.t.e.springsecurity6.auth.AuthUtils     : [THYMELEAF][http-nio-8383-exec-5] Checked authorization using access expression "hasAnyRole('FINANCEIRO','MASTER')" for user "master". Access GRANTED.
2026-07-01T16:51:43.785-03:00 TRACE 20444 --- [estoque] [http-nio-8383-exec-5] o.t.T.cache.EXPRESSION_CACHE             : [THYMELEAF][http-nio-8383-exec-5][EXPRESSION_CACHE][CACHE_HIT] Cache hit in cache "EXPRESSION_CACHE" for key "expr|@{/logout}".
2026-07-01T16:51:43.786-03:00 TRACE 20444 --- [estoque] [http-nio-8383-exec-5] o.t.standard.expression.LinkExpression   : [THYMELEAF][http-nio-8383-exec-5] Evaluating link: "@{'/logout'}"
2026-07-01T16:51:43.786-03:00 TRACE 20444 --- [estoque] [http-nio-8383-exec-5] o.t.s.expression.TextLiteralExpression   : [THYMELEAF][http-nio-8383-exec-5] Evaluating text literal: "'/logout'"
2026-07-01T16:51:43.790-03:00 TRACE 20444 --- [estoque] [http-nio-8383-exec-5] org.thymeleaf.TemplateEngine             : [THYMELEAF][http-nio-8383-exec-5] FINISHED PROCESS AND OUTPUT OF TEMPLATE "produto" WITH LOCALE pt_BR
2026-07-01T16:51:43.792-03:00 TRACE 20444 --- [estoque] [http-nio-8383-exec-5] org.thymeleaf.TemplateEngine.TIMER       : [THYMELEAF][http-nio-8383-exec-5][produto][pt_BR][36720500][37] TEMPLATE "produto" WITH LOCALE pt_BR PROCESSED IN 36720500 nanoseconds (approx. 37ms)
2026-07-01T16:51:43.793-03:00 DEBUG 20444 --- [estoque] [http-nio-8383-exec-5] o.s.web.servlet.DispatcherServlet        : Completed 200 OK
2026-07-01T16:51:47.982-03:00 DEBUG 20444 --- [estoque] [http-nio-8383-exec-6] o.s.web.servlet.DispatcherServlet        : GET "/dashboard", parameters={}
2026-07-01T16:51:47.983-03:00 DEBUG 20444 --- [estoque] [http-nio-8383-exec-6] s.w.s.m.m.a.RequestMappingHandlerMapping : Mapped to com.expedicao.estoque.controller.DashboardController#dashboard(Model)
2026-07-01T16:51:48.054-03:00 TRACE 20444 --- [estoque] [http-nio-8383-exec-6] o.t.spring6.view.ThymeleafViewResolver   : [THYMELEAF] View Dashboard will be handled by ThymeleafViewResolver and a ThymeleafView instance will be created for it
2026-07-01T16:51:48.054-03:00 TRACE 20444 --- [estoque] [http-nio-8383-exec-6] o.t.spring6.view.ThymeleafViewResolver   : [THYMELEAF] View Dashboard.xml will be handled by ThymeleafViewResolver and a ThymeleafView instance will be created for it
2026-07-01T16:51:48.055-03:00 DEBUG 20444 --- [estoque] [http-nio-8383-exec-6] o.s.w.s.v.ContentNegotiatingViewResolver : Selected 'text/html' given [text/html, application/xhtml+xml, image/avif, image/webp, image/apng, application/xml;q=0.9, */*;q=0.8, application/signed-exchange;v=b3;q=0.7]
2026-07-01T16:51:48.055-03:00 TRACE 20444 --- [estoque] [http-nio-8383-exec-6] org.thymeleaf.TemplateEngine             : [THYMELEAF][http-nio-8383-exec-6] STARTING PROCESS OF TEMPLATE "Dashboard" WITH LOCALE pt_BR
2026-07-01T16:51:48.055-03:00 TRACE 20444 --- [estoque] [http-nio-8383-exec-6] o.t.TemplateEngine.cache.TEMPLATE_CACHE  : [THYMELEAF][http-nio-8383-exec-6][TEMPLATE_CACHE][CACHE_MISS] Cache miss in cache "TEMPLATE_CACHE" for key "Dashboard".
2026-07-01T16:51:48.056-03:00 TRACE 20444 --- [estoque] [http-nio-8383-exec-6] org.thymeleaf.engine.TemplateManager     : [THYMELEAF][http-nio-8383-exec-6] Template resolver match! Resolver "org.thymeleaf.spring6.templateresolver.SpringResourceTemplateResolver" will resolve template "Dashboard"
2026-07-01T16:51:48.067-03:00 TRACE 20444 --- [estoque] [http-nio-8383-exec-6] o.t.e.springsecurity6.auth.AuthUtils     : [THYMELEAF][http-nio-8383-exec-6] Obtaining authentication object.
2026-07-01T16:51:48.068-03:00 TRACE 20444 --- [estoque] [http-nio-8383-exec-6] o.t.e.springsecurity6.auth.AuthUtils     : [THYMELEAF][http-nio-8383-exec-6] Authentication object of class org.springframework.security.authentication.UsernamePasswordAuthenticationToken found in context for user "master".
2026-07-01T16:51:48.068-03:00 TRACE 20444 --- [estoque] [http-nio-8383-exec-6] o.t.e.springsecurity6.auth.AuthUtils     : [THYMELEAF][http-nio-8383-exec-6] Checking authorization using access expression "hasRole('MASTER')" for user "master".
2026-07-01T16:51:48.069-03:00 TRACE 20444 --- [estoque] [http-nio-8383-exec-6] o.t.e.springsecurity6.auth.AuthUtils     : [THYMELEAF][http-nio-8383-exec-6] Checked authorization using access expression "hasRole('MASTER')" for user "master". Access GRANTED.
2026-07-01T16:51:48.069-03:00 TRACE 20444 --- [estoque] [http-nio-8383-exec-6] o.t.e.springsecurity6.auth.AuthUtils     : [THYMELEAF][http-nio-8383-exec-6] Obtaining authentication object.
2026-07-01T16:51:48.069-03:00 TRACE 20444 --- [estoque] [http-nio-8383-exec-6] o.t.e.springsecurity6.auth.AuthUtils     : [THYMELEAF][http-nio-8383-exec-6] Authentication object of class org.springframework.security.authentication.UsernamePasswordAuthenticationToken found in context for user "master".
2026-07-01T16:51:48.069-03:00 TRACE 20444 --- [estoque] [http-nio-8383-exec-6] o.t.e.springsecurity6.auth.AuthUtils     : [THYMELEAF][http-nio-8383-exec-6] Checking authorization using access expression "hasAnyRole('CLIENTES','MASTER')" for user "master".
2026-07-01T16:51:48.070-03:00 TRACE 20444 --- [estoque] [http-nio-8383-exec-6] o.t.e.springsecurity6.auth.AuthUtils     : [THYMELEAF][http-nio-8383-exec-6] Checked authorization using access expression "hasAnyRole('CLIENTES','MASTER')" for user "master". Access GRANTED.
2026-07-01T16:51:48.070-03:00 TRACE 20444 --- [estoque] [http-nio-8383-exec-6] o.t.e.springsecurity6.auth.AuthUtils     : [THYMELEAF][http-nio-8383-exec-6] Obtaining authentication object.
2026-07-01T16:51:48.071-03:00 TRACE 20444 --- [estoque] [http-nio-8383-exec-6] o.t.e.springsecurity6.auth.AuthUtils     : [THYMELEAF][http-nio-8383-exec-6] Authentication object of class org.springframework.security.authentication.UsernamePasswordAuthenticationToken found in context for user "master".
2026-07-01T16:51:48.071-03:00 TRACE 20444 --- [estoque] [http-nio-8383-exec-6] o.t.e.springsecurity6.auth.AuthUtils     : [THYMELEAF][http-nio-8383-exec-6] Checking authorization using access expression "hasAnyRole('PRODUTO','MASTER')" for user "master".
2026-07-01T16:51:48.072-03:00 TRACE 20444 --- [estoque] [http-nio-8383-exec-6] o.t.e.springsecurity6.auth.AuthUtils     : [THYMELEAF][http-nio-8383-exec-6] Checked authorization using access expression "hasAnyRole('PRODUTO','MASTER')" for user "master". Access GRANTED.
2026-07-01T16:51:48.072-03:00 TRACE 20444 --- [estoque] [http-nio-8383-exec-6] o.t.e.springsecurity6.auth.AuthUtils     : [THYMELEAF][http-nio-8383-exec-6] Obtaining authentication object.
2026-07-01T16:51:48.072-03:00 TRACE 20444 --- [estoque] [http-nio-8383-exec-6] o.t.e.springsecurity6.auth.AuthUtils     : [THYMELEAF][http-nio-8383-exec-6] Authentication object of class org.springframework.security.authentication.UsernamePasswordAuthenticationToken found in context for user "master".
2026-07-01T16:51:48.072-03:00 TRACE 20444 --- [estoque] [http-nio-8383-exec-6] o.t.e.springsecurity6.auth.AuthUtils     : [THYMELEAF][http-nio-8383-exec-6] Checking authorization using access expression "hasAnyRole('ESTOQUE','MASTER')" for user "master".
2026-07-01T16:51:48.073-03:00 TRACE 20444 --- [estoque] [http-nio-8383-exec-6] o.t.e.springsecurity6.auth.AuthUtils     : [THYMELEAF][http-nio-8383-exec-6] Checked authorization using access expression "hasAnyRole('ESTOQUE','MASTER')" for user "master". Access GRANTED.
2026-07-01T16:51:48.074-03:00 TRACE 20444 --- [estoque] [http-nio-8383-exec-6] o.t.e.springsecurity6.auth.AuthUtils     : [THYMELEAF][http-nio-8383-exec-6] Obtaining authentication object.
2026-07-01T16:51:48.074-03:00 TRACE 20444 --- [estoque] [http-nio-8383-exec-6] o.t.e.springsecurity6.auth.AuthUtils     : [THYMELEAF][http-nio-8383-exec-6] Authentication object of class org.springframework.security.authentication.UsernamePasswordAuthenticationToken found in context for user "master".
2026-07-01T16:51:48.074-03:00 TRACE 20444 --- [estoque] [http-nio-8383-exec-6] o.t.e.springsecurity6.auth.AuthUtils     : [THYMELEAF][http-nio-8383-exec-6] Checking authorization using access expression "hasAnyRole('VENDAS','MASTER')" for user "master".
2026-07-01T16:51:48.075-03:00 TRACE 20444 --- [estoque] [http-nio-8383-exec-6] o.t.e.springsecurity6.auth.AuthUtils     : [THYMELEAF][http-nio-8383-exec-6] Checked authorization using access expression "hasAnyRole('VENDAS','MASTER')" for user "master". Access GRANTED.
2026-07-01T16:51:48.075-03:00 TRACE 20444 --- [estoque] [http-nio-8383-exec-6] o.t.e.springsecurity6.auth.AuthUtils     : [THYMELEAF][http-nio-8383-exec-6] Obtaining authentication object.
2026-07-01T16:51:48.075-03:00 TRACE 20444 --- [estoque] [http-nio-8383-exec-6] o.t.e.springsecurity6.auth.AuthUtils     : [THYMELEAF][http-nio-8383-exec-6] Authentication object of class org.springframework.security.authentication.UsernamePasswordAuthenticationToken found in context for user "master".
2026-07-01T16:51:48.075-03:00 TRACE 20444 --- [estoque] [http-nio-8383-exec-6] o.t.e.springsecurity6.auth.AuthUtils     : [THYMELEAF][http-nio-8383-exec-6] Checking authorization using access expression "hasAnyRole('FINANCEIRO','MASTER')" for user "master".
2026-07-01T16:51:48.076-03:00 TRACE 20444 --- [estoque] [http-nio-8383-exec-6] o.t.e.springsecurity6.auth.AuthUtils     : [THYMELEAF][http-nio-8383-exec-6] Checked authorization using access expression "hasAnyRole('FINANCEIRO','MASTER')" for user "master". Access GRANTED.
2026-07-01T16:51:48.076-03:00 TRACE 20444 --- [estoque] [http-nio-8383-exec-6] o.t.e.springsecurity6.auth.AuthUtils     : [THYMELEAF][http-nio-8383-exec-6] Obtaining authentication object.
2026-07-01T16:51:48.077-03:00 TRACE 20444 --- [estoque] [http-nio-8383-exec-6] o.t.e.springsecurity6.auth.AuthUtils     : [THYMELEAF][http-nio-8383-exec-6] Authentication object of class org.springframework.security.authentication.UsernamePasswordAuthenticationToken found in context for user "master".
2026-07-01T16:51:48.077-03:00 TRACE 20444 --- [estoque] [http-nio-8383-exec-6] o.t.e.springsecurity6.auth.AuthUtils     : [THYMELEAF][http-nio-8383-exec-6] Checking authorization using access expression "hasAnyRole('FINANCEIRO','MASTER')" for user "master".
2026-07-01T16:51:48.078-03:00 TRACE 20444 --- [estoque] [http-nio-8383-exec-6] o.t.e.springsecurity6.auth.AuthUtils     : [THYMELEAF][http-nio-8383-exec-6] Checked authorization using access expression "hasAnyRole('FINANCEIRO','MASTER')" for user "master". Access GRANTED.
2026-07-01T16:51:48.079-03:00 TRACE 20444 --- [estoque] [http-nio-8383-exec-6] o.t.T.cache.EXPRESSION_CACHE             : [THYMELEAF][http-nio-8383-exec-6][EXPRESSION_CACHE][CACHE_HIT] Cache hit in cache "EXPRESSION_CACHE" for key "expr|@{/logout}".
2026-07-01T16:51:48.079-03:00 TRACE 20444 --- [estoque] [http-nio-8383-exec-6] o.t.standard.expression.LinkExpression   : [THYMELEAF][http-nio-8383-exec-6] Evaluating link: "@{'/logout'}"
2026-07-01T16:51:48.079-03:00 TRACE 20444 --- [estoque] [http-nio-8383-exec-6] o.t.s.expression.TextLiteralExpression   : [THYMELEAF][http-nio-8383-exec-6] Evaluating text literal: "'/logout'"
2026-07-01T16:51:48.081-03:00 TRACE 20444 --- [estoque] [http-nio-8383-exec-6] o.t.T.cache.EXPRESSION_CACHE             : [THYMELEAF][http-nio-8383-exec-6][EXPRESSION_CACHE][CACHE_HIT] Cache hit in cache "EXPRESSION_CACHE" for key "expr|${#numbers.formatDecimal(kpiVendasValor, 1, 'POINT', 2, 'COMMA')}".
2026-07-01T16:51:48.082-03:00 TRACE 20444 --- [estoque] [http-nio-8383-exec-6] o.t.s.expression.VariableExpression      : [THYMELEAF][http-nio-8383-exec-6] Evaluating variable expression: "${#numbers.formatDecimal(kpiVendasValor, 1, 'POINT', 2, 'COMMA')}"
2026-07-01T16:51:48.082-03:00 TRACE 20444 --- [estoque] [http-nio-8383-exec-6] o.t.s.e.SPELVariableExpressionEvaluator  : [THYMELEAF][http-nio-8383-exec-6] SpringEL expression: evaluating expression "#numbers.formatDecimal(kpiVendasValor, 1, 'POINT', 2, 'COMMA')" on target
2026-07-01T16:51:48.084-03:00 TRACE 20444 --- [estoque] [http-nio-8383-exec-6] o.t.T.cache.EXPRESSION_CACHE             : [THYMELEAF][http-nio-8383-exec-6][EXPRESSION_CACHE][CACHE_HIT] Cache hit in cache "EXPRESSION_CACHE" for key "expr|${kpiVendasPositiva} ? ' up' : ' down'".
2026-07-01T16:51:48.085-03:00 TRACE 20444 --- [estoque] [http-nio-8383-exec-6] o.t.s.expression.ConditionalExpression   : [THYMELEAF][http-nio-8383-exec-6] Evaluating conditional expression: "${kpiVendasPositiva}? ' up' : ' down'"
2026-07-01T16:51:48.086-03:00 TRACE 20444 --- [estoque] [http-nio-8383-exec-6] o.t.s.expression.VariableExpression      : [THYMELEAF][http-nio-8383-exec-6] Evaluating variable expression: "${kpiVendasPositiva}"
2026-07-01T16:51:48.086-03:00 TRACE 20444 --- [estoque] [http-nio-8383-exec-6] o.t.s.e.SPELVariableExpressionEvaluator  : [THYMELEAF][http-nio-8383-exec-6] SpringEL expression: evaluating expression "kpiVendasPositiva" on target
2026-07-01T16:51:48.086-03:00 TRACE 20444 --- [estoque] [http-nio-8383-exec-6] o.t.s.expression.TextLiteralExpression   : [THYMELEAF][http-nio-8383-exec-6] Evaluating text literal: "' down'"
2026-07-01T16:51:48.086-03:00 TRACE 20444 --- [estoque] [http-nio-8383-exec-6] o.t.T.cache.EXPRESSION_CACHE             : [THYMELEAF][http-nio-8383-exec-6][EXPRESSION_CACHE][CACHE_HIT] Cache hit in cache "EXPRESSION_CACHE" for key "expr|${kpiVendasPositiva} ? '23 6 13.5 15.5 8.5 10.5 1 18' : '23 18 13.5 8.5 8.5 13.5 1 6'".
2026-07-01T16:51:48.087-03:00 TRACE 20444 --- [estoque] [http-nio-8383-exec-6] o.t.s.expression.ConditionalExpression   : [THYMELEAF][http-nio-8383-exec-6] Evaluating conditional expression: "${kpiVendasPositiva}? '23 6 13.5 15.5 8.5 10.5 1 18' : '23 18 13.5 8.5 8.5 13.5 1 6'"
2026-07-01T16:51:48.087-03:00 TRACE 20444 --- [estoque] [http-nio-8383-exec-6] o.t.s.expression.VariableExpression      : [THYMELEAF][http-nio-8383-exec-6] Evaluating variable expression: "${kpiVendasPositiva}"
2026-07-01T16:51:48.087-03:00 TRACE 20444 --- [estoque] [http-nio-8383-exec-6] o.t.s.e.SPELVariableExpressionEvaluator  : [THYMELEAF][http-nio-8383-exec-6] SpringEL expression: evaluating expression "kpiVendasPositiva" on target
2026-07-01T16:51:48.087-03:00 TRACE 20444 --- [estoque] [http-nio-8383-exec-6] o.t.s.expression.TextLiteralExpression   : [THYMELEAF][http-nio-8383-exec-6] Evaluating text literal: "'23 18 13.5 8.5 8.5 13.5 1 6'"
2026-07-01T16:51:48.088-03:00 TRACE 20444 --- [estoque] [http-nio-8383-exec-6] o.t.T.cache.EXPRESSION_CACHE             : [THYMELEAF][http-nio-8383-exec-6][EXPRESSION_CACHE][CACHE_HIT] Cache hit in cache "EXPRESSION_CACHE" for key "expr|${kpiVendasPositiva} ? '17 6 23 6 23 12' : '17 18 23 18 23 12'".
2026-07-01T16:51:48.088-03:00 TRACE 20444 --- [estoque] [http-nio-8383-exec-6] o.t.s.expression.ConditionalExpression   : [THYMELEAF][http-nio-8383-exec-6] Evaluating conditional expression: "${kpiVendasPositiva}? '17 6 23 6 23 12' : '17 18 23 18 23 12'"
2026-07-01T16:51:48.088-03:00 TRACE 20444 --- [estoque] [http-nio-8383-exec-6] o.t.s.expression.VariableExpression      : [THYMELEAF][http-nio-8383-exec-6] Evaluating variable expression: "${kpiVendasPositiva}"
2026-07-01T16:51:48.088-03:00 TRACE 20444 --- [estoque] [http-nio-8383-exec-6] o.t.s.e.SPELVariableExpressionEvaluator  : [THYMELEAF][http-nio-8383-exec-6] SpringEL expression: evaluating expression "kpiVendasPositiva" on target
2026-07-01T16:51:48.088-03:00 TRACE 20444 --- [estoque] [http-nio-8383-exec-6] o.t.s.expression.TextLiteralExpression   : [THYMELEAF][http-nio-8383-exec-6] Evaluating text literal: "'17 18 23 18 23 12'"
2026-07-01T16:51:48.088-03:00 TRACE 20444 --- [estoque] [http-nio-8383-exec-6] o.t.T.cache.EXPRESSION_CACHE             : [THYMELEAF][http-nio-8383-exec-6][EXPRESSION_CACHE][CACHE_HIT] Cache hit in cache "EXPRESSION_CACHE" for key "expr|${kpiVendasVariacao} + '% vs mês anterior'".
2026-07-01T16:51:48.089-03:00 TRACE 20444 --- [estoque] [http-nio-8383-exec-6] o.t.s.expression.AdditionExpression      : [THYMELEAF][http-nio-8383-exec-6] Evaluating addition expression: "${kpiVendasVariacao} + '% vs mês anterior'"
2026-07-01T16:51:48.089-03:00 TRACE 20444 --- [estoque] [http-nio-8383-exec-6] o.t.s.expression.VariableExpression      : [THYMELEAF][http-nio-8383-exec-6] Evaluating variable expression: "${kpiVendasVariacao}"
2026-07-01T16:51:48.089-03:00 TRACE 20444 --- [estoque] [http-nio-8383-exec-6] o.t.s.e.SPELVariableExpressionEvaluator  : [THYMELEAF][http-nio-8383-exec-6] SpringEL expression: evaluating expression "kpiVendasVariacao" on target
2026-07-01T16:51:48.089-03:00 TRACE 20444 --- [estoque] [http-nio-8383-exec-6] o.t.s.expression.TextLiteralExpression   : [THYMELEAF][http-nio-8383-exec-6] Evaluating text literal: "'% vs mês anterior'"
2026-07-01T16:51:48.090-03:00 TRACE 20444 --- [estoque] [http-nio-8383-exec-6] o.t.T.cache.EXPRESSION_CACHE             : [THYMELEAF][http-nio-8383-exec-6][EXPRESSION_CACHE][CACHE_HIT] Cache hit in cache "EXPRESSION_CACHE" for key "each|h : ${sparklineVendas}".
2026-07-01T16:51:48.090-03:00 TRACE 20444 --- [estoque] [http-nio-8383-exec-6] o.t.s.expression.GenericTokenExpression  : [THYMELEAF][http-nio-8383-exec-6] Evaluating generic token: "h"
2026-07-01T16:51:48.090-03:00 TRACE 20444 --- [estoque] [http-nio-8383-exec-6] o.t.s.expression.VariableExpression      : [THYMELEAF][http-nio-8383-exec-6] Evaluating variable expression: "${sparklineVendas}"
2026-07-01T16:51:48.090-03:00 TRACE 20444 --- [estoque] [http-nio-8383-exec-6] o.t.s.e.SPELVariableExpressionEvaluator  : [THYMELEAF][http-nio-8383-exec-6] SpringEL expression: evaluating expression "sparklineVendas" on target
2026-07-01T16:51:48.090-03:00 TRACE 20444 --- [estoque] [http-nio-8383-exec-6] o.t.T.cache.EXPRESSION_CACHE             : [THYMELEAF][http-nio-8383-exec-6][EXPRESSION_CACHE][CACHE_HIT] Cache hit in cache "EXPRESSION_CACHE" for key "expr|'height:' + ${h} + '%; background: #3b82f6;'".
2026-07-01T16:51:48.091-03:00 TRACE 20444 --- [estoque] [http-nio-8383-exec-6] o.t.s.expression.AdditionExpression      : [THYMELEAF][http-nio-8383-exec-6] Evaluating addition expression: "('height:' + ${h}) + '%; background: #3b82f6;'"
2026-07-01T16:51:48.091-03:00 TRACE 20444 --- [estoque] [http-nio-8383-exec-6] o.t.s.expression.AdditionExpression      : [THYMELEAF][http-nio-8383-exec-6] Evaluating addition expression: "'height:' + ${h}"
2026-07-01T16:51:48.091-03:00 TRACE 20444 --- [estoque] [http-nio-8383-exec-6] o.t.s.expression.TextLiteralExpression   : [THYMELEAF][http-nio-8383-exec-6] Evaluating text literal: "'height:'"
2026-07-01T16:51:48.091-03:00 TRACE 20444 --- [estoque] [http-nio-8383-exec-6] o.t.s.expression.VariableExpression      : [THYMELEAF][http-nio-8383-exec-6] Evaluating variable expression: "${h}"
2026-07-01T16:51:48.091-03:00 TRACE 20444 --- [estoque] [http-nio-8383-exec-6] o.t.s.e.SPELVariableExpressionEvaluator  : [THYMELEAF][http-nio-8383-exec-6] SpringEL expression: evaluating expression "h" on target
2026-07-01T16:51:48.091-03:00 TRACE 20444 --- [estoque] [http-nio-8383-exec-6] o.t.s.expression.TextLiteralExpression   : [THYMELEAF][http-nio-8383-exec-6] Evaluating text literal: "'%; background: #3b82f6;'"
2026-07-01T16:51:48.092-03:00 TRACE 20444 --- [estoque] [http-nio-8383-exec-6] o.t.s.expression.AdditionExpression      : [THYMELEAF][http-nio-8383-exec-6] Evaluating addition expression: "('height:' + ${h}) + '%; background: #3b82f6;'"
2026-07-01T16:51:48.092-03:00 TRACE 20444 --- [estoque] [http-nio-8383-exec-6] o.t.s.expression.AdditionExpression      : [THYMELEAF][http-nio-8383-exec-6] Evaluating addition expression: "'height:' + ${h}"
2026-07-01T16:51:48.092-03:00 TRACE 20444 --- [estoque] [http-nio-8383-exec-6] o.t.s.expression.TextLiteralExpression   : [THYMELEAF][http-nio-8383-exec-6] Evaluating text literal: "'height:'"
2026-07-01T16:51:48.092-03:00 TRACE 20444 --- [estoque] [http-nio-8383-exec-6] o.t.s.expression.VariableExpression      : [THYMELEAF][http-nio-8383-exec-6] Evaluating variable expression: "${h}"
2026-07-01T16:51:48.092-03:00 TRACE 20444 --- [estoque] [http-nio-8383-exec-6] o.t.s.e.SPELVariableExpressionEvaluator  : [THYMELEAF][http-nio-8383-exec-6] SpringEL expression: evaluating expression "h" on target
2026-07-01T16:51:48.092-03:00 TRACE 20444 --- [estoque] [http-nio-8383-exec-6] o.t.s.expression.TextLiteralExpression   : [THYMELEAF][http-nio-8383-exec-6] Evaluating text literal: "'%; background: #3b82f6;'"
2026-07-01T16:51:48.093-03:00 TRACE 20444 --- [estoque] [http-nio-8383-exec-6] o.t.s.expression.AdditionExpression      : [THYMELEAF][http-nio-8383-exec-6] Evaluating addition expression: "('height:' + ${h}) + '%; background: #3b82f6;'"
2026-07-01T16:51:48.093-03:00 TRACE 20444 --- [estoque] [http-nio-8383-exec-6] o.t.s.expression.AdditionExpression      : [THYMELEAF][http-nio-8383-exec-6] Evaluating addition expression: "'height:' + ${h}"
2026-07-01T16:51:48.093-03:00 TRACE 20444 --- [estoque] [http-nio-8383-exec-6] o.t.s.expression.TextLiteralExpression   : [THYMELEAF][http-nio-8383-exec-6] Evaluating text literal: "'height:'"
2026-07-01T16:51:48.093-03:00 TRACE 20444 --- [estoque] [http-nio-8383-exec-6] o.t.s.expression.VariableExpression      : [THYMELEAF][http-nio-8383-exec-6] Evaluating variable expression: "${h}"
2026-07-01T16:51:48.093-03:00 TRACE 20444 --- [estoque] [http-nio-8383-exec-6] o.t.s.e.SPELVariableExpressionEvaluator  : [THYMELEAF][http-nio-8383-exec-6] SpringEL expression: evaluating expression "h" on target
2026-07-01T16:51:48.093-03:00 TRACE 20444 --- [estoque] [http-nio-8383-exec-6] o.t.s.expression.TextLiteralExpression   : [THYMELEAF][http-nio-8383-exec-6] Evaluating text literal: "'%; background: #3b82f6;'"
2026-07-01T16:51:48.094-03:00 TRACE 20444 --- [estoque] [http-nio-8383-exec-6] o.t.s.expression.AdditionExpression      : [THYMELEAF][http-nio-8383-exec-6] Evaluating addition expression: "('height:' + ${h}) + '%; background: #3b82f6;'"
2026-07-01T16:51:48.094-03:00 TRACE 20444 --- [estoque] [http-nio-8383-exec-6] o.t.s.expression.AdditionExpression      : [THYMELEAF][http-nio-8383-exec-6] Evaluating addition expression: "'height:' + ${h}"
2026-07-01T16:51:48.094-03:00 TRACE 20444 --- [estoque] [http-nio-8383-exec-6] o.t.s.expression.TextLiteralExpression   : [THYMELEAF][http-nio-8383-exec-6] Evaluating text literal: "'height:'"
2026-07-01T16:51:48.094-03:00 TRACE 20444 --- [estoque] [http-nio-8383-exec-6] o.t.s.expression.VariableExpression      : [THYMELEAF][http-nio-8383-exec-6] Evaluating variable expression: "${h}"
2026-07-01T16:51:48.094-03:00 TRACE 20444 --- [estoque] [http-nio-8383-exec-6] o.t.s.e.SPELVariableExpressionEvaluator  : [THYMELEAF][http-nio-8383-exec-6] SpringEL expression: evaluating expression "h" on target
2026-07-01T16:51:48.095-03:00 TRACE 20444 --- [estoque] [http-nio-8383-exec-6] o.t.s.expression.TextLiteralExpression   : [THYMELEAF][http-nio-8383-exec-6] Evaluating text literal: "'%; background: #3b82f6;'"
2026-07-01T16:51:48.095-03:00 TRACE 20444 --- [estoque] [http-nio-8383-exec-6] o.t.s.expression.AdditionExpression      : [THYMELEAF][http-nio-8383-exec-6] Evaluating addition expression: "('height:' + ${h}) + '%; background: #3b82f6;'"
2026-07-01T16:51:48.095-03:00 TRACE 20444 --- [estoque] [http-nio-8383-exec-6] o.t.s.expression.AdditionExpression      : [THYMELEAF][http-nio-8383-exec-6] Evaluating addition expression: "'height:' + ${h}"
2026-07-01T16:51:48.095-03:00 TRACE 20444 --- [estoque] [http-nio-8383-exec-6] o.t.s.expression.TextLiteralExpression   : [THYMELEAF][http-nio-8383-exec-6] Evaluating text literal: "'height:'"
2026-07-01T16:51:48.095-03:00 TRACE 20444 --- [estoque] [http-nio-8383-exec-6] o.t.s.expression.VariableExpression      : [THYMELEAF][http-nio-8383-exec-6] Evaluating variable expression: "${h}"
2026-07-01T16:51:48.095-03:00 TRACE 20444 --- [estoque] [http-nio-8383-exec-6] o.t.s.e.SPELVariableExpressionEvaluator  : [THYMELEAF][http-nio-8383-exec-6] SpringEL expression: evaluating expression "h" on target
2026-07-01T16:51:48.096-03:00 TRACE 20444 --- [estoque] [http-nio-8383-exec-6] o.t.s.expression.TextLiteralExpression   : [THYMELEAF][http-nio-8383-exec-6] Evaluating text literal: "'%; background: #3b82f6;'"
2026-07-01T16:51:48.096-03:00 TRACE 20444 --- [estoque] [http-nio-8383-exec-6] o.t.s.expression.AdditionExpression      : [THYMELEAF][http-nio-8383-exec-6] Evaluating addition expression: "('height:' + ${h}) + '%; background: #3b82f6;'"
2026-07-01T16:51:48.096-03:00 TRACE 20444 --- [estoque] [http-nio-8383-exec-6] o.t.s.expression.AdditionExpression      : [THYMELEAF][http-nio-8383-exec-6] Evaluating addition expression: "'height:' + ${h}"
2026-07-01T16:51:48.097-03:00 TRACE 20444 --- [estoque] [http-nio-8383-exec-6] o.t.s.expression.TextLiteralExpression   : [THYMELEAF][http-nio-8383-exec-6] Evaluating text literal: "'height:'"
2026-07-01T16:51:48.097-03:00 TRACE 20444 --- [estoque] [http-nio-8383-exec-6] o.t.s.expression.VariableExpression      : [THYMELEAF][http-nio-8383-exec-6] Evaluating variable expression: "${h}"
2026-07-01T16:51:48.098-03:00 TRACE 20444 --- [estoque] [http-nio-8383-exec-6] o.t.s.e.SPELVariableExpressionEvaluator  : [THYMELEAF][http-nio-8383-exec-6] SpringEL expression: evaluating expression "h" on target
2026-07-01T16:51:48.098-03:00 TRACE 20444 --- [estoque] [http-nio-8383-exec-6] o.t.s.expression.TextLiteralExpression   : [THYMELEAF][http-nio-8383-exec-6] Evaluating text literal: "'%; background: #3b82f6;'"
2026-07-01T16:51:48.098-03:00 TRACE 20444 --- [estoque] [http-nio-8383-exec-6] o.t.s.expression.AdditionExpression      : [THYMELEAF][http-nio-8383-exec-6] Evaluating addition expression: "('height:' + ${h}) + '%; background: #3b82f6;'"
2026-07-01T16:51:48.100-03:00 TRACE 20444 --- [estoque] [http-nio-8383-exec-6] o.t.s.expression.AdditionExpression      : [THYMELEAF][http-nio-8383-exec-6] Evaluating addition expression: "'height:' + ${h}"
2026-07-01T16:51:48.100-03:00 TRACE 20444 --- [estoque] [http-nio-8383-exec-6] o.t.s.expression.TextLiteralExpression   : [THYMELEAF][http-nio-8383-exec-6] Evaluating text literal: "'height:'"
2026-07-01T16:51:48.100-03:00 TRACE 20444 --- [estoque] [http-nio-8383-exec-6] o.t.s.expression.VariableExpression      : [THYMELEAF][http-nio-8383-exec-6] Evaluating variable expression: "${h}"
2026-07-01T16:51:48.100-03:00 TRACE 20444 --- [estoque] [http-nio-8383-exec-6] o.t.s.e.SPELVariableExpressionEvaluator  : [THYMELEAF][http-nio-8383-exec-6] SpringEL expression: evaluating expression "h" on target
2026-07-01T16:51:48.100-03:00 TRACE 20444 --- [estoque] [http-nio-8383-exec-6] o.t.s.expression.TextLiteralExpression   : [THYMELEAF][http-nio-8383-exec-6] Evaluating text literal: "'%; background: #3b82f6;'"
2026-07-01T16:51:48.101-03:00 TRACE 20444 --- [estoque] [http-nio-8383-exec-6] o.t.s.expression.AdditionExpression      : [THYMELEAF][http-nio-8383-exec-6] Evaluating addition expression: "('height:' + ${h}) + '%; background: #3b82f6;'"
2026-07-01T16:51:48.101-03:00 TRACE 20444 --- [estoque] [http-nio-8383-exec-6] o.t.s.expression.AdditionExpression      : [THYMELEAF][http-nio-8383-exec-6] Evaluating addition expression: "'height:' + ${h}"
2026-07-01T16:51:48.101-03:00 TRACE 20444 --- [estoque] [http-nio-8383-exec-6] o.t.s.expression.TextLiteralExpression   : [THYMELEAF][http-nio-8383-exec-6] Evaluating text literal: "'height:'"
2026-07-01T16:51:48.102-03:00 TRACE 20444 --- [estoque] [http-nio-8383-exec-6] o.t.s.expression.VariableExpression      : [THYMELEAF][http-nio-8383-exec-6] Evaluating variable expression: "${h}"
2026-07-01T16:51:48.102-03:00 TRACE 20444 --- [estoque] [http-nio-8383-exec-6] o.t.s.e.SPELVariableExpressionEvaluator  : [THYMELEAF][http-nio-8383-exec-6] SpringEL expression: evaluating expression "h" on target
2026-07-01T16:51:48.102-03:00 TRACE 20444 --- [estoque] [http-nio-8383-exec-6] o.t.s.expression.TextLiteralExpression   : [THYMELEAF][http-nio-8383-exec-6] Evaluating text literal: "'%; background: #3b82f6;'"
2026-07-01T16:51:48.102-03:00 TRACE 20444 --- [estoque] [http-nio-8383-exec-6] o.t.s.expression.AdditionExpression      : [THYMELEAF][http-nio-8383-exec-6] Evaluating addition expression: "('height:' + ${h}) + '%; background: #3b82f6;'"
2026-07-01T16:51:48.103-03:00 TRACE 20444 --- [estoque] [http-nio-8383-exec-6] o.t.s.expression.AdditionExpression      : [THYMELEAF][http-nio-8383-exec-6] Evaluating addition expression: "'height:' + ${h}"
2026-07-01T16:51:48.103-03:00 TRACE 20444 --- [estoque] [http-nio-8383-exec-6] o.t.s.expression.TextLiteralExpression   : [THYMELEAF][http-nio-8383-exec-6] Evaluating text literal: "'height:'"
2026-07-01T16:51:48.103-03:00 TRACE 20444 --- [estoque] [http-nio-8383-exec-6] o.t.s.expression.VariableExpression      : [THYMELEAF][http-nio-8383-exec-6] Evaluating variable expression: "${h}"
2026-07-01T16:51:48.103-03:00 TRACE 20444 --- [estoque] [http-nio-8383-exec-6] o.t.s.e.SPELVariableExpressionEvaluator  : [THYMELEAF][http-nio-8383-exec-6] SpringEL expression: evaluating expression "h" on target
2026-07-01T16:51:48.103-03:00 TRACE 20444 --- [estoque] [http-nio-8383-exec-6] o.t.s.expression.TextLiteralExpression   : [THYMELEAF][http-nio-8383-exec-6] Evaluating text literal: "'%; background: #3b82f6;'"
2026-07-01T16:51:48.104-03:00 TRACE 20444 --- [estoque] [http-nio-8383-exec-6] o.t.s.expression.AdditionExpression      : [THYMELEAF][http-nio-8383-exec-6] Evaluating addition expression: "('height:' + ${h}) + '%; background: #3b82f6;'"
2026-07-01T16:51:48.104-03:00 TRACE 20444 --- [estoque] [http-nio-8383-exec-6] o.t.s.expression.AdditionExpression      : [THYMELEAF][http-nio-8383-exec-6] Evaluating addition expression: "'height:' + ${h}"
2026-07-01T16:51:48.104-03:00 TRACE 20444 --- [estoque] [http-nio-8383-exec-6] o.t.s.expression.TextLiteralExpression   : [THYMELEAF][http-nio-8383-exec-6] Evaluating text literal: "'height:'"
2026-07-01T16:51:48.104-03:00 TRACE 20444 --- [estoque] [http-nio-8383-exec-6] o.t.s.expression.VariableExpression      : [THYMELEAF][http-nio-8383-exec-6] Evaluating variable expression: "${h}"
2026-07-01T16:51:48.104-03:00 TRACE 20444 --- [estoque] [http-nio-8383-exec-6] o.t.s.e.SPELVariableExpressionEvaluator  : [THYMELEAF][http-nio-8383-exec-6] SpringEL expression: evaluating expression "h" on target
2026-07-01T16:51:48.104-03:00 TRACE 20444 --- [estoque] [http-nio-8383-exec-6] o.t.s.expression.TextLiteralExpression   : [THYMELEAF][http-nio-8383-exec-6] Evaluating text literal: "'%; background: #3b82f6;'"
2026-07-01T16:51:48.105-03:00 TRACE 20444 --- [estoque] [http-nio-8383-exec-6] o.t.T.cache.EXPRESSION_CACHE             : [THYMELEAF][http-nio-8383-exec-6][EXPRESSION_CACHE][CACHE_HIT] Cache hit in cache "EXPRESSION_CACHE" for key "expr|${kpiPedidosValor}".
2026-07-01T16:51:48.146-03:00 TRACE 20444 --- [estoque] [http-nio-8383-exec-6] o.t.s.expression.VariableExpression      : [THYMELEAF][http-nio-8383-exec-6] Evaluating variable expression: "${kpiPedidosValor}"
2026-07-01T16:51:48.186-03:00 TRACE 20444 --- [estoque] [http-nio-8383-exec-6] o.t.s.e.SPELVariableExpressionEvaluator  : [THYMELEAF][http-nio-8383-exec-6] SpringEL expression: evaluating expression "kpiPedidosValor" on target
2026-07-01T16:51:48.194-03:00 TRACE 20444 --- [estoque] [http-nio-8383-exec-6] o.t.T.cache.EXPRESSION_CACHE             : [THYMELEAF][http-nio-8383-exec-6][EXPRESSION_CACHE][CACHE_HIT] Cache hit in cache "EXPRESSION_CACHE" for key "expr|${kpiPedidosPositiva} ? ' up' : ' down'".
2026-07-01T16:51:48.195-03:00 TRACE 20444 --- [estoque] [http-nio-8383-exec-6] o.t.s.expression.ConditionalExpression   : [THYMELEAF][http-nio-8383-exec-6] Evaluating conditional expression: "${kpiPedidosPositiva}? ' up' : ' down'"
2026-07-01T16:51:48.195-03:00 TRACE 20444 --- [estoque] [http-nio-8383-exec-6] o.t.s.expression.VariableExpression      : [THYMELEAF][http-nio-8383-exec-6] Evaluating variable expression: "${kpiPedidosPositiva}"
2026-07-01T16:51:48.195-03:00 TRACE 20444 --- [estoque] [http-nio-8383-exec-6] o.t.s.e.SPELVariableExpressionEvaluator  : [THYMELEAF][http-nio-8383-exec-6] SpringEL expression: evaluating expression "kpiPedidosPositiva" on target
2026-07-01T16:51:48.199-03:00 TRACE 20444 --- [estoque] [http-nio-8383-exec-6] o.t.s.expression.TextLiteralExpression   : [THYMELEAF][http-nio-8383-exec-6] Evaluating text literal: "' down'"
2026-07-01T16:51:48.202-03:00 TRACE 20444 --- [estoque] [http-nio-8383-exec-6] o.t.T.cache.EXPRESSION_CACHE             : [THYMELEAF][http-nio-8383-exec-6][EXPRESSION_CACHE][CACHE_HIT] Cache hit in cache "EXPRESSION_CACHE" for key "expr|${kpiPedidosPositiva} ? '23 6 13.5 15.5 8.5 10.5 1 18' : '23 18 13.5 8.5 8.5 13.5 1 6'".
2026-07-01T16:51:48.202-03:00 TRACE 20444 --- [estoque] [http-nio-8383-exec-6] o.t.s.expression.ConditionalExpression   : [THYMELEAF][http-nio-8383-exec-6] Evaluating conditional expression: "${kpiPedidosPositiva}? '23 6 13.5 15.5 8.5 10.5 1 18' : '23 18 13.5 8.5 8.5 13.5 1 6'"
2026-07-01T16:51:48.203-03:00 TRACE 20444 --- [estoque] [http-nio-8383-exec-6] o.t.s.expression.VariableExpression      : [THYMELEAF][http-nio-8383-exec-6] Evaluating variable expression: "${kpiPedidosPositiva}"
2026-07-01T16:51:48.203-03:00 TRACE 20444 --- [estoque] [http-nio-8383-exec-6] o.t.s.e.SPELVariableExpressionEvaluator  : [THYMELEAF][http-nio-8383-exec-6] SpringEL expression: evaluating expression "kpiPedidosPositiva" on target
2026-07-01T16:51:48.203-03:00 TRACE 20444 --- [estoque] [http-nio-8383-exec-6] o.t.s.expression.TextLiteralExpression   : [THYMELEAF][http-nio-8383-exec-6] Evaluating text literal: "'23 18 13.5 8.5 8.5 13.5 1 6'"
2026-07-01T16:51:48.204-03:00 TRACE 20444 --- [estoque] [http-nio-8383-exec-6] o.t.T.cache.EXPRESSION_CACHE             : [THYMELEAF][http-nio-8383-exec-6][EXPRESSION_CACHE][CACHE_HIT] Cache hit in cache "EXPRESSION_CACHE" for key "expr|${kpiPedidosPositiva} ? '17 6 23 6 23 12' : '17 18 23 18 23 12'".
2026-07-01T16:51:48.204-03:00 TRACE 20444 --- [estoque] [http-nio-8383-exec-6] o.t.s.expression.ConditionalExpression   : [THYMELEAF][http-nio-8383-exec-6] Evaluating conditional expression: "${kpiPedidosPositiva}? '17 6 23 6 23 12' : '17 18 23 18 23 12'"
2026-07-01T16:51:48.205-03:00 TRACE 20444 --- [estoque] [http-nio-8383-exec-6] o.t.s.expression.VariableExpression      : [THYMELEAF][http-nio-8383-exec-6] Evaluating variable expression: "${kpiPedidosPositiva}"
2026-07-01T16:51:48.205-03:00 TRACE 20444 --- [estoque] [http-nio-8383-exec-6] o.t.s.e.SPELVariableExpressionEvaluator  : [THYMELEAF][http-nio-8383-exec-6] SpringEL expression: evaluating expression "kpiPedidosPositiva" on target
2026-07-01T16:51:48.205-03:00 TRACE 20444 --- [estoque] [http-nio-8383-exec-6] o.t.s.expression.TextLiteralExpression   : [THYMELEAF][http-nio-8383-exec-6] Evaluating text literal: "'17 18 23 18 23 12'"
2026-07-01T16:51:48.205-03:00 TRACE 20444 --- [estoque] [http-nio-8383-exec-6] o.t.T.cache.EXPRESSION_CACHE             : [THYMELEAF][http-nio-8383-exec-6][EXPRESSION_CACHE][CACHE_HIT] Cache hit in cache "EXPRESSION_CACHE" for key "expr|${kpiPedidosVariacao} + '% vs mês anterior'".
2026-07-01T16:51:48.205-03:00 TRACE 20444 --- [estoque] [http-nio-8383-exec-6] o.t.s.expression.AdditionExpression      : [THYMELEAF][http-nio-8383-exec-6] Evaluating addition expression: "${kpiPedidosVariacao} + '% vs mês anterior'"
2026-07-01T16:51:48.206-03:00 TRACE 20444 --- [estoque] [http-nio-8383-exec-6] o.t.s.expression.VariableExpression      : [THYMELEAF][http-nio-8383-exec-6] Evaluating variable expression: "${kpiPedidosVariacao}"
2026-07-01T16:51:48.206-03:00 TRACE 20444 --- [estoque] [http-nio-8383-exec-6] o.t.s.e.SPELVariableExpressionEvaluator  : [THYMELEAF][http-nio-8383-exec-6] SpringEL expression: evaluating expression "kpiPedidosVariacao" on target
2026-07-01T16:51:48.206-03:00 TRACE 20444 --- [estoque] [http-nio-8383-exec-6] o.t.s.expression.TextLiteralExpression   : [THYMELEAF][http-nio-8383-exec-6] Evaluating text literal: "'% vs mês anterior'"
2026-07-01T16:51:48.207-03:00 TRACE 20444 --- [estoque] [http-nio-8383-exec-6] o.t.T.cache.EXPRESSION_CACHE             : [THYMELEAF][http-nio-8383-exec-6][EXPRESSION_CACHE][CACHE_HIT] Cache hit in cache "EXPRESSION_CACHE" for key "each|h : ${sparklinePedidos}".
2026-07-01T16:51:48.207-03:00 TRACE 20444 --- [estoque] [http-nio-8383-exec-6] o.t.s.expression.GenericTokenExpression  : [THYMELEAF][http-nio-8383-exec-6] Evaluating generic token: "h"
2026-07-01T16:51:48.207-03:00 TRACE 20444 --- [estoque] [http-nio-8383-exec-6] o.t.s.expression.VariableExpression      : [THYMELEAF][http-nio-8383-exec-6] Evaluating variable expression: "${sparklinePedidos}"
2026-07-01T16:51:48.208-03:00 TRACE 20444 --- [estoque] [http-nio-8383-exec-6] o.t.s.e.SPELVariableExpressionEvaluator  : [THYMELEAF][http-nio-8383-exec-6] SpringEL expression: evaluating expression "sparklinePedidos" on target
2026-07-01T16:51:48.208-03:00 TRACE 20444 --- [estoque] [http-nio-8383-exec-6] o.t.T.cache.EXPRESSION_CACHE             : [THYMELEAF][http-nio-8383-exec-6][EXPRESSION_CACHE][CACHE_HIT] Cache hit in cache "EXPRESSION_CACHE" for key "expr|'height:' + ${h} + '%; background: #7c3aed;'".
2026-07-01T16:51:48.209-03:00 TRACE 20444 --- [estoque] [http-nio-8383-exec-6] o.t.s.expression.AdditionExpression      : [THYMELEAF][http-nio-8383-exec-6] Evaluating addition expression: "('height:' + ${h}) + '%; background: #7c3aed;'"
2026-07-01T16:51:48.209-03:00 TRACE 20444 --- [estoque] [http-nio-8383-exec-6] o.t.s.expression.AdditionExpression      : [THYMELEAF][http-nio-8383-exec-6] Evaluating addition expression: "'height:' + ${h}"
2026-07-01T16:51:48.210-03:00 TRACE 20444 --- [estoque] [http-nio-8383-exec-6] o.t.s.expression.TextLiteralExpression   : [THYMELEAF][http-nio-8383-exec-6] Evaluating text literal: "'height:'"
2026-07-01T16:51:48.210-03:00 TRACE 20444 --- [estoque] [http-nio-8383-exec-6] o.t.s.expression.VariableExpression      : [THYMELEAF][http-nio-8383-exec-6] Evaluating variable expression: "${h}"
2026-07-01T16:51:48.210-03:00 TRACE 20444 --- [estoque] [http-nio-8383-exec-6] o.t.s.e.SPELVariableExpressionEvaluator  : [THYMELEAF][http-nio-8383-exec-6] SpringEL expression: evaluating expression "h" on target
2026-07-01T16:51:48.210-03:00 TRACE 20444 --- [estoque] [http-nio-8383-exec-6] o.t.s.expression.TextLiteralExpression   : [THYMELEAF][http-nio-8383-exec-6] Evaluating text literal: "'%; background: #7c3aed;'"
2026-07-01T16:51:48.211-03:00 TRACE 20444 --- [estoque] [http-nio-8383-exec-6] o.t.s.expression.AdditionExpression      : [THYMELEAF][http-nio-8383-exec-6] Evaluating addition expression: "('height:' + ${h}) + '%; background: #7c3aed;'"
2026-07-01T16:51:48.211-03:00 TRACE 20444 --- [estoque] [http-nio-8383-exec-6] o.t.s.expression.AdditionExpression      : [THYMELEAF][http-nio-8383-exec-6] Evaluating addition expression: "'height:' + ${h}"
2026-07-01T16:51:48.211-03:00 TRACE 20444 --- [estoque] [http-nio-8383-exec-6] o.t.s.expression.TextLiteralExpression   : [THYMELEAF][http-nio-8383-exec-6] Evaluating text literal: "'height:'"
2026-07-01T16:51:48.211-03:00 TRACE 20444 --- [estoque] [http-nio-8383-exec-6] o.t.s.expression.VariableExpression      : [THYMELEAF][http-nio-8383-exec-6] Evaluating variable expression: "${h}"
2026-07-01T16:51:48.211-03:00 TRACE 20444 --- [estoque] [http-nio-8383-exec-6] o.t.s.e.SPELVariableExpressionEvaluator  : [THYMELEAF][http-nio-8383-exec-6] SpringEL expression: evaluating expression "h" on target
2026-07-01T16:51:48.212-03:00 TRACE 20444 --- [estoque] [http-nio-8383-exec-6] o.t.s.expression.TextLiteralExpression   : [THYMELEAF][http-nio-8383-exec-6] Evaluating text literal: "'%; background: #7c3aed;'"
2026-07-01T16:51:48.212-03:00 TRACE 20444 --- [estoque] [http-nio-8383-exec-6] o.t.s.expression.AdditionExpression      : [THYMELEAF][http-nio-8383-exec-6] Evaluating addition expression: "('height:' + ${h}) + '%; background: #7c3aed;'"
2026-07-01T16:51:48.212-03:00 TRACE 20444 --- [estoque] [http-nio-8383-exec-6] o.t.s.expression.AdditionExpression      : [THYMELEAF][http-nio-8383-exec-6] Evaluating addition expression: "'height:' + ${h}"
2026-07-01T16:51:48.212-03:00 TRACE 20444 --- [estoque] [http-nio-8383-exec-6] o.t.s.expression.TextLiteralExpression   : [THYMELEAF][http-nio-8383-exec-6] Evaluating text literal: "'height:'"
2026-07-01T16:51:48.213-03:00 TRACE 20444 --- [estoque] [http-nio-8383-exec-6] o.t.s.expression.VariableExpression      : [THYMELEAF][http-nio-8383-exec-6] Evaluating variable expression: "${h}"
2026-07-01T16:51:48.213-03:00 TRACE 20444 --- [estoque] [http-nio-8383-exec-6] o.t.s.e.SPELVariableExpressionEvaluator  : [THYMELEAF][http-nio-8383-exec-6] SpringEL expression: evaluating expression "h" on target
2026-07-01T16:51:48.213-03:00 TRACE 20444 --- [estoque] [http-nio-8383-exec-6] o.t.s.expression.TextLiteralExpression   : [THYMELEAF][http-nio-8383-exec-6] Evaluating text literal: "'%; background: #7c3aed;'"
2026-07-01T16:51:48.214-03:00 TRACE 20444 --- [estoque] [http-nio-8383-exec-6] o.t.s.expression.AdditionExpression      : [THYMELEAF][http-nio-8383-exec-6] Evaluating addition expression: "('height:' + ${h}) + '%; background: #7c3aed;'"
2026-07-01T16:51:48.219-03:00 TRACE 20444 --- [estoque] [http-nio-8383-exec-6] o.t.s.expression.AdditionExpression      : [THYMELEAF][http-nio-8383-exec-6] Evaluating addition expression: "'height:' + ${h}"
2026-07-01T16:51:48.219-03:00 TRACE 20444 --- [estoque] [http-nio-8383-exec-6] o.t.s.expression.TextLiteralExpression   : [THYMELEAF][http-nio-8383-exec-6] Evaluating text literal: "'height:'"
2026-07-01T16:51:48.235-03:00 TRACE 20444 --- [estoque] [http-nio-8383-exec-6] o.t.s.expression.VariableExpression      : [THYMELEAF][http-nio-8383-exec-6] Evaluating variable expression: "${h}"
2026-07-01T16:51:48.235-03:00 TRACE 20444 --- [estoque] [http-nio-8383-exec-6] o.t.s.e.SPELVariableExpressionEvaluator  : [THYMELEAF][http-nio-8383-exec-6] SpringEL expression: evaluating expression "h" on target
2026-07-01T16:51:48.236-03:00 TRACE 20444 --- [estoque] [http-nio-8383-exec-6] o.t.s.expression.TextLiteralExpression   : [THYMELEAF][http-nio-8383-exec-6] Evaluating text literal: "'%; background: #7c3aed;'"
2026-07-01T16:51:48.236-03:00 TRACE 20444 --- [estoque] [http-nio-8383-exec-6] o.t.s.expression.AdditionExpression      : [THYMELEAF][http-nio-8383-exec-6] Evaluating addition expression: "('height:' + ${h}) + '%; background: #7c3aed;'"
2026-07-01T16:51:48.236-03:00 TRACE 20444 --- [estoque] [http-nio-8383-exec-6] o.t.s.expression.AdditionExpression      : [THYMELEAF][http-nio-8383-exec-6] Evaluating addition expression: "'height:' + ${h}"
2026-07-01T16:51:48.236-03:00 TRACE 20444 --- [estoque] [http-nio-8383-exec-6] o.t.s.expression.TextLiteralExpression   : [THYMELEAF][http-nio-8383-exec-6] Evaluating text literal: "'height:'"
2026-07-01T16:51:48.236-03:00 TRACE 20444 --- [estoque] [http-nio-8383-exec-6] o.t.s.expression.VariableExpression      : [THYMELEAF][http-nio-8383-exec-6] Evaluating variable expression: "${h}"
2026-07-01T16:51:48.237-03:00 TRACE 20444 --- [estoque] [http-nio-8383-exec-6] o.t.s.e.SPELVariableExpressionEvaluator  : [THYMELEAF][http-nio-8383-exec-6] SpringEL expression: evaluating expression "h" on target
2026-07-01T16:51:48.238-03:00 TRACE 20444 --- [estoque] [http-nio-8383-exec-6] o.t.s.expression.TextLiteralExpression   : [THYMELEAF][http-nio-8383-exec-6] Evaluating text literal: "'%; background: #7c3aed;'"
2026-07-01T16:51:48.244-03:00 TRACE 20444 --- [estoque] [http-nio-8383-exec-6] o.t.s.expression.AdditionExpression      : [THYMELEAF][http-nio-8383-exec-6] Evaluating addition expression: "('height:' + ${h}) + '%; background: #7c3aed;'"
2026-07-01T16:51:48.245-03:00 TRACE 20444 --- [estoque] [http-nio-8383-exec-6] o.t.s.expression.AdditionExpression      : [THYMELEAF][http-nio-8383-exec-6] Evaluating addition expression: "'height:' + ${h}"
2026-07-01T16:51:48.247-03:00 TRACE 20444 --- [estoque] [http-nio-8383-exec-6] o.t.s.expression.TextLiteralExpression   : [THYMELEAF][http-nio-8383-exec-6] Evaluating text literal: "'height:'"
2026-07-01T16:51:48.247-03:00 TRACE 20444 --- [estoque] [http-nio-8383-exec-6] o.t.s.expression.VariableExpression      : [THYMELEAF][http-nio-8383-exec-6] Evaluating variable expression: "${h}"
2026-07-01T16:51:48.253-03:00 TRACE 20444 --- [estoque] [http-nio-8383-exec-6] o.t.s.e.SPELVariableExpressionEvaluator  : [THYMELEAF][http-nio-8383-exec-6] SpringEL expression: evaluating expression "h" on target
2026-07-01T16:51:48.253-03:00 TRACE 20444 --- [estoque] [http-nio-8383-exec-6] o.t.s.expression.TextLiteralExpression   : [THYMELEAF][http-nio-8383-exec-6] Evaluating text literal: "'%; background: #7c3aed;'"
2026-07-01T16:51:48.253-03:00 TRACE 20444 --- [estoque] [http-nio-8383-exec-6] o.t.s.expression.AdditionExpression      : [THYMELEAF][http-nio-8383-exec-6] Evaluating addition expression: "('height:' + ${h}) + '%; background: #7c3aed;'"
2026-07-01T16:51:48.253-03:00 TRACE 20444 --- [estoque] [http-nio-8383-exec-6] o.t.s.expression.AdditionExpression      : [THYMELEAF][http-nio-8383-exec-6] Evaluating addition expression: "'height:' + ${h}"
2026-07-01T16:51:48.254-03:00 TRACE 20444 --- [estoque] [http-nio-8383-exec-6] o.t.s.expression.TextLiteralExpression   : [THYMELEAF][http-nio-8383-exec-6] Evaluating text literal: "'height:'"
2026-07-01T16:51:48.254-03:00 TRACE 20444 --- [estoque] [http-nio-8383-exec-6] o.t.s.expression.VariableExpression      : [THYMELEAF][http-nio-8383-exec-6] Evaluating variable expression: "${h}"
2026-07-01T16:51:48.255-03:00 TRACE 20444 --- [estoque] [http-nio-8383-exec-6] o.t.s.e.SPELVariableExpressionEvaluator  : [THYMELEAF][http-nio-8383-exec-6] SpringEL expression: evaluating expression "h" on target
2026-07-01T16:51:48.255-03:00 TRACE 20444 --- [estoque] [http-nio-8383-exec-6] o.t.s.expression.TextLiteralExpression   : [THYMELEAF][http-nio-8383-exec-6] Evaluating text literal: "'%; background: #7c3aed;'"
2026-07-01T16:51:48.257-03:00 TRACE 20444 --- [estoque] [http-nio-8383-exec-6] o.t.s.expression.AdditionExpression      : [THYMELEAF][http-nio-8383-exec-6] Evaluating addition expression: "('height:' + ${h}) + '%; background: #7c3aed;'"
2026-07-01T16:51:48.258-03:00 TRACE 20444 --- [estoque] [http-nio-8383-exec-6] o.t.s.expression.AdditionExpression      : [THYMELEAF][http-nio-8383-exec-6] Evaluating addition expression: "'height:' + ${h}"
2026-07-01T16:51:48.259-03:00 TRACE 20444 --- [estoque] [http-nio-8383-exec-6] o.t.s.expression.TextLiteralExpression   : [THYMELEAF][http-nio-8383-exec-6] Evaluating text literal: "'height:'"
2026-07-01T16:51:48.259-03:00 TRACE 20444 --- [estoque] [http-nio-8383-exec-6] o.t.s.expression.VariableExpression      : [THYMELEAF][http-nio-8383-exec-6] Evaluating variable expression: "${h}"
2026-07-01T16:51:48.259-03:00 TRACE 20444 --- [estoque] [http-nio-8383-exec-6] o.t.s.e.SPELVariableExpressionEvaluator  : [THYMELEAF][http-nio-8383-exec-6] SpringEL expression: evaluating expression "h" on target
2026-07-01T16:51:48.259-03:00 TRACE 20444 --- [estoque] [http-nio-8383-exec-6] o.t.s.expression.TextLiteralExpression   : [THYMELEAF][http-nio-8383-exec-6] Evaluating text literal: "'%; background: #7c3aed;'"
2026-07-01T16:51:48.262-03:00 TRACE 20444 --- [estoque] [http-nio-8383-exec-6] o.t.s.expression.AdditionExpression      : [THYMELEAF][http-nio-8383-exec-6] Evaluating addition expression: "('height:' + ${h}) + '%; background: #7c3aed;'"
2026-07-01T16:51:48.263-03:00 TRACE 20444 --- [estoque] [http-nio-8383-exec-6] o.t.s.expression.AdditionExpression      : [THYMELEAF][http-nio-8383-exec-6] Evaluating addition expression: "'height:' + ${h}"
2026-07-01T16:51:48.268-03:00 TRACE 20444 --- [estoque] [http-nio-8383-exec-6] o.t.s.expression.TextLiteralExpression   : [THYMELEAF][http-nio-8383-exec-6] Evaluating text literal: "'height:'"
2026-07-01T16:51:48.269-03:00 TRACE 20444 --- [estoque] [http-nio-8383-exec-6] o.t.s.expression.VariableExpression      : [THYMELEAF][http-nio-8383-exec-6] Evaluating variable expression: "${h}"
2026-07-01T16:51:48.270-03:00 TRACE 20444 --- [estoque] [http-nio-8383-exec-6] o.t.s.e.SPELVariableExpressionEvaluator  : [THYMELEAF][http-nio-8383-exec-6] SpringEL expression: evaluating expression "h" on target
2026-07-01T16:51:48.271-03:00 TRACE 20444 --- [estoque] [http-nio-8383-exec-6] o.t.s.expression.TextLiteralExpression   : [THYMELEAF][http-nio-8383-exec-6] Evaluating text literal: "'%; background: #7c3aed;'"
2026-07-01T16:51:48.273-03:00 TRACE 20444 --- [estoque] [http-nio-8383-exec-6] o.t.s.expression.AdditionExpression      : [THYMELEAF][http-nio-8383-exec-6] Evaluating addition expression: "('height:' + ${h}) + '%; background: #7c3aed;'"
2026-07-01T16:51:48.273-03:00 TRACE 20444 --- [estoque] [http-nio-8383-exec-6] o.t.s.expression.AdditionExpression      : [THYMELEAF][http-nio-8383-exec-6] Evaluating addition expression: "'height:' + ${h}"
2026-07-01T16:51:48.273-03:00 TRACE 20444 --- [estoque] [http-nio-8383-exec-6] o.t.s.expression.TextLiteralExpression   : [THYMELEAF][http-nio-8383-exec-6] Evaluating text literal: "'height:'"
2026-07-01T16:51:48.274-03:00 TRACE 20444 --- [estoque] [http-nio-8383-exec-6] o.t.s.expression.VariableExpression      : [THYMELEAF][http-nio-8383-exec-6] Evaluating variable expression: "${h}"
2026-07-01T16:51:48.274-03:00 TRACE 20444 --- [estoque] [http-nio-8383-exec-6] o.t.s.e.SPELVariableExpressionEvaluator  : [THYMELEAF][http-nio-8383-exec-6] SpringEL expression: evaluating expression "h" on target
2026-07-01T16:51:48.276-03:00 TRACE 20444 --- [estoque] [http-nio-8383-exec-6] o.t.s.expression.TextLiteralExpression   : [THYMELEAF][http-nio-8383-exec-6] Evaluating text literal: "'%; background: #7c3aed;'"
2026-07-01T16:51:48.277-03:00 TRACE 20444 --- [estoque] [http-nio-8383-exec-6] o.t.T.cache.EXPRESSION_CACHE             : [THYMELEAF][http-nio-8383-exec-6][EXPRESSION_CACHE][CACHE_HIT] Cache hit in cache "EXPRESSION_CACHE" for key "expr|${kpiClientesValor}".
2026-07-01T16:51:48.277-03:00 TRACE 20444 --- [estoque] [http-nio-8383-exec-6] o.t.s.expression.VariableExpression      : [THYMELEAF][http-nio-8383-exec-6] Evaluating variable expression: "${kpiClientesValor}"
2026-07-01T16:51:48.277-03:00 TRACE 20444 --- [estoque] [http-nio-8383-exec-6] o.t.s.e.SPELVariableExpressionEvaluator  : [THYMELEAF][http-nio-8383-exec-6] SpringEL expression: evaluating expression "kpiClientesValor" on target
2026-07-01T16:51:48.277-03:00 TRACE 20444 --- [estoque] [http-nio-8383-exec-6] o.t.T.cache.EXPRESSION_CACHE             : [THYMELEAF][http-nio-8383-exec-6][EXPRESSION_CACHE][CACHE_HIT] Cache hit in cache "EXPRESSION_CACHE" for key "expr|${kpiClientesPositiva} ? ' up' : ' down'".
2026-07-01T16:51:48.278-03:00 TRACE 20444 --- [estoque] [http-nio-8383-exec-6] o.t.s.expression.ConditionalExpression   : [THYMELEAF][http-nio-8383-exec-6] Evaluating conditional expression: "${kpiClientesPositiva}? ' up' : ' down'"
2026-07-01T16:51:48.278-03:00 TRACE 20444 --- [estoque] [http-nio-8383-exec-6] o.t.s.expression.VariableExpression      : [THYMELEAF][http-nio-8383-exec-6] Evaluating variable expression: "${kpiClientesPositiva}"
2026-07-01T16:51:48.278-03:00 TRACE 20444 --- [estoque] [http-nio-8383-exec-6] o.t.s.e.SPELVariableExpressionEvaluator  : [THYMELEAF][http-nio-8383-exec-6] SpringEL expression: evaluating expression "kpiClientesPositiva" on target
2026-07-01T16:51:48.279-03:00 TRACE 20444 --- [estoque] [http-nio-8383-exec-6] o.t.s.expression.TextLiteralExpression   : [THYMELEAF][http-nio-8383-exec-6] Evaluating text literal: "' down'"
2026-07-01T16:51:48.279-03:00 TRACE 20444 --- [estoque] [http-nio-8383-exec-6] o.t.T.cache.EXPRESSION_CACHE             : [THYMELEAF][http-nio-8383-exec-6][EXPRESSION_CACHE][CACHE_HIT] Cache hit in cache "EXPRESSION_CACHE" for key "expr|${kpiClientesPositiva} ? '23 6 13.5 15.5 8.5 10.5 1 18' : '23 18 13.5 8.5 8.5 13.5 1 6'".
2026-07-01T16:51:48.280-03:00 TRACE 20444 --- [estoque] [http-nio-8383-exec-6] o.t.s.expression.ConditionalExpression   : [THYMELEAF][http-nio-8383-exec-6] Evaluating conditional expression: "${kpiClientesPositiva}? '23 6 13.5 15.5 8.5 10.5 1 18' : '23 18 13.5 8.5 8.5 13.5 1 6'"
2026-07-01T16:51:48.293-03:00 TRACE 20444 --- [estoque] [http-nio-8383-exec-6] o.t.s.expression.VariableExpression      : [THYMELEAF][http-nio-8383-exec-6] Evaluating variable expression: "${kpiClientesPositiva}"
2026-07-01T16:51:48.293-03:00 TRACE 20444 --- [estoque] [http-nio-8383-exec-6] o.t.s.e.SPELVariableExpressionEvaluator  : [THYMELEAF][http-nio-8383-exec-6] SpringEL expression: evaluating expression "kpiClientesPositiva" on target
2026-07-01T16:51:48.293-03:00 TRACE 20444 --- [estoque] [http-nio-8383-exec-6] o.t.s.expression.TextLiteralExpression   : [THYMELEAF][http-nio-8383-exec-6] Evaluating text literal: "'23 18 13.5 8.5 8.5 13.5 1 6'"
2026-07-01T16:51:48.294-03:00 TRACE 20444 --- [estoque] [http-nio-8383-exec-6] o.t.T.cache.EXPRESSION_CACHE             : [THYMELEAF][http-nio-8383-exec-6][EXPRESSION_CACHE][CACHE_HIT] Cache hit in cache "EXPRESSION_CACHE" for key "expr|${kpiClientesPositiva} ? '17 6 23 6 23 12' : '17 18 23 18 23 12'".
2026-07-01T16:51:48.294-03:00 TRACE 20444 --- [estoque] [http-nio-8383-exec-6] o.t.s.expression.ConditionalExpression   : [THYMELEAF][http-nio-8383-exec-6] Evaluating conditional expression: "${kpiClientesPositiva}? '17 6 23 6 23 12' : '17 18 23 18 23 12'"
2026-07-01T16:51:48.295-03:00 TRACE 20444 --- [estoque] [http-nio-8383-exec-6] o.t.s.expression.VariableExpression      : [THYMELEAF][http-nio-8383-exec-6] Evaluating variable expression: "${kpiClientesPositiva}"
2026-07-01T16:51:48.295-03:00 TRACE 20444 --- [estoque] [http-nio-8383-exec-6] o.t.s.e.SPELVariableExpressionEvaluator  : [THYMELEAF][http-nio-8383-exec-6] SpringEL expression: evaluating expression "kpiClientesPositiva" on target
2026-07-01T16:51:48.295-03:00 TRACE 20444 --- [estoque] [http-nio-8383-exec-6] o.t.s.expression.TextLiteralExpression   : [THYMELEAF][http-nio-8383-exec-6] Evaluating text literal: "'17 18 23 18 23 12'"
2026-07-01T16:51:48.296-03:00 TRACE 20444 --- [estoque] [http-nio-8383-exec-6] o.t.T.cache.EXPRESSION_CACHE             : [THYMELEAF][http-nio-8383-exec-6][EXPRESSION_CACHE][CACHE_HIT] Cache hit in cache "EXPRESSION_CACHE" for key "expr|${kpiClientesVariacao} + '% vs mês anterior'".
2026-07-01T16:51:48.299-03:00 TRACE 20444 --- [estoque] [http-nio-8383-exec-6] o.t.s.expression.AdditionExpression      : [THYMELEAF][http-nio-8383-exec-6] Evaluating addition expression: "${kpiClientesVariacao} + '% vs mês anterior'"
2026-07-01T16:51:48.299-03:00 TRACE 20444 --- [estoque] [http-nio-8383-exec-6] o.t.s.expression.VariableExpression      : [THYMELEAF][http-nio-8383-exec-6] Evaluating variable expression: "${kpiClientesVariacao}"
2026-07-01T16:51:48.301-03:00 TRACE 20444 --- [estoque] [http-nio-8383-exec-6] o.t.s.e.SPELVariableExpressionEvaluator  : [THYMELEAF][http-nio-8383-exec-6] SpringEL expression: evaluating expression "kpiClientesVariacao" on target
2026-07-01T16:51:48.303-03:00 TRACE 20444 --- [estoque] [http-nio-8383-exec-6] o.t.s.expression.TextLiteralExpression   : [THYMELEAF][http-nio-8383-exec-6] Evaluating text literal: "'% vs mês anterior'"
2026-07-01T16:51:48.304-03:00 TRACE 20444 --- [estoque] [http-nio-8383-exec-6] o.t.T.cache.EXPRESSION_CACHE             : [THYMELEAF][http-nio-8383-exec-6][EXPRESSION_CACHE][CACHE_HIT] Cache hit in cache "EXPRESSION_CACHE" for key "each|h : ${sparklineClientes}".
2026-07-01T16:51:48.305-03:00 TRACE 20444 --- [estoque] [http-nio-8383-exec-6] o.t.s.expression.GenericTokenExpression  : [THYMELEAF][http-nio-8383-exec-6] Evaluating generic token: "h"
2026-07-01T16:51:48.305-03:00 TRACE 20444 --- [estoque] [http-nio-8383-exec-6] o.t.s.expression.VariableExpression      : [THYMELEAF][http-nio-8383-exec-6] Evaluating variable expression: "${sparklineClientes}"
2026-07-01T16:51:48.306-03:00 TRACE 20444 --- [estoque] [http-nio-8383-exec-6] o.t.s.e.SPELVariableExpressionEvaluator  : [THYMELEAF][http-nio-8383-exec-6] SpringEL expression: evaluating expression "sparklineClientes" on target
2026-07-01T16:51:48.306-03:00 TRACE 20444 --- [estoque] [http-nio-8383-exec-6] o.t.T.cache.EXPRESSION_CACHE             : [THYMELEAF][http-nio-8383-exec-6][EXPRESSION_CACHE][CACHE_HIT] Cache hit in cache "EXPRESSION_CACHE" for key "expr|'height:' + ${h} + '%; background: #10b981;'".
2026-07-01T16:51:48.306-03:00 TRACE 20444 --- [estoque] [http-nio-8383-exec-6] o.t.s.expression.AdditionExpression      : [THYMELEAF][http-nio-8383-exec-6] Evaluating addition expression: "('height:' + ${h}) + '%; background: #10b981;'"
2026-07-01T16:51:48.306-03:00 TRACE 20444 --- [estoque] [http-nio-8383-exec-6] o.t.s.expression.AdditionExpression      : [THYMELEAF][http-nio-8383-exec-6] Evaluating addition expression: "'height:' + ${h}"
2026-07-01T16:51:48.307-03:00 TRACE 20444 --- [estoque] [http-nio-8383-exec-6] o.t.s.expression.TextLiteralExpression   : [THYMELEAF][http-nio-8383-exec-6] Evaluating text literal: "'height:'"
2026-07-01T16:51:48.307-03:00 TRACE 20444 --- [estoque] [http-nio-8383-exec-6] o.t.s.expression.VariableExpression      : [THYMELEAF][http-nio-8383-exec-6] Evaluating variable expression: "${h}"
2026-07-01T16:51:48.308-03:00 TRACE 20444 --- [estoque] [http-nio-8383-exec-6] o.t.s.e.SPELVariableExpressionEvaluator  : [THYMELEAF][http-nio-8383-exec-6] SpringEL expression: evaluating expression "h" on target
2026-07-01T16:51:48.308-03:00 TRACE 20444 --- [estoque] [http-nio-8383-exec-6] o.t.s.expression.TextLiteralExpression   : [THYMELEAF][http-nio-8383-exec-6] Evaluating text literal: "'%; background: #10b981;'"
2026-07-01T16:51:48.308-03:00 TRACE 20444 --- [estoque] [http-nio-8383-exec-6] o.t.s.expression.AdditionExpression      : [THYMELEAF][http-nio-8383-exec-6] Evaluating addition expression: "('height:' + ${h}) + '%; background: #10b981;'"
2026-07-01T16:51:48.309-03:00 TRACE 20444 --- [estoque] [http-nio-8383-exec-6] o.t.s.expression.AdditionExpression      : [THYMELEAF][http-nio-8383-exec-6] Evaluating addition expression: "'height:' + ${h}"
2026-07-01T16:51:48.309-03:00 TRACE 20444 --- [estoque] [http-nio-8383-exec-6] o.t.s.expression.TextLiteralExpression   : [THYMELEAF][http-nio-8383-exec-6] Evaluating text literal: "'height:'"
2026-07-01T16:51:48.310-03:00 TRACE 20444 --- [estoque] [http-nio-8383-exec-6] o.t.s.expression.VariableExpression      : [THYMELEAF][http-nio-8383-exec-6] Evaluating variable expression: "${h}"
2026-07-01T16:51:48.310-03:00 TRACE 20444 --- [estoque] [http-nio-8383-exec-6] o.t.s.e.SPELVariableExpressionEvaluator  : [THYMELEAF][http-nio-8383-exec-6] SpringEL expression: evaluating expression "h" on target
2026-07-01T16:51:48.310-03:00 TRACE 20444 --- [estoque] [http-nio-8383-exec-6] o.t.s.expression.TextLiteralExpression   : [THYMELEAF][http-nio-8383-exec-6] Evaluating text literal: "'%; background: #10b981;'"
2026-07-01T16:51:48.310-03:00 TRACE 20444 --- [estoque] [http-nio-8383-exec-6] o.t.s.expression.AdditionExpression      : [THYMELEAF][http-nio-8383-exec-6] Evaluating addition expression: "('height:' + ${h}) + '%; background: #10b981;'"
2026-07-01T16:51:48.311-03:00 TRACE 20444 --- [estoque] [http-nio-8383-exec-6] o.t.s.expression.AdditionExpression      : [THYMELEAF][http-nio-8383-exec-6] Evaluating addition expression: "'height:' + ${h}"
2026-07-01T16:51:48.311-03:00 TRACE 20444 --- [estoque] [http-nio-8383-exec-6] o.t.s.expression.TextLiteralExpression   : [THYMELEAF][http-nio-8383-exec-6] Evaluating text literal: "'height:'"
2026-07-01T16:51:48.312-03:00 TRACE 20444 --- [estoque] [http-nio-8383-exec-6] o.t.s.expression.VariableExpression      : [THYMELEAF][http-nio-8383-exec-6] Evaluating variable expression: "${h}"
2026-07-01T16:51:48.312-03:00 TRACE 20444 --- [estoque] [http-nio-8383-exec-6] o.t.s.e.SPELVariableExpressionEvaluator  : [THYMELEAF][http-nio-8383-exec-6] SpringEL expression: evaluating expression "h" on target
2026-07-01T16:51:48.312-03:00 TRACE 20444 --- [estoque] [http-nio-8383-exec-6] o.t.s.expression.TextLiteralExpression   : [THYMELEAF][http-nio-8383-exec-6] Evaluating text literal: "'%; background: #10b981;'"
2026-07-01T16:51:48.312-03:00 TRACE 20444 --- [estoque] [http-nio-8383-exec-6] o.t.s.expression.AdditionExpression      : [THYMELEAF][http-nio-8383-exec-6] Evaluating addition expression: "('height:' + ${h}) + '%; background: #10b981;'"
2026-07-01T16:51:48.315-03:00 TRACE 20444 --- [estoque] [http-nio-8383-exec-6] o.t.s.expression.AdditionExpression      : [THYMELEAF][http-nio-8383-exec-6] Evaluating addition expression: "'height:' + ${h}"
2026-07-01T16:51:48.315-03:00 TRACE 20444 --- [estoque] [http-nio-8383-exec-6] o.t.s.expression.TextLiteralExpression   : [THYMELEAF][http-nio-8383-exec-6] Evaluating text literal: "'height:'"
2026-07-01T16:51:48.315-03:00 TRACE 20444 --- [estoque] [http-nio-8383-exec-6] o.t.s.expression.VariableExpression      : [THYMELEAF][http-nio-8383-exec-6] Evaluating variable expression: "${h}"
2026-07-01T16:51:48.315-03:00 TRACE 20444 --- [estoque] [http-nio-8383-exec-6] o.t.s.e.SPELVariableExpressionEvaluator  : [THYMELEAF][http-nio-8383-exec-6] SpringEL expression: evaluating expression "h" on target
2026-07-01T16:51:48.321-03:00 TRACE 20444 --- [estoque] [http-nio-8383-exec-6] o.t.s.expression.TextLiteralExpression   : [THYMELEAF][http-nio-8383-exec-6] Evaluating text literal: "'%; background: #10b981;'"
2026-07-01T16:51:48.321-03:00 TRACE 20444 --- [estoque] [http-nio-8383-exec-6] o.t.s.expression.AdditionExpression      : [THYMELEAF][http-nio-8383-exec-6] Evaluating addition expression: "('height:' + ${h}) + '%; background: #10b981;'"
2026-07-01T16:51:48.322-03:00 TRACE 20444 --- [estoque] [http-nio-8383-exec-6] o.t.s.expression.AdditionExpression      : [THYMELEAF][http-nio-8383-exec-6] Evaluating addition expression: "'height:' + ${h}"
2026-07-01T16:51:48.322-03:00 TRACE 20444 --- [estoque] [http-nio-8383-exec-6] o.t.s.expression.TextLiteralExpression   : [THYMELEAF][http-nio-8383-exec-6] Evaluating text literal: "'height:'"
2026-07-01T16:51:48.323-03:00 TRACE 20444 --- [estoque] [http-nio-8383-exec-6] o.t.s.expression.VariableExpression      : [THYMELEAF][http-nio-8383-exec-6] Evaluating variable expression: "${h}"
2026-07-01T16:51:48.323-03:00 TRACE 20444 --- [estoque] [http-nio-8383-exec-6] o.t.s.e.SPELVariableExpressionEvaluator  : [THYMELEAF][http-nio-8383-exec-6] SpringEL expression: evaluating expression "h" on target
2026-07-01T16:51:48.324-03:00 TRACE 20444 --- [estoque] [http-nio-8383-exec-6] o.t.s.expression.TextLiteralExpression   : [THYMELEAF][http-nio-8383-exec-6] Evaluating text literal: "'%; background: #10b981;'"
2026-07-01T16:51:48.324-03:00 TRACE 20444 --- [estoque] [http-nio-8383-exec-6] o.t.s.expression.AdditionExpression      : [THYMELEAF][http-nio-8383-exec-6] Evaluating addition expression: "('height:' + ${h}) + '%; background: #10b981;'"
2026-07-01T16:51:48.324-03:00 TRACE 20444 --- [estoque] [http-nio-8383-exec-6] o.t.s.expression.AdditionExpression      : [THYMELEAF][http-nio-8383-exec-6] Evaluating addition expression: "'height:' + ${h}"
2026-07-01T16:51:48.324-03:00 TRACE 20444 --- [estoque] [http-nio-8383-exec-6] o.t.s.expression.TextLiteralExpression   : [THYMELEAF][http-nio-8383-exec-6] Evaluating text literal: "'height:'"
2026-07-01T16:51:48.326-03:00 TRACE 20444 --- [estoque] [http-nio-8383-exec-6] o.t.s.expression.VariableExpression      : [THYMELEAF][http-nio-8383-exec-6] Evaluating variable expression: "${h}"
2026-07-01T16:51:48.327-03:00 TRACE 20444 --- [estoque] [http-nio-8383-exec-6] o.t.s.e.SPELVariableExpressionEvaluator  : [THYMELEAF][http-nio-8383-exec-6] SpringEL expression: evaluating expression "h" on target
2026-07-01T16:51:48.327-03:00 TRACE 20444 --- [estoque] [http-nio-8383-exec-6] o.t.s.expression.TextLiteralExpression   : [THYMELEAF][http-nio-8383-exec-6] Evaluating text literal: "'%; background: #10b981;'"
2026-07-01T16:51:48.329-03:00 TRACE 20444 --- [estoque] [http-nio-8383-exec-6] o.t.s.expression.AdditionExpression      : [THYMELEAF][http-nio-8383-exec-6] Evaluating addition expression: "('height:' + ${h}) + '%; background: #10b981;'"
2026-07-01T16:51:48.329-03:00 TRACE 20444 --- [estoque] [http-nio-8383-exec-6] o.t.s.expression.AdditionExpression      : [THYMELEAF][http-nio-8383-exec-6] Evaluating addition expression: "'height:' + ${h}"
2026-07-01T16:51:48.329-03:00 TRACE 20444 --- [estoque] [http-nio-8383-exec-6] o.t.s.expression.TextLiteralExpression   : [THYMELEAF][http-nio-8383-exec-6] Evaluating text literal: "'height:'"
2026-07-01T16:51:48.329-03:00 TRACE 20444 --- [estoque] [http-nio-8383-exec-6] o.t.s.expression.VariableExpression      : [THYMELEAF][http-nio-8383-exec-6] Evaluating variable expression: "${h}"
2026-07-01T16:51:48.329-03:00 TRACE 20444 --- [estoque] [http-nio-8383-exec-6] o.t.s.e.SPELVariableExpressionEvaluator  : [THYMELEAF][http-nio-8383-exec-6] SpringEL expression: evaluating expression "h" on target
2026-07-01T16:51:48.330-03:00 TRACE 20444 --- [estoque] [http-nio-8383-exec-6] o.t.s.expression.TextLiteralExpression   : [THYMELEAF][http-nio-8383-exec-6] Evaluating text literal: "'%; background: #10b981;'"
2026-07-01T16:51:48.330-03:00 TRACE 20444 --- [estoque] [http-nio-8383-exec-6] o.t.s.expression.AdditionExpression      : [THYMELEAF][http-nio-8383-exec-6] Evaluating addition expression: "('height:' + ${h}) + '%; background: #10b981;'"
2026-07-01T16:51:48.339-03:00 TRACE 20444 --- [estoque] [http-nio-8383-exec-6] o.t.s.expression.AdditionExpression      : [THYMELEAF][http-nio-8383-exec-6] Evaluating addition expression: "'height:' + ${h}"
2026-07-01T16:51:48.339-03:00 TRACE 20444 --- [estoque] [http-nio-8383-exec-6] o.t.s.expression.TextLiteralExpression   : [THYMELEAF][http-nio-8383-exec-6] Evaluating text literal: "'height:'"
2026-07-01T16:51:48.339-03:00 TRACE 20444 --- [estoque] [http-nio-8383-exec-6] o.t.s.expression.VariableExpression      : [THYMELEAF][http-nio-8383-exec-6] Evaluating variable expression: "${h}"
2026-07-01T16:51:48.340-03:00 TRACE 20444 --- [estoque] [http-nio-8383-exec-6] o.t.s.e.SPELVariableExpressionEvaluator  : [THYMELEAF][http-nio-8383-exec-6] SpringEL expression: evaluating expression "h" on target
2026-07-01T16:51:48.341-03:00 TRACE 20444 --- [estoque] [http-nio-8383-exec-6] o.t.s.expression.TextLiteralExpression   : [THYMELEAF][http-nio-8383-exec-6] Evaluating text literal: "'%; background: #10b981;'"
2026-07-01T16:51:48.342-03:00 TRACE 20444 --- [estoque] [http-nio-8383-exec-6] o.t.s.expression.AdditionExpression      : [THYMELEAF][http-nio-8383-exec-6] Evaluating addition expression: "('height:' + ${h}) + '%; background: #10b981;'"
2026-07-01T16:51:48.342-03:00 TRACE 20444 --- [estoque] [http-nio-8383-exec-6] o.t.s.expression.AdditionExpression      : [THYMELEAF][http-nio-8383-exec-6] Evaluating addition expression: "'height:' + ${h}"
2026-07-01T16:51:48.342-03:00 TRACE 20444 --- [estoque] [http-nio-8383-exec-6] o.t.s.expression.TextLiteralExpression   : [THYMELEAF][http-nio-8383-exec-6] Evaluating text literal: "'height:'"
2026-07-01T16:51:48.343-03:00 TRACE 20444 --- [estoque] [http-nio-8383-exec-6] o.t.s.expression.VariableExpression      : [THYMELEAF][http-nio-8383-exec-6] Evaluating variable expression: "${h}"
2026-07-01T16:51:48.344-03:00 TRACE 20444 --- [estoque] [http-nio-8383-exec-6] o.t.s.e.SPELVariableExpressionEvaluator  : [THYMELEAF][http-nio-8383-exec-6] SpringEL expression: evaluating expression "h" on target
2026-07-01T16:51:48.345-03:00 TRACE 20444 --- [estoque] [http-nio-8383-exec-6] o.t.s.expression.TextLiteralExpression   : [THYMELEAF][http-nio-8383-exec-6] Evaluating text literal: "'%; background: #10b981;'"
2026-07-01T16:51:48.345-03:00 TRACE 20444 --- [estoque] [http-nio-8383-exec-6] o.t.s.expression.AdditionExpression      : [THYMELEAF][http-nio-8383-exec-6] Evaluating addition expression: "('height:' + ${h}) + '%; background: #10b981;'"
2026-07-01T16:51:48.346-03:00 TRACE 20444 --- [estoque] [http-nio-8383-exec-6] o.t.s.expression.AdditionExpression      : [THYMELEAF][http-nio-8383-exec-6] Evaluating addition expression: "'height:' + ${h}"
2026-07-01T16:51:48.346-03:00 TRACE 20444 --- [estoque] [http-nio-8383-exec-6] o.t.s.expression.TextLiteralExpression   : [THYMELEAF][http-nio-8383-exec-6] Evaluating text literal: "'height:'"
2026-07-01T16:51:48.346-03:00 TRACE 20444 --- [estoque] [http-nio-8383-exec-6] o.t.s.expression.VariableExpression      : [THYMELEAF][http-nio-8383-exec-6] Evaluating variable expression: "${h}"
2026-07-01T16:51:48.346-03:00 TRACE 20444 --- [estoque] [http-nio-8383-exec-6] o.t.s.e.SPELVariableExpressionEvaluator  : [THYMELEAF][http-nio-8383-exec-6] SpringEL expression: evaluating expression "h" on target
2026-07-01T16:51:48.346-03:00 TRACE 20444 --- [estoque] [http-nio-8383-exec-6] o.t.s.expression.TextLiteralExpression   : [THYMELEAF][http-nio-8383-exec-6] Evaluating text literal: "'%; background: #10b981;'"
2026-07-01T16:51:48.346-03:00 TRACE 20444 --- [estoque] [http-nio-8383-exec-6] o.t.T.cache.EXPRESSION_CACHE             : [THYMELEAF][http-nio-8383-exec-6][EXPRESSION_CACHE][CACHE_HIT] Cache hit in cache "EXPRESSION_CACHE" for key "expr|${kpiProdutosValor}".
2026-07-01T16:51:48.346-03:00 TRACE 20444 --- [estoque] [http-nio-8383-exec-6] o.t.s.expression.VariableExpression      : [THYMELEAF][http-nio-8383-exec-6] Evaluating variable expression: "${kpiProdutosValor}"
2026-07-01T16:51:48.346-03:00 TRACE 20444 --- [estoque] [http-nio-8383-exec-6] o.t.s.e.SPELVariableExpressionEvaluator  : [THYMELEAF][http-nio-8383-exec-6] SpringEL expression: evaluating expression "kpiProdutosValor" on target
2026-07-01T16:51:48.347-03:00 TRACE 20444 --- [estoque] [http-nio-8383-exec-6] o.t.T.cache.EXPRESSION_CACHE             : [THYMELEAF][http-nio-8383-exec-6][EXPRESSION_CACHE][CACHE_HIT] Cache hit in cache "EXPRESSION_CACHE" for key "expr|${kpiProdutosPositiva} ? ' up' : ' down'".
2026-07-01T16:51:48.350-03:00 TRACE 20444 --- [estoque] [http-nio-8383-exec-6] o.t.s.expression.ConditionalExpression   : [THYMELEAF][http-nio-8383-exec-6] Evaluating conditional expression: "${kpiProdutosPositiva}? ' up' : ' down'"
2026-07-01T16:51:48.350-03:00 TRACE 20444 --- [estoque] [http-nio-8383-exec-6] o.t.s.expression.VariableExpression      : [THYMELEAF][http-nio-8383-exec-6] Evaluating variable expression: "${kpiProdutosPositiva}"
2026-07-01T16:51:48.350-03:00 TRACE 20444 --- [estoque] [http-nio-8383-exec-6] o.t.s.e.SPELVariableExpressionEvaluator  : [THYMELEAF][http-nio-8383-exec-6] SpringEL expression: evaluating expression "kpiProdutosPositiva" on target
2026-07-01T16:51:48.350-03:00 TRACE 20444 --- [estoque] [http-nio-8383-exec-6] o.t.s.expression.TextLiteralExpression   : [THYMELEAF][http-nio-8383-exec-6] Evaluating text literal: "' down'"
2026-07-01T16:51:48.350-03:00 TRACE 20444 --- [estoque] [http-nio-8383-exec-6] o.t.T.cache.EXPRESSION_CACHE             : [THYMELEAF][http-nio-8383-exec-6][EXPRESSION_CACHE][CACHE_HIT] Cache hit in cache "EXPRESSION_CACHE" for key "expr|${kpiProdutosPositiva} ? '23 6 13.5 15.5 8.5 10.5 1 18' : '23 18 13.5 8.5 8.5 13.5 1 6'".
2026-07-01T16:51:48.353-03:00 TRACE 20444 --- [estoque] [http-nio-8383-exec-6] o.t.s.expression.ConditionalExpression   : [THYMELEAF][http-nio-8383-exec-6] Evaluating conditional expression: "${kpiProdutosPositiva}? '23 6 13.5 15.5 8.5 10.5 1 18' : '23 18 13.5 8.5 8.5 13.5 1 6'"
2026-07-01T16:51:48.353-03:00 TRACE 20444 --- [estoque] [http-nio-8383-exec-6] o.t.s.expression.VariableExpression      : [THYMELEAF][http-nio-8383-exec-6] Evaluating variable expression: "${kpiProdutosPositiva}"
2026-07-01T16:51:48.354-03:00 TRACE 20444 --- [estoque] [http-nio-8383-exec-6] o.t.s.e.SPELVariableExpressionEvaluator  : [THYMELEAF][http-nio-8383-exec-6] SpringEL expression: evaluating expression "kpiProdutosPositiva" on target
2026-07-01T16:51:48.355-03:00 TRACE 20444 --- [estoque] [http-nio-8383-exec-6] o.t.s.expression.TextLiteralExpression   : [THYMELEAF][http-nio-8383-exec-6] Evaluating text literal: "'23 18 13.5 8.5 8.5 13.5 1 6'"
2026-07-01T16:51:48.355-03:00 TRACE 20444 --- [estoque] [http-nio-8383-exec-6] o.t.T.cache.EXPRESSION_CACHE             : [THYMELEAF][http-nio-8383-exec-6][EXPRESSION_CACHE][CACHE_HIT] Cache hit in cache "EXPRESSION_CACHE" for key "expr|${kpiProdutosPositiva} ? '17 6 23 6 23 12' : '17 18 23 18 23 12'".
2026-07-01T16:51:48.355-03:00 TRACE 20444 --- [estoque] [http-nio-8383-exec-6] o.t.s.expression.ConditionalExpression   : [THYMELEAF][http-nio-8383-exec-6] Evaluating conditional expression: "${kpiProdutosPositiva}? '17 6 23 6 23 12' : '17 18 23 18 23 12'"
2026-07-01T16:51:48.356-03:00 TRACE 20444 --- [estoque] [http-nio-8383-exec-6] o.t.s.expression.VariableExpression      : [THYMELEAF][http-nio-8383-exec-6] Evaluating variable expression: "${kpiProdutosPositiva}"
2026-07-01T16:51:48.356-03:00 TRACE 20444 --- [estoque] [http-nio-8383-exec-6] o.t.s.e.SPELVariableExpressionEvaluator  : [THYMELEAF][http-nio-8383-exec-6] SpringEL expression: evaluating expression "kpiProdutosPositiva" on target
2026-07-01T16:51:48.357-03:00 TRACE 20444 --- [estoque] [http-nio-8383-exec-6] o.t.s.expression.TextLiteralExpression   : [THYMELEAF][http-nio-8383-exec-6] Evaluating text literal: "'17 18 23 18 23 12'"
2026-07-01T16:51:48.358-03:00 TRACE 20444 --- [estoque] [http-nio-8383-exec-6] o.t.T.cache.EXPRESSION_CACHE             : [THYMELEAF][http-nio-8383-exec-6][EXPRESSION_CACHE][CACHE_HIT] Cache hit in cache "EXPRESSION_CACHE" for key "expr|${kpiProdutosVariacao} + '% vs mês anterior'".
2026-07-01T16:51:48.358-03:00 TRACE 20444 --- [estoque] [http-nio-8383-exec-6] o.t.s.expression.AdditionExpression      : [THYMELEAF][http-nio-8383-exec-6] Evaluating addition expression: "${kpiProdutosVariacao} + '% vs mês anterior'"
2026-07-01T16:51:48.358-03:00 TRACE 20444 --- [estoque] [http-nio-8383-exec-6] o.t.s.expression.VariableExpression      : [THYMELEAF][http-nio-8383-exec-6] Evaluating variable expression: "${kpiProdutosVariacao}"
2026-07-01T16:51:48.358-03:00 TRACE 20444 --- [estoque] [http-nio-8383-exec-6] o.t.s.e.SPELVariableExpressionEvaluator  : [THYMELEAF][http-nio-8383-exec-6] SpringEL expression: evaluating expression "kpiProdutosVariacao" on target
2026-07-01T16:51:48.359-03:00 TRACE 20444 --- [estoque] [http-nio-8383-exec-6] o.t.s.expression.TextLiteralExpression   : [THYMELEAF][http-nio-8383-exec-6] Evaluating text literal: "'% vs mês anterior'"
2026-07-01T16:51:48.360-03:00 TRACE 20444 --- [estoque] [http-nio-8383-exec-6] o.t.T.cache.EXPRESSION_CACHE             : [THYMELEAF][http-nio-8383-exec-6][EXPRESSION_CACHE][CACHE_HIT] Cache hit in cache "EXPRESSION_CACHE" for key "each|h : ${sparklineProdutos}".
2026-07-01T16:51:48.361-03:00 TRACE 20444 --- [estoque] [http-nio-8383-exec-6] o.t.s.expression.GenericTokenExpression  : [THYMELEAF][http-nio-8383-exec-6] Evaluating generic token: "h"
2026-07-01T16:51:48.361-03:00 TRACE 20444 --- [estoque] [http-nio-8383-exec-6] o.t.s.expression.VariableExpression      : [THYMELEAF][http-nio-8383-exec-6] Evaluating variable expression: "${sparklineProdutos}"
2026-07-01T16:51:48.361-03:00 TRACE 20444 --- [estoque] [http-nio-8383-exec-6] o.t.s.e.SPELVariableExpressionEvaluator  : [THYMELEAF][http-nio-8383-exec-6] SpringEL expression: evaluating expression "sparklineProdutos" on target
2026-07-01T16:51:48.361-03:00 TRACE 20444 --- [estoque] [http-nio-8383-exec-6] o.t.T.cache.EXPRESSION_CACHE             : [THYMELEAF][http-nio-8383-exec-6][EXPRESSION_CACHE][CACHE_HIT] Cache hit in cache "EXPRESSION_CACHE" for key "expr|'height:' + ${h} + '%; background: #ea580c;'".
2026-07-01T16:51:48.362-03:00 TRACE 20444 --- [estoque] [http-nio-8383-exec-6] o.t.s.expression.AdditionExpression      : [THYMELEAF][http-nio-8383-exec-6] Evaluating addition expression: "('height:' + ${h}) + '%; background: #ea580c;'"
2026-07-01T16:51:48.362-03:00 TRACE 20444 --- [estoque] [http-nio-8383-exec-6] o.t.s.expression.AdditionExpression      : [THYMELEAF][http-nio-8383-exec-6] Evaluating addition expression: "'height:' + ${h}"
2026-07-01T16:51:48.362-03:00 TRACE 20444 --- [estoque] [http-nio-8383-exec-6] o.t.s.expression.TextLiteralExpression   : [THYMELEAF][http-nio-8383-exec-6] Evaluating text literal: "'height:'"
2026-07-01T16:51:48.363-03:00 TRACE 20444 --- [estoque] [http-nio-8383-exec-6] o.t.s.expression.VariableExpression      : [THYMELEAF][http-nio-8383-exec-6] Evaluating variable expression: "${h}"
2026-07-01T16:51:48.363-03:00 TRACE 20444 --- [estoque] [http-nio-8383-exec-6] o.t.s.e.SPELVariableExpressionEvaluator  : [THYMELEAF][http-nio-8383-exec-6] SpringEL expression: evaluating expression "h" on target
2026-07-01T16:51:48.363-03:00 TRACE 20444 --- [estoque] [http-nio-8383-exec-6] o.t.s.expression.TextLiteralExpression   : [THYMELEAF][http-nio-8383-exec-6] Evaluating text literal: "'%; background: #ea580c;'"
2026-07-01T16:51:48.363-03:00 TRACE 20444 --- [estoque] [http-nio-8383-exec-6] o.t.s.expression.AdditionExpression      : [THYMELEAF][http-nio-8383-exec-6] Evaluating addition expression: "('height:' + ${h}) + '%; background: #ea580c;'"
2026-07-01T16:51:48.363-03:00 TRACE 20444 --- [estoque] [http-nio-8383-exec-6] o.t.s.expression.AdditionExpression      : [THYMELEAF][http-nio-8383-exec-6] Evaluating addition expression: "'height:' + ${h}"
2026-07-01T16:51:48.365-03:00 TRACE 20444 --- [estoque] [http-nio-8383-exec-6] o.t.s.expression.TextLiteralExpression   : [THYMELEAF][http-nio-8383-exec-6] Evaluating text literal: "'height:'"
2026-07-01T16:51:48.366-03:00 TRACE 20444 --- [estoque] [http-nio-8383-exec-6] o.t.s.expression.VariableExpression      : [THYMELEAF][http-nio-8383-exec-6] Evaluating variable expression: "${h}"
2026-07-01T16:51:48.366-03:00 TRACE 20444 --- [estoque] [http-nio-8383-exec-6] o.t.s.e.SPELVariableExpressionEvaluator  : [THYMELEAF][http-nio-8383-exec-6] SpringEL expression: evaluating expression "h" on target
2026-07-01T16:51:48.367-03:00 TRACE 20444 --- [estoque] [http-nio-8383-exec-6] o.t.s.expression.TextLiteralExpression   : [THYMELEAF][http-nio-8383-exec-6] Evaluating text literal: "'%; background: #ea580c;'"
2026-07-01T16:51:48.370-03:00 TRACE 20444 --- [estoque] [http-nio-8383-exec-6] o.t.s.expression.AdditionExpression      : [THYMELEAF][http-nio-8383-exec-6] Evaluating addition expression: "('height:' + ${h}) + '%; background: #ea580c;'"
2026-07-01T16:51:48.370-03:00 TRACE 20444 --- [estoque] [http-nio-8383-exec-6] o.t.s.expression.AdditionExpression      : [THYMELEAF][http-nio-8383-exec-6] Evaluating addition expression: "'height:' + ${h}"
2026-07-01T16:51:48.370-03:00 TRACE 20444 --- [estoque] [http-nio-8383-exec-6] o.t.s.expression.TextLiteralExpression   : [THYMELEAF][http-nio-8383-exec-6] Evaluating text literal: "'height:'"
2026-07-01T16:51:48.371-03:00 TRACE 20444 --- [estoque] [http-nio-8383-exec-6] o.t.s.expression.VariableExpression      : [THYMELEAF][http-nio-8383-exec-6] Evaluating variable expression: "${h}"
2026-07-01T16:51:48.371-03:00 TRACE 20444 --- [estoque] [http-nio-8383-exec-6] o.t.s.e.SPELVariableExpressionEvaluator  : [THYMELEAF][http-nio-8383-exec-6] SpringEL expression: evaluating expression "h" on target
2026-07-01T16:51:48.371-03:00 TRACE 20444 --- [estoque] [http-nio-8383-exec-6] o.t.s.expression.TextLiteralExpression   : [THYMELEAF][http-nio-8383-exec-6] Evaluating text literal: "'%; background: #ea580c;'"
2026-07-01T16:51:48.372-03:00 TRACE 20444 --- [estoque] [http-nio-8383-exec-6] o.t.s.expression.AdditionExpression      : [THYMELEAF][http-nio-8383-exec-6] Evaluating addition expression: "('height:' + ${h}) + '%; background: #ea580c;'"
2026-07-01T16:51:48.373-03:00 TRACE 20444 --- [estoque] [http-nio-8383-exec-6] o.t.s.expression.AdditionExpression      : [THYMELEAF][http-nio-8383-exec-6] Evaluating addition expression: "'height:' + ${h}"
2026-07-01T16:51:48.373-03:00 TRACE 20444 --- [estoque] [http-nio-8383-exec-6] o.t.s.expression.TextLiteralExpression   : [THYMELEAF][http-nio-8383-exec-6] Evaluating text literal: "'height:'"
2026-07-01T16:51:48.373-03:00 TRACE 20444 --- [estoque] [http-nio-8383-exec-6] o.t.s.expression.VariableExpression      : [THYMELEAF][http-nio-8383-exec-6] Evaluating variable expression: "${h}"
2026-07-01T16:51:48.373-03:00 TRACE 20444 --- [estoque] [http-nio-8383-exec-6] o.t.s.e.SPELVariableExpressionEvaluator  : [THYMELEAF][http-nio-8383-exec-6] SpringEL expression: evaluating expression "h" on target
2026-07-01T16:51:48.374-03:00 TRACE 20444 --- [estoque] [http-nio-8383-exec-6] o.t.s.expression.TextLiteralExpression   : [THYMELEAF][http-nio-8383-exec-6] Evaluating text literal: "'%; background: #ea580c;'"
2026-07-01T16:51:48.374-03:00 TRACE 20444 --- [estoque] [http-nio-8383-exec-6] o.t.s.expression.AdditionExpression      : [THYMELEAF][http-nio-8383-exec-6] Evaluating addition expression: "('height:' + ${h}) + '%; background: #ea580c;'"
2026-07-01T16:51:48.374-03:00 TRACE 20444 --- [estoque] [http-nio-8383-exec-6] o.t.s.expression.AdditionExpression      : [THYMELEAF][http-nio-8383-exec-6] Evaluating addition expression: "'height:' + ${h}"
2026-07-01T16:51:48.374-03:00 TRACE 20444 --- [estoque] [http-nio-8383-exec-6] o.t.s.expression.TextLiteralExpression   : [THYMELEAF][http-nio-8383-exec-6] Evaluating text literal: "'height:'"
2026-07-01T16:51:48.374-03:00 TRACE 20444 --- [estoque] [http-nio-8383-exec-6] o.t.s.expression.VariableExpression      : [THYMELEAF][http-nio-8383-exec-6] Evaluating variable expression: "${h}"
2026-07-01T16:51:48.375-03:00 TRACE 20444 --- [estoque] [http-nio-8383-exec-6] o.t.s.e.SPELVariableExpressionEvaluator  : [THYMELEAF][http-nio-8383-exec-6] SpringEL expression: evaluating expression "h" on target
2026-07-01T16:51:48.375-03:00 TRACE 20444 --- [estoque] [http-nio-8383-exec-6] o.t.s.expression.TextLiteralExpression   : [THYMELEAF][http-nio-8383-exec-6] Evaluating text literal: "'%; background: #ea580c;'"
2026-07-01T16:51:48.376-03:00 TRACE 20444 --- [estoque] [http-nio-8383-exec-6] o.t.s.expression.AdditionExpression      : [THYMELEAF][http-nio-8383-exec-6] Evaluating addition expression: "('height:' + ${h}) + '%; background: #ea580c;'"
2026-07-01T16:51:48.376-03:00 TRACE 20444 --- [estoque] [http-nio-8383-exec-6] o.t.s.expression.AdditionExpression      : [THYMELEAF][http-nio-8383-exec-6] Evaluating addition expression: "'height:' + ${h}"
2026-07-01T16:51:48.377-03:00 TRACE 20444 --- [estoque] [http-nio-8383-exec-6] o.t.s.expression.TextLiteralExpression   : [THYMELEAF][http-nio-8383-exec-6] Evaluating text literal: "'height:'"
2026-07-01T16:51:48.377-03:00 TRACE 20444 --- [estoque] [http-nio-8383-exec-6] o.t.s.expression.VariableExpression      : [THYMELEAF][http-nio-8383-exec-6] Evaluating variable expression: "${h}"
2026-07-01T16:51:48.377-03:00 TRACE 20444 --- [estoque] [http-nio-8383-exec-6] o.t.s.e.SPELVariableExpressionEvaluator  : [THYMELEAF][http-nio-8383-exec-6] SpringEL expression: evaluating expression "h" on target
2026-07-01T16:51:48.377-03:00 TRACE 20444 --- [estoque] [http-nio-8383-exec-6] o.t.s.expression.TextLiteralExpression   : [THYMELEAF][http-nio-8383-exec-6] Evaluating text literal: "'%; background: #ea580c;'"
2026-07-01T16:51:48.378-03:00 TRACE 20444 --- [estoque] [http-nio-8383-exec-6] o.t.s.expression.AdditionExpression      : [THYMELEAF][http-nio-8383-exec-6] Evaluating addition expression: "('height:' + ${h}) + '%; background: #ea580c;'"
2026-07-01T16:51:48.380-03:00 TRACE 20444 --- [estoque] [http-nio-8383-exec-6] o.t.s.expression.AdditionExpression      : [THYMELEAF][http-nio-8383-exec-6] Evaluating addition expression: "'height:' + ${h}"
2026-07-01T16:51:48.385-03:00 TRACE 20444 --- [estoque] [http-nio-8383-exec-6] o.t.s.expression.TextLiteralExpression   : [THYMELEAF][http-nio-8383-exec-6] Evaluating text literal: "'height:'"
2026-07-01T16:51:48.385-03:00 TRACE 20444 --- [estoque] [http-nio-8383-exec-6] o.t.s.expression.VariableExpression      : [THYMELEAF][http-nio-8383-exec-6] Evaluating variable expression: "${h}"
2026-07-01T16:51:48.385-03:00 TRACE 20444 --- [estoque] [http-nio-8383-exec-6] o.t.s.e.SPELVariableExpressionEvaluator  : [THYMELEAF][http-nio-8383-exec-6] SpringEL expression: evaluating expression "h" on target
2026-07-01T16:51:48.388-03:00 TRACE 20444 --- [estoque] [http-nio-8383-exec-6] o.t.s.expression.TextLiteralExpression   : [THYMELEAF][http-nio-8383-exec-6] Evaluating text literal: "'%; background: #ea580c;'"
2026-07-01T16:51:48.389-03:00 TRACE 20444 --- [estoque] [http-nio-8383-exec-6] o.t.s.expression.AdditionExpression      : [THYMELEAF][http-nio-8383-exec-6] Evaluating addition expression: "('height:' + ${h}) + '%; background: #ea580c;'"
2026-07-01T16:51:48.389-03:00 TRACE 20444 --- [estoque] [http-nio-8383-exec-6] o.t.s.expression.AdditionExpression      : [THYMELEAF][http-nio-8383-exec-6] Evaluating addition expression: "'height:' + ${h}"
2026-07-01T16:51:48.390-03:00 TRACE 20444 --- [estoque] [http-nio-8383-exec-6] o.t.s.expression.TextLiteralExpression   : [THYMELEAF][http-nio-8383-exec-6] Evaluating text literal: "'height:'"
2026-07-01T16:51:48.390-03:00 TRACE 20444 --- [estoque] [http-nio-8383-exec-6] o.t.s.expression.VariableExpression      : [THYMELEAF][http-nio-8383-exec-6] Evaluating variable expression: "${h}"
2026-07-01T16:51:48.390-03:00 TRACE 20444 --- [estoque] [http-nio-8383-exec-6] o.t.s.e.SPELVariableExpressionEvaluator  : [THYMELEAF][http-nio-8383-exec-6] SpringEL expression: evaluating expression "h" on target
2026-07-01T16:51:48.391-03:00 TRACE 20444 --- [estoque] [http-nio-8383-exec-6] o.t.s.expression.TextLiteralExpression   : [THYMELEAF][http-nio-8383-exec-6] Evaluating text literal: "'%; background: #ea580c;'"
2026-07-01T16:51:48.391-03:00 TRACE 20444 --- [estoque] [http-nio-8383-exec-6] o.t.s.expression.AdditionExpression      : [THYMELEAF][http-nio-8383-exec-6] Evaluating addition expression: "('height:' + ${h}) + '%; background: #ea580c;'"
2026-07-01T16:51:48.391-03:00 TRACE 20444 --- [estoque] [http-nio-8383-exec-6] o.t.s.expression.AdditionExpression      : [THYMELEAF][http-nio-8383-exec-6] Evaluating addition expression: "'height:' + ${h}"
2026-07-01T16:51:48.391-03:00 TRACE 20444 --- [estoque] [http-nio-8383-exec-6] o.t.s.expression.TextLiteralExpression   : [THYMELEAF][http-nio-8383-exec-6] Evaluating text literal: "'height:'"
2026-07-01T16:51:48.392-03:00 TRACE 20444 --- [estoque] [http-nio-8383-exec-6] o.t.s.expression.VariableExpression      : [THYMELEAF][http-nio-8383-exec-6] Evaluating variable expression: "${h}"
2026-07-01T16:51:48.392-03:00 TRACE 20444 --- [estoque] [http-nio-8383-exec-6] o.t.s.e.SPELVariableExpressionEvaluator  : [THYMELEAF][http-nio-8383-exec-6] SpringEL expression: evaluating expression "h" on target
2026-07-01T16:51:48.392-03:00 TRACE 20444 --- [estoque] [http-nio-8383-exec-6] o.t.s.expression.TextLiteralExpression   : [THYMELEAF][http-nio-8383-exec-6] Evaluating text literal: "'%; background: #ea580c;'"
2026-07-01T16:51:48.393-03:00 TRACE 20444 --- [estoque] [http-nio-8383-exec-6] o.t.s.expression.AdditionExpression      : [THYMELEAF][http-nio-8383-exec-6] Evaluating addition expression: "('height:' + ${h}) + '%; background: #ea580c;'"
2026-07-01T16:51:48.393-03:00 TRACE 20444 --- [estoque] [http-nio-8383-exec-6] o.t.s.expression.AdditionExpression      : [THYMELEAF][http-nio-8383-exec-6] Evaluating addition expression: "'height:' + ${h}"
2026-07-01T16:51:48.393-03:00 TRACE 20444 --- [estoque] [http-nio-8383-exec-6] o.t.s.expression.TextLiteralExpression   : [THYMELEAF][http-nio-8383-exec-6] Evaluating text literal: "'height:'"
2026-07-01T16:51:48.393-03:00 TRACE 20444 --- [estoque] [http-nio-8383-exec-6] o.t.s.expression.VariableExpression      : [THYMELEAF][http-nio-8383-exec-6] Evaluating variable expression: "${h}"
2026-07-01T16:51:48.394-03:00 TRACE 20444 --- [estoque] [http-nio-8383-exec-6] o.t.s.e.SPELVariableExpressionEvaluator  : [THYMELEAF][http-nio-8383-exec-6] SpringEL expression: evaluating expression "h" on target
2026-07-01T16:51:48.394-03:00 TRACE 20444 --- [estoque] [http-nio-8383-exec-6] o.t.s.expression.TextLiteralExpression   : [THYMELEAF][http-nio-8383-exec-6] Evaluating text literal: "'%; background: #ea580c;'"
2026-07-01T16:51:48.395-03:00 TRACE 20444 --- [estoque] [http-nio-8383-exec-6] o.t.e.springsecurity6.auth.AuthUtils     : [THYMELEAF][http-nio-8383-exec-6] Obtaining authentication object.
2026-07-01T16:51:48.395-03:00 TRACE 20444 --- [estoque] [http-nio-8383-exec-6] o.t.e.springsecurity6.auth.AuthUtils     : [THYMELEAF][http-nio-8383-exec-6] Authentication object of class org.springframework.security.authentication.UsernamePasswordAuthenticationToken found in context for user "master".
2026-07-01T16:51:48.396-03:00 TRACE 20444 --- [estoque] [http-nio-8383-exec-6] o.t.e.springsecurity6.auth.AuthUtils     : [THYMELEAF][http-nio-8383-exec-6] Checking authorization using access expression "hasRole('MASTER')" for user "master".
2026-07-01T16:51:48.397-03:00 TRACE 20444 --- [estoque] [http-nio-8383-exec-6] o.t.e.springsecurity6.auth.AuthUtils     : [THYMELEAF][http-nio-8383-exec-6] Checked authorization using access expression "hasRole('MASTER')" for user "master". Access GRANTED.
2026-07-01T16:51:48.401-03:00 TRACE 20444 --- [estoque] [http-nio-8383-exec-6] o.t.e.springsecurity6.auth.AuthUtils     : [THYMELEAF][http-nio-8383-exec-6] Obtaining authentication object.
2026-07-01T16:51:48.401-03:00 TRACE 20444 --- [estoque] [http-nio-8383-exec-6] o.t.e.springsecurity6.auth.AuthUtils     : [THYMELEAF][http-nio-8383-exec-6] Authentication object of class org.springframework.security.authentication.UsernamePasswordAuthenticationToken found in context for user "master".
2026-07-01T16:51:48.401-03:00 TRACE 20444 --- [estoque] [http-nio-8383-exec-6] o.t.e.springsecurity6.auth.AuthUtils     : [THYMELEAF][http-nio-8383-exec-6] Checking authorization using access expression "hasAnyRole('CLIENTES','MASTER')" for user "master".
2026-07-01T16:51:48.403-03:00 TRACE 20444 --- [estoque] [http-nio-8383-exec-6] o.t.e.springsecurity6.auth.AuthUtils     : [THYMELEAF][http-nio-8383-exec-6] Checked authorization using access expression "hasAnyRole('CLIENTES','MASTER')" for user "master". Access GRANTED.
2026-07-01T16:51:48.405-03:00 TRACE 20444 --- [estoque] [http-nio-8383-exec-6] o.t.e.springsecurity6.auth.AuthUtils     : [THYMELEAF][http-nio-8383-exec-6] Obtaining authentication object.
2026-07-01T16:51:48.405-03:00 TRACE 20444 --- [estoque] [http-nio-8383-exec-6] o.t.e.springsecurity6.auth.AuthUtils     : [THYMELEAF][http-nio-8383-exec-6] Authentication object of class org.springframework.security.authentication.UsernamePasswordAuthenticationToken found in context for user "master".
2026-07-01T16:51:48.405-03:00 TRACE 20444 --- [estoque] [http-nio-8383-exec-6] o.t.e.springsecurity6.auth.AuthUtils     : [THYMELEAF][http-nio-8383-exec-6] Checking authorization using access expression "hasAnyRole('PRODUTO','MASTER')" for user "master".
2026-07-01T16:51:48.407-03:00 TRACE 20444 --- [estoque] [http-nio-8383-exec-6] o.t.e.springsecurity6.auth.AuthUtils     : [THYMELEAF][http-nio-8383-exec-6] Checked authorization using access expression "hasAnyRole('PRODUTO','MASTER')" for user "master". Access GRANTED.
2026-07-01T16:51:48.407-03:00 TRACE 20444 --- [estoque] [http-nio-8383-exec-6] o.t.e.springsecurity6.auth.AuthUtils     : [THYMELEAF][http-nio-8383-exec-6] Obtaining authentication object.
2026-07-01T16:51:48.408-03:00 TRACE 20444 --- [estoque] [http-nio-8383-exec-6] o.t.e.springsecurity6.auth.AuthUtils     : [THYMELEAF][http-nio-8383-exec-6] Authentication object of class org.springframework.security.authentication.UsernamePasswordAuthenticationToken found in context for user "master".
2026-07-01T16:51:48.408-03:00 TRACE 20444 --- [estoque] [http-nio-8383-exec-6] o.t.e.springsecurity6.auth.AuthUtils     : [THYMELEAF][http-nio-8383-exec-6] Checking authorization using access expression "hasAnyRole('ESTOQUE','MASTER')" for user "master".
2026-07-01T16:51:48.410-03:00 TRACE 20444 --- [estoque] [http-nio-8383-exec-6] o.t.e.springsecurity6.auth.AuthUtils     : [THYMELEAF][http-nio-8383-exec-6] Checked authorization using access expression "hasAnyRole('ESTOQUE','MASTER')" for user "master". Access GRANTED.
2026-07-01T16:51:48.411-03:00 TRACE 20444 --- [estoque] [http-nio-8383-exec-6] o.t.e.springsecurity6.auth.AuthUtils     : [THYMELEAF][http-nio-8383-exec-6] Obtaining authentication object.
2026-07-01T16:51:48.411-03:00 TRACE 20444 --- [estoque] [http-nio-8383-exec-6] o.t.e.springsecurity6.auth.AuthUtils     : [THYMELEAF][http-nio-8383-exec-6] Authentication object of class org.springframework.security.authentication.UsernamePasswordAuthenticationToken found in context for user "master".
2026-07-01T16:51:48.411-03:00 TRACE 20444 --- [estoque] [http-nio-8383-exec-6] o.t.e.springsecurity6.auth.AuthUtils     : [THYMELEAF][http-nio-8383-exec-6] Checking authorization using access expression "hasAnyRole('VENDAS','MASTER')" for user "master".
2026-07-01T16:51:48.412-03:00 TRACE 20444 --- [estoque] [http-nio-8383-exec-6] o.t.e.springsecurity6.auth.AuthUtils     : [THYMELEAF][http-nio-8383-exec-6] Checked authorization using access expression "hasAnyRole('VENDAS','MASTER')" for user "master". Access GRANTED.
2026-07-01T16:51:48.413-03:00 TRACE 20444 --- [estoque] [http-nio-8383-exec-6] o.t.e.springsecurity6.auth.AuthUtils     : [THYMELEAF][http-nio-8383-exec-6] Obtaining authentication object.
2026-07-01T16:51:48.413-03:00 TRACE 20444 --- [estoque] [http-nio-8383-exec-6] o.t.e.springsecurity6.auth.AuthUtils     : [THYMELEAF][http-nio-8383-exec-6] Authentication object of class org.springframework.security.authentication.UsernamePasswordAuthenticationToken found in context for user "master".
2026-07-01T16:51:48.413-03:00 TRACE 20444 --- [estoque] [http-nio-8383-exec-6] o.t.e.springsecurity6.auth.AuthUtils     : [THYMELEAF][http-nio-8383-exec-6] Checking authorization using access expression "hasAnyRole('FINANCEIRO','MASTER')" for user "master".
2026-07-01T16:51:48.415-03:00 TRACE 20444 --- [estoque] [http-nio-8383-exec-6] o.t.e.springsecurity6.auth.AuthUtils     : [THYMELEAF][http-nio-8383-exec-6] Checked authorization using access expression "hasAnyRole('FINANCEIRO','MASTER')" for user "master". Access GRANTED.
2026-07-01T16:51:48.417-03:00 TRACE 20444 --- [estoque] [http-nio-8383-exec-6] o.t.e.springsecurity6.auth.AuthUtils     : [THYMELEAF][http-nio-8383-exec-6] Obtaining authentication object.
2026-07-01T16:51:48.417-03:00 TRACE 20444 --- [estoque] [http-nio-8383-exec-6] o.t.e.springsecurity6.auth.AuthUtils     : [THYMELEAF][http-nio-8383-exec-6] Authentication object of class org.springframework.security.authentication.UsernamePasswordAuthenticationToken found in context for user "master".
2026-07-01T16:51:48.417-03:00 TRACE 20444 --- [estoque] [http-nio-8383-exec-6] o.t.e.springsecurity6.auth.AuthUtils     : [THYMELEAF][http-nio-8383-exec-6] Checking authorization using access expression "hasAnyRole('FINANCEIRO','MASTER')" for user "master".
2026-07-01T16:51:48.418-03:00 TRACE 20444 --- [estoque] [http-nio-8383-exec-6] o.t.e.springsecurity6.auth.AuthUtils     : [THYMELEAF][http-nio-8383-exec-6] Checked authorization using access expression "hasAnyRole('FINANCEIRO','MASTER')" for user "master". Access GRANTED.
2026-07-01T16:51:48.421-03:00 TRACE 20444 --- [estoque] [http-nio-8383-exec-6] o.t.T.cache.EXPRESSION_CACHE             : [THYMELEAF][http-nio-8383-exec-6][EXPRESSION_CACHE][CACHE_HIT] Cache hit in cache "EXPRESSION_CACHE" for key "expr|'R$ ' + ${#numbers.formatDecimal(resumo.receitas, 1, 'POINT', 2, 'COMMA')}".
2026-07-01T16:51:48.422-03:00 TRACE 20444 --- [estoque] [http-nio-8383-exec-6] o.t.s.expression.AdditionExpression      : [THYMELEAF][http-nio-8383-exec-6] Evaluating addition expression: "'R$ ' + ${#numbers.formatDecimal(resumo.receitas, 1, 'POINT', 2, 'COMMA')}"
2026-07-01T16:51:48.422-03:00 TRACE 20444 --- [estoque] [http-nio-8383-exec-6] o.t.s.expression.TextLiteralExpression   : [THYMELEAF][http-nio-8383-exec-6] Evaluating text literal: "'R$ '"
2026-07-01T16:51:48.422-03:00 TRACE 20444 --- [estoque] [http-nio-8383-exec-6] o.t.s.expression.VariableExpression      : [THYMELEAF][http-nio-8383-exec-6] Evaluating variable expression: "${#numbers.formatDecimal(resumo.receitas, 1, 'POINT', 2, 'COMMA')}"
2026-07-01T16:51:48.423-03:00 TRACE 20444 --- [estoque] [http-nio-8383-exec-6] o.t.s.e.SPELVariableExpressionEvaluator  : [THYMELEAF][http-nio-8383-exec-6] SpringEL expression: evaluating expression "#numbers.formatDecimal(resumo.receitas, 1, 'POINT', 2, 'COMMA')" on target
2026-07-01T16:51:48.425-03:00 TRACE 20444 --- [estoque] [http-nio-8383-exec-6] o.t.T.cache.EXPRESSION_CACHE             : [THYMELEAF][http-nio-8383-exec-6][EXPRESSION_CACHE][CACHE_HIT] Cache hit in cache "EXPRESSION_CACHE" for key "expr|'R$ ' + ${#numbers.formatDecimal(resumo.despesas, 1, 'POINT', 2, 'COMMA')}".
2026-07-01T16:51:48.425-03:00 TRACE 20444 --- [estoque] [http-nio-8383-exec-6] o.t.s.expression.AdditionExpression      : [THYMELEAF][http-nio-8383-exec-6] Evaluating addition expression: "'R$ ' + ${#numbers.formatDecimal(resumo.despesas, 1, 'POINT', 2, 'COMMA')}"
2026-07-01T16:51:48.425-03:00 TRACE 20444 --- [estoque] [http-nio-8383-exec-6] o.t.s.expression.TextLiteralExpression   : [THYMELEAF][http-nio-8383-exec-6] Evaluating text literal: "'R$ '"
2026-07-01T16:51:48.426-03:00 TRACE 20444 --- [estoque] [http-nio-8383-exec-6] o.t.s.expression.VariableExpression      : [THYMELEAF][http-nio-8383-exec-6] Evaluating variable expression: "${#numbers.formatDecimal(resumo.despesas, 1, 'POINT', 2, 'COMMA')}"
2026-07-01T16:51:48.426-03:00 TRACE 20444 --- [estoque] [http-nio-8383-exec-6] o.t.s.e.SPELVariableExpressionEvaluator  : [THYMELEAF][http-nio-8383-exec-6] SpringEL expression: evaluating expression "#numbers.formatDecimal(resumo.despesas, 1, 'POINT', 2, 'COMMA')" on target
2026-07-01T16:51:48.427-03:00 TRACE 20444 --- [estoque] [http-nio-8383-exec-6] o.t.T.cache.EXPRESSION_CACHE             : [THYMELEAF][http-nio-8383-exec-6][EXPRESSION_CACHE][CACHE_HIT] Cache hit in cache "EXPRESSION_CACHE" for key "expr|'R$ ' + ${#numbers.formatDecimal(resumo.lucroLiquido, 1, 'POINT', 2, 'COMMA')}".
2026-07-01T16:51:48.427-03:00 TRACE 20444 --- [estoque] [http-nio-8383-exec-6] o.t.s.expression.AdditionExpression      : [THYMELEAF][http-nio-8383-exec-6] Evaluating addition expression: "'R$ ' + ${#numbers.formatDecimal(resumo.lucroLiquido, 1, 'POINT', 2, 'COMMA')}"
2026-07-01T16:51:48.427-03:00 TRACE 20444 --- [estoque] [http-nio-8383-exec-6] o.t.s.expression.TextLiteralExpression   : [THYMELEAF][http-nio-8383-exec-6] Evaluating text literal: "'R$ '"
2026-07-01T16:51:48.428-03:00 TRACE 20444 --- [estoque] [http-nio-8383-exec-6] o.t.s.expression.VariableExpression      : [THYMELEAF][http-nio-8383-exec-6] Evaluating variable expression: "${#numbers.formatDecimal(resumo.lucroLiquido, 1, 'POINT', 2, 'COMMA')}"
2026-07-01T16:51:48.429-03:00 TRACE 20444 --- [estoque] [http-nio-8383-exec-6] o.t.s.e.SPELVariableExpressionEvaluator  : [THYMELEAF][http-nio-8383-exec-6] SpringEL expression: evaluating expression "#numbers.formatDecimal(resumo.lucroLiquido, 1, 'POINT', 2, 'COMMA')" on target
2026-07-01T16:51:48.429-03:00 TRACE 20444 --- [estoque] [http-nio-8383-exec-6] o.t.T.cache.EXPRESSION_CACHE             : [THYMELEAF][http-nio-8383-exec-6][EXPRESSION_CACHE][CACHE_HIT] Cache hit in cache "EXPRESSION_CACHE" for key "expr|'background: conic-gradient(var(--primary-500) 0deg ' + ${resumo.margemPercentual * 3.6} + 'deg, var(--neutral-200) ' + ${resumo.margemPercentual * 3.6} + 'deg 360deg);'".
2026-07-01T16:51:48.429-03:00 TRACE 20444 --- [estoque] [http-nio-8383-exec-6] o.t.s.expression.AdditionExpression      : [THYMELEAF][http-nio-8383-exec-6] Evaluating addition expression: "((('background: conic-gradient(var(--primary-500) 0deg ' + ${resumo.margemPercentual * 3.6}) + 'deg, var(--neutral-200) ') + ${resumo.margemPercentual * 3.6}) + 'deg 360deg);'"
2026-07-01T16:51:48.430-03:00 TRACE 20444 --- [estoque] [http-nio-8383-exec-6] o.t.s.expression.AdditionExpression      : [THYMELEAF][http-nio-8383-exec-6] Evaluating addition expression: "(('background: conic-gradient(var(--primary-500) 0deg ' + ${resumo.margemPercentual * 3.6}) + 'deg, var(--neutral-200) ') + ${resumo.margemPercentual * 3.6}"
2026-07-01T16:51:48.431-03:00 TRACE 20444 --- [estoque] [http-nio-8383-exec-6] o.t.s.expression.AdditionExpression      : [THYMELEAF][http-nio-8383-exec-6] Evaluating addition expression: "('background: conic-gradient(var(--primary-500) 0deg ' + ${resumo.margemPercentual * 3.6}) + 'deg, var(--neutral-200) '"
2026-07-01T16:51:48.432-03:00 TRACE 20444 --- [estoque] [http-nio-8383-exec-6] o.t.s.expression.AdditionExpression      : [THYMELEAF][http-nio-8383-exec-6] Evaluating addition expression: "'background: conic-gradient(var(--primary-500) 0deg ' + ${resumo.margemPercentual * 3.6}"
2026-07-01T16:51:48.432-03:00 TRACE 20444 --- [estoque] [http-nio-8383-exec-6] o.t.s.expression.TextLiteralExpression   : [THYMELEAF][http-nio-8383-exec-6] Evaluating text literal: "'background: conic-gradient(var(--primary-500) 0deg '"
2026-07-01T16:51:48.435-03:00 TRACE 20444 --- [estoque] [http-nio-8383-exec-6] o.t.s.expression.VariableExpression      : [THYMELEAF][http-nio-8383-exec-6] Evaluating variable expression: "${resumo.margemPercentual * 3.6}"
2026-07-01T16:51:48.436-03:00 TRACE 20444 --- [estoque] [http-nio-8383-exec-6] o.t.s.e.SPELVariableExpressionEvaluator  : [THYMELEAF][http-nio-8383-exec-6] SpringEL expression: evaluating expression "resumo.margemPercentual * 3.6" on target
2026-07-01T16:51:48.437-03:00 TRACE 20444 --- [estoque] [http-nio-8383-exec-6] o.t.s.expression.TextLiteralExpression   : [THYMELEAF][http-nio-8383-exec-6] Evaluating text literal: "'deg, var(--neutral-200) '"
2026-07-01T16:51:48.437-03:00 TRACE 20444 --- [estoque] [http-nio-8383-exec-6] o.t.s.expression.VariableExpression      : [THYMELEAF][http-nio-8383-exec-6] Evaluating variable expression: "${resumo.margemPercentual * 3.6}"
2026-07-01T16:51:48.437-03:00 TRACE 20444 --- [estoque] [http-nio-8383-exec-6] o.t.s.e.SPELVariableExpressionEvaluator  : [THYMELEAF][http-nio-8383-exec-6] SpringEL expression: evaluating expression "resumo.margemPercentual * 3.6" on target
2026-07-01T16:51:48.438-03:00 TRACE 20444 --- [estoque] [http-nio-8383-exec-6] o.t.s.expression.TextLiteralExpression   : [THYMELEAF][http-nio-8383-exec-6] Evaluating text literal: "'deg 360deg);'"
2026-07-01T16:51:48.438-03:00 TRACE 20444 --- [estoque] [http-nio-8383-exec-6] o.t.T.cache.EXPRESSION_CACHE             : [THYMELEAF][http-nio-8383-exec-6][EXPRESSION_CACHE][CACHE_HIT] Cache hit in cache "EXPRESSION_CACHE" for key "expr|${resumo.margemPercentual} + '%'".
2026-07-01T16:51:48.439-03:00 TRACE 20444 --- [estoque] [http-nio-8383-exec-6] o.t.s.expression.AdditionExpression      : [THYMELEAF][http-nio-8383-exec-6] Evaluating addition expression: "${resumo.margemPercentual} + '%'"
2026-07-01T16:51:48.439-03:00 TRACE 20444 --- [estoque] [http-nio-8383-exec-6] o.t.s.expression.VariableExpression      : [THYMELEAF][http-nio-8383-exec-6] Evaluating variable expression: "${resumo.margemPercentual}"
2026-07-01T16:51:48.439-03:00 TRACE 20444 --- [estoque] [http-nio-8383-exec-6] o.t.s.e.SPELVariableExpressionEvaluator  : [THYMELEAF][http-nio-8383-exec-6] SpringEL expression: evaluating expression "resumo.margemPercentual" on target
2026-07-01T16:51:48.439-03:00 TRACE 20444 --- [estoque] [http-nio-8383-exec-6] o.t.s.expression.TextLiteralExpression   : [THYMELEAF][http-nio-8383-exec-6] Evaluating text literal: "'%'"
2026-07-01T16:51:48.443-03:00 TRACE 20444 --- [estoque] [http-nio-8383-exec-6] org.thymeleaf.TemplateEngine             : [THYMELEAF][http-nio-8383-exec-6] FINISHED PROCESS AND OUTPUT OF TEMPLATE "Dashboard" WITH LOCALE pt_BR
2026-07-01T16:51:48.443-03:00 TRACE 20444 --- [estoque] [http-nio-8383-exec-6] org.thymeleaf.TemplateEngine.TIMER       : [THYMELEAF][http-nio-8383-exec-6][Dashboard][pt_BR][386979900][387] TEMPLATE "Dashboard" WITH LOCALE pt_BR PROCESSED IN 386979900 nanoseconds (approx. 387ms)
2026-07-01T16:51:48.444-03:00 DEBUG 20444 --- [estoque] [http-nio-8383-exec-6] o.s.web.servlet.DispatcherServlet        : Completed 200 OK
2026-07-01T16:51:48.461-03:00 DEBUG 20444 --- [estoque] [http-nio-8383-exec-7] o.s.web.servlet.DispatcherServlet        : GET "/api/resumo-financeiro?periodo=mes", parameters={masked}
2026-07-01T16:51:48.462-03:00 DEBUG 20444 --- [estoque] [http-nio-8383-exec-7] s.w.s.m.m.a.RequestMappingHandlerMapping : Mapped to com.expedicao.estoque.controller.DashboardController#resumoFinanceiroApi(String)
2026-07-01T16:51:48.478-03:00 DEBUG 20444 --- [estoque] [http-nio-8383-exec-7] m.m.a.RequestResponseBodyMethodProcessor : Using 'application/json', given [*/*] and supported [application/json]
2026-07-01T16:51:48.479-03:00 DEBUG 20444 --- [estoque] [http-nio-8383-exec-7] m.m.a.RequestResponseBodyMethodProcessor : Writing [com.expedicao.estoque.dto.ResumoFinanceiroDTO@1ed5bb58]
2026-07-01T16:51:48.483-03:00 DEBUG 20444 --- [estoque] [http-nio-8383-exec-7] o.s.web.servlet.DispatcherServlet        : Completed 200 OK
2026-07-01T16:51:51.049-03:00 DEBUG 20444 --- [estoque] [http-nio-8383-exec-8] o.s.web.servlet.DispatcherServlet        : GET "/financeiro/dashboardFinanceiro", parameters={}
2026-07-01T16:51:51.050-03:00 DEBUG 20444 --- [estoque] [http-nio-8383-exec-8] s.w.s.m.m.a.RequestMappingHandlerMapping : Mapped to com.expedicao.estoque.controller.FinanceiroController#dashboardFinanceiro()
2026-07-01T16:51:51.051-03:00 TRACE 20444 --- [estoque] [http-nio-8383-exec-8] o.t.spring6.view.ThymeleafViewResolver   : [THYMELEAF] View dashboardFinanceiro will be handled by ThymeleafViewResolver and a ThymeleafView instance will be created for it
2026-07-01T16:51:51.052-03:00 TRACE 20444 --- [estoque] [http-nio-8383-exec-8] o.t.spring6.view.ThymeleafViewResolver   : [THYMELEAF] View dashboardFinanceiro.xml will be handled by ThymeleafViewResolver and a ThymeleafView instance will be created for it
2026-07-01T16:51:51.054-03:00 DEBUG 20444 --- [estoque] [http-nio-8383-exec-8] o.s.w.s.v.ContentNegotiatingViewResolver : Selected 'text/html' given [text/html, application/xhtml+xml, image/avif, image/webp, image/apng, application/xml;q=0.9, */*;q=0.8, application/signed-exchange;v=b3;q=0.7]
2026-07-01T16:51:51.054-03:00 TRACE 20444 --- [estoque] [http-nio-8383-exec-8] org.thymeleaf.TemplateEngine             : [THYMELEAF][http-nio-8383-exec-8] STARTING PROCESS OF TEMPLATE "dashboardFinanceiro" WITH LOCALE pt_BR
2026-07-01T16:51:51.054-03:00 TRACE 20444 --- [estoque] [http-nio-8383-exec-8] o.t.TemplateEngine.cache.TEMPLATE_CACHE  : [THYMELEAF][http-nio-8383-exec-8][TEMPLATE_CACHE][CACHE_MISS] Cache miss in cache "TEMPLATE_CACHE" for key "dashboardFinanceiro".
2026-07-01T16:51:51.055-03:00 TRACE 20444 --- [estoque] [http-nio-8383-exec-8] org.thymeleaf.engine.TemplateManager     : [THYMELEAF][http-nio-8383-exec-8] Template resolver match! Resolver "org.thymeleaf.spring6.templateresolver.SpringResourceTemplateResolver" will resolve template "dashboardFinanceiro"
2026-07-01T16:51:51.060-03:00 TRACE 20444 --- [estoque] [http-nio-8383-exec-8] o.t.e.springsecurity6.auth.AuthUtils     : [THYMELEAF][http-nio-8383-exec-8] Obtaining authentication object.
2026-07-01T16:51:51.060-03:00 TRACE 20444 --- [estoque] [http-nio-8383-exec-8] o.t.e.springsecurity6.auth.AuthUtils     : [THYMELEAF][http-nio-8383-exec-8] Authentication object of class org.springframework.security.authentication.UsernamePasswordAuthenticationToken found in context for user "master".
2026-07-01T16:51:51.060-03:00 TRACE 20444 --- [estoque] [http-nio-8383-exec-8] o.t.e.springsecurity6.auth.AuthUtils     : [THYMELEAF][http-nio-8383-exec-8] Checking authorization using access expression "hasRole('MASTER')" for user "master".
2026-07-01T16:51:51.061-03:00 TRACE 20444 --- [estoque] [http-nio-8383-exec-8] o.t.e.springsecurity6.auth.AuthUtils     : [THYMELEAF][http-nio-8383-exec-8] Checked authorization using access expression "hasRole('MASTER')" for user "master". Access GRANTED.
2026-07-01T16:51:51.062-03:00 TRACE 20444 --- [estoque] [http-nio-8383-exec-8] o.t.e.springsecurity6.auth.AuthUtils     : [THYMELEAF][http-nio-8383-exec-8] Obtaining authentication object.
2026-07-01T16:51:51.062-03:00 TRACE 20444 --- [estoque] [http-nio-8383-exec-8] o.t.e.springsecurity6.auth.AuthUtils     : [THYMELEAF][http-nio-8383-exec-8] Authentication object of class org.springframework.security.authentication.UsernamePasswordAuthenticationToken found in context for user "master".
2026-07-01T16:51:51.062-03:00 TRACE 20444 --- [estoque] [http-nio-8383-exec-8] o.t.e.springsecurity6.auth.AuthUtils     : [THYMELEAF][http-nio-8383-exec-8] Checking authorization using access expression "hasAnyRole('CLIENTES','MASTER')" for user "master".
2026-07-01T16:51:51.062-03:00 TRACE 20444 --- [estoque] [http-nio-8383-exec-8] o.t.e.springsecurity6.auth.AuthUtils     : [THYMELEAF][http-nio-8383-exec-8] Checked authorization using access expression "hasAnyRole('CLIENTES','MASTER')" for user "master". Access GRANTED.
2026-07-01T16:51:51.063-03:00 TRACE 20444 --- [estoque] [http-nio-8383-exec-8] o.t.e.springsecurity6.auth.AuthUtils     : [THYMELEAF][http-nio-8383-exec-8] Obtaining authentication object.
2026-07-01T16:51:51.063-03:00 TRACE 20444 --- [estoque] [http-nio-8383-exec-8] o.t.e.springsecurity6.auth.AuthUtils     : [THYMELEAF][http-nio-8383-exec-8] Authentication object of class org.springframework.security.authentication.UsernamePasswordAuthenticationToken found in context for user "master".
2026-07-01T16:51:51.063-03:00 TRACE 20444 --- [estoque] [http-nio-8383-exec-8] o.t.e.springsecurity6.auth.AuthUtils     : [THYMELEAF][http-nio-8383-exec-8] Checking authorization using access expression "hasAnyRole('PRODUTO','MASTER')" for user "master".
2026-07-01T16:51:51.064-03:00 TRACE 20444 --- [estoque] [http-nio-8383-exec-8] o.t.e.springsecurity6.auth.AuthUtils     : [THYMELEAF][http-nio-8383-exec-8] Checked authorization using access expression "hasAnyRole('PRODUTO','MASTER')" for user "master". Access GRANTED.
2026-07-01T16:51:51.064-03:00 TRACE 20444 --- [estoque] [http-nio-8383-exec-8] o.t.e.springsecurity6.auth.AuthUtils     : [THYMELEAF][http-nio-8383-exec-8] Obtaining authentication object.
2026-07-01T16:51:51.064-03:00 TRACE 20444 --- [estoque] [http-nio-8383-exec-8] o.t.e.springsecurity6.auth.AuthUtils     : [THYMELEAF][http-nio-8383-exec-8] Authentication object of class org.springframework.security.authentication.UsernamePasswordAuthenticationToken found in context for user "master".
2026-07-01T16:51:51.064-03:00 TRACE 20444 --- [estoque] [http-nio-8383-exec-8] o.t.e.springsecurity6.auth.AuthUtils     : [THYMELEAF][http-nio-8383-exec-8] Checking authorization using access expression "hasAnyRole('ESTOQUE','MASTER')" for user "master".
2026-07-01T16:51:51.065-03:00 TRACE 20444 --- [estoque] [http-nio-8383-exec-8] o.t.e.springsecurity6.auth.AuthUtils     : [THYMELEAF][http-nio-8383-exec-8] Checked authorization using access expression "hasAnyRole('ESTOQUE','MASTER')" for user "master". Access GRANTED.
2026-07-01T16:51:51.065-03:00 TRACE 20444 --- [estoque] [http-nio-8383-exec-8] o.t.e.springsecurity6.auth.AuthUtils     : [THYMELEAF][http-nio-8383-exec-8] Obtaining authentication object.
2026-07-01T16:51:51.069-03:00 TRACE 20444 --- [estoque] [http-nio-8383-exec-8] o.t.e.springsecurity6.auth.AuthUtils     : [THYMELEAF][http-nio-8383-exec-8] Authentication object of class org.springframework.security.authentication.UsernamePasswordAuthenticationToken found in context for user "master".
2026-07-01T16:51:51.071-03:00 TRACE 20444 --- [estoque] [http-nio-8383-exec-8] o.t.e.springsecurity6.auth.AuthUtils     : [THYMELEAF][http-nio-8383-exec-8] Checking authorization using access expression "hasAnyRole('VENDAS','MASTER')" for user "master".
2026-07-01T16:51:51.072-03:00 TRACE 20444 --- [estoque] [http-nio-8383-exec-8] o.t.e.springsecurity6.auth.AuthUtils     : [THYMELEAF][http-nio-8383-exec-8] Checked authorization using access expression "hasAnyRole('VENDAS','MASTER')" for user "master". Access GRANTED.
2026-07-01T16:51:51.072-03:00 TRACE 20444 --- [estoque] [http-nio-8383-exec-8] o.t.e.springsecurity6.auth.AuthUtils     : [THYMELEAF][http-nio-8383-exec-8] Obtaining authentication object.
2026-07-01T16:51:51.073-03:00 TRACE 20444 --- [estoque] [http-nio-8383-exec-8] o.t.e.springsecurity6.auth.AuthUtils     : [THYMELEAF][http-nio-8383-exec-8] Authentication object of class org.springframework.security.authentication.UsernamePasswordAuthenticationToken found in context for user "master".
2026-07-01T16:51:51.073-03:00 TRACE 20444 --- [estoque] [http-nio-8383-exec-8] o.t.e.springsecurity6.auth.AuthUtils     : [THYMELEAF][http-nio-8383-exec-8] Checking authorization using access expression "hasAnyRole('FINANCEIRO','MASTER')" for user "master".
2026-07-01T16:51:51.073-03:00 TRACE 20444 --- [estoque] [http-nio-8383-exec-8] o.t.e.springsecurity6.auth.AuthUtils     : [THYMELEAF][http-nio-8383-exec-8] Checked authorization using access expression "hasAnyRole('FINANCEIRO','MASTER')" for user "master". Access GRANTED.
2026-07-01T16:51:51.074-03:00 TRACE 20444 --- [estoque] [http-nio-8383-exec-8] o.t.e.springsecurity6.auth.AuthUtils     : [THYMELEAF][http-nio-8383-exec-8] Obtaining authentication object.
2026-07-01T16:51:51.074-03:00 TRACE 20444 --- [estoque] [http-nio-8383-exec-8] o.t.e.springsecurity6.auth.AuthUtils     : [THYMELEAF][http-nio-8383-exec-8] Authentication object of class org.springframework.security.authentication.UsernamePasswordAuthenticationToken found in context for user "master".
2026-07-01T16:51:51.074-03:00 TRACE 20444 --- [estoque] [http-nio-8383-exec-8] o.t.e.springsecurity6.auth.AuthUtils     : [THYMELEAF][http-nio-8383-exec-8] Checking authorization using access expression "hasAnyRole('FINANCEIRO','MASTER')" for user "master".
2026-07-01T16:51:51.075-03:00 TRACE 20444 --- [estoque] [http-nio-8383-exec-8] o.t.e.springsecurity6.auth.AuthUtils     : [THYMELEAF][http-nio-8383-exec-8] Checked authorization using access expression "hasAnyRole('FINANCEIRO','MASTER')" for user "master". Access GRANTED.
2026-07-01T16:51:51.076-03:00 TRACE 20444 --- [estoque] [http-nio-8383-exec-8] o.t.T.cache.EXPRESSION_CACHE             : [THYMELEAF][http-nio-8383-exec-8][EXPRESSION_CACHE][CACHE_HIT] Cache hit in cache "EXPRESSION_CACHE" for key "expr|@{/logout}".
2026-07-01T16:51:51.076-03:00 TRACE 20444 --- [estoque] [http-nio-8383-exec-8] o.t.standard.expression.LinkExpression   : [THYMELEAF][http-nio-8383-exec-8] Evaluating link: "@{'/logout'}"
2026-07-01T16:51:51.076-03:00 TRACE 20444 --- [estoque] [http-nio-8383-exec-8] o.t.s.expression.TextLiteralExpression   : [THYMELEAF][http-nio-8383-exec-8] Evaluating text literal: "'/logout'"
2026-07-01T16:51:51.079-03:00 TRACE 20444 --- [estoque] [http-nio-8383-exec-8] org.thymeleaf.TemplateEngine             : [THYMELEAF][http-nio-8383-exec-8] FINISHED PROCESS AND OUTPUT OF TEMPLATE "dashboardFinanceiro" WITH LOCALE pt_BR
2026-07-01T16:51:51.079-03:00 TRACE 20444 --- [estoque] [http-nio-8383-exec-8] org.thymeleaf.TemplateEngine.TIMER       : [THYMELEAF][http-nio-8383-exec-8][dashboardFinanceiro][pt_BR][25285000][25] TEMPLATE "dashboardFinanceiro" WITH LOCALE pt_BR PROCESSED IN 25285000 nanoseconds (approx. 25ms)
2026-07-01T16:51:51.081-03:00 DEBUG 20444 --- [estoque] [http-nio-8383-exec-8] o.s.web.servlet.DispatcherServlet        : Completed 200 OK
2026-07-01T16:51:57.436-03:00 DEBUG 20444 --- [estoque] [http-nio-8383-exec-9] o.s.web.servlet.DispatcherServlet        : GET "/financeiro", parameters={}
2026-07-01T16:51:57.437-03:00 DEBUG 20444 --- [estoque] [http-nio-8383-exec-9] s.w.s.m.m.a.RequestMappingHandlerMapping : Mapped to com.expedicao.estoque.controller.FinanceiroController#financeiro()
2026-07-01T16:51:57.438-03:00 TRACE 20444 --- [estoque] [http-nio-8383-exec-9] o.t.spring6.view.ThymeleafViewResolver   : [THYMELEAF] View financeiro will be handled by ThymeleafViewResolver and a ThymeleafView instance will be created for it
2026-07-01T16:51:57.439-03:00 TRACE 20444 --- [estoque] [http-nio-8383-exec-9] o.t.spring6.view.ThymeleafViewResolver   : [THYMELEAF] View financeiro.xml will be handled by ThymeleafViewResolver and a ThymeleafView instance will be created for it
2026-07-01T16:51:57.439-03:00 DEBUG 20444 --- [estoque] [http-nio-8383-exec-9] o.s.w.s.v.ContentNegotiatingViewResolver : Selected 'text/html' given [text/html, application/xhtml+xml, image/avif, image/webp, image/apng, application/xml;q=0.9, */*;q=0.8, application/signed-exchange;v=b3;q=0.7]
2026-07-01T16:51:57.439-03:00 TRACE 20444 --- [estoque] [http-nio-8383-exec-9] org.thymeleaf.TemplateEngine             : [THYMELEAF][http-nio-8383-exec-9] STARTING PROCESS OF TEMPLATE "financeiro" WITH LOCALE pt_BR
2026-07-01T16:51:57.440-03:00 TRACE 20444 --- [estoque] [http-nio-8383-exec-9] o.t.TemplateEngine.cache.TEMPLATE_CACHE  : [THYMELEAF][http-nio-8383-exec-9][TEMPLATE_CACHE][CACHE_MISS] Cache miss in cache "TEMPLATE_CACHE" for key "financeiro".
2026-07-01T16:51:57.440-03:00 TRACE 20444 --- [estoque] [http-nio-8383-exec-9] org.thymeleaf.engine.TemplateManager     : [THYMELEAF][http-nio-8383-exec-9] Template resolver match! Resolver "org.thymeleaf.spring6.templateresolver.SpringResourceTemplateResolver" will resolve template "financeiro"
2026-07-01T16:51:57.442-03:00 TRACE 20444 --- [estoque] [http-nio-8383-exec-9] o.t.e.springsecurity6.auth.AuthUtils     : [THYMELEAF][http-nio-8383-exec-9] Obtaining authentication object.
2026-07-01T16:51:57.443-03:00 TRACE 20444 --- [estoque] [http-nio-8383-exec-9] o.t.e.springsecurity6.auth.AuthUtils     : [THYMELEAF][http-nio-8383-exec-9] Authentication object of class org.springframework.security.authentication.UsernamePasswordAuthenticationToken found in context for user "master".
2026-07-01T16:51:57.443-03:00 TRACE 20444 --- [estoque] [http-nio-8383-exec-9] o.t.e.springsecurity6.auth.AuthUtils     : [THYMELEAF][http-nio-8383-exec-9] Checking authorization using access expression "hasRole('MASTER')" for user "master".
2026-07-01T16:51:57.444-03:00 TRACE 20444 --- [estoque] [http-nio-8383-exec-9] o.t.e.springsecurity6.auth.AuthUtils     : [THYMELEAF][http-nio-8383-exec-9] Checked authorization using access expression "hasRole('MASTER')" for user "master". Access GRANTED.
2026-07-01T16:51:57.444-03:00 TRACE 20444 --- [estoque] [http-nio-8383-exec-9] o.t.e.springsecurity6.auth.AuthUtils     : [THYMELEAF][http-nio-8383-exec-9] Obtaining authentication object.
2026-07-01T16:51:57.445-03:00 TRACE 20444 --- [estoque] [http-nio-8383-exec-9] o.t.e.springsecurity6.auth.AuthUtils     : [THYMELEAF][http-nio-8383-exec-9] Authentication object of class org.springframework.security.authentication.UsernamePasswordAuthenticationToken found in context for user "master".
2026-07-01T16:51:57.445-03:00 TRACE 20444 --- [estoque] [http-nio-8383-exec-9] o.t.e.springsecurity6.auth.AuthUtils     : [THYMELEAF][http-nio-8383-exec-9] Checking authorization using access expression "hasAnyRole('CLIENTES','MASTER')" for user "master".
2026-07-01T16:51:57.446-03:00 TRACE 20444 --- [estoque] [http-nio-8383-exec-9] o.t.e.springsecurity6.auth.AuthUtils     : [THYMELEAF][http-nio-8383-exec-9] Checked authorization using access expression "hasAnyRole('CLIENTES','MASTER')" for user "master". Access GRANTED.
2026-07-01T16:51:57.446-03:00 TRACE 20444 --- [estoque] [http-nio-8383-exec-9] o.t.e.springsecurity6.auth.AuthUtils     : [THYMELEAF][http-nio-8383-exec-9] Obtaining authentication object.
2026-07-01T16:51:57.446-03:00 TRACE 20444 --- [estoque] [http-nio-8383-exec-9] o.t.e.springsecurity6.auth.AuthUtils     : [THYMELEAF][http-nio-8383-exec-9] Authentication object of class org.springframework.security.authentication.UsernamePasswordAuthenticationToken found in context for user "master".
2026-07-01T16:51:57.447-03:00 TRACE 20444 --- [estoque] [http-nio-8383-exec-9] o.t.e.springsecurity6.auth.AuthUtils     : [THYMELEAF][http-nio-8383-exec-9] Checking authorization using access expression "hasAnyRole('PRODUTO','MASTER')" for user "master".
2026-07-01T16:51:57.448-03:00 TRACE 20444 --- [estoque] [http-nio-8383-exec-9] o.t.e.springsecurity6.auth.AuthUtils     : [THYMELEAF][http-nio-8383-exec-9] Checked authorization using access expression "hasAnyRole('PRODUTO','MASTER')" for user "master". Access GRANTED.
2026-07-01T16:51:57.448-03:00 TRACE 20444 --- [estoque] [http-nio-8383-exec-9] o.t.e.springsecurity6.auth.AuthUtils     : [THYMELEAF][http-nio-8383-exec-9] Obtaining authentication object.
2026-07-01T16:51:57.450-03:00 TRACE 20444 --- [estoque] [http-nio-8383-exec-9] o.t.e.springsecurity6.auth.AuthUtils     : [THYMELEAF][http-nio-8383-exec-9] Authentication object of class org.springframework.security.authentication.UsernamePasswordAuthenticationToken found in context for user "master".
2026-07-01T16:51:57.451-03:00 TRACE 20444 --- [estoque] [http-nio-8383-exec-9] o.t.e.springsecurity6.auth.AuthUtils     : [THYMELEAF][http-nio-8383-exec-9] Checking authorization using access expression "hasAnyRole('ESTOQUE','MASTER')" for user "master".
2026-07-01T16:51:57.453-03:00 TRACE 20444 --- [estoque] [http-nio-8383-exec-9] o.t.e.springsecurity6.auth.AuthUtils     : [THYMELEAF][http-nio-8383-exec-9] Checked authorization using access expression "hasAnyRole('ESTOQUE','MASTER')" for user "master". Access GRANTED.
2026-07-01T16:51:57.456-03:00 TRACE 20444 --- [estoque] [http-nio-8383-exec-9] o.t.e.springsecurity6.auth.AuthUtils     : [THYMELEAF][http-nio-8383-exec-9] Obtaining authentication object.
2026-07-01T16:51:57.456-03:00 TRACE 20444 --- [estoque] [http-nio-8383-exec-9] o.t.e.springsecurity6.auth.AuthUtils     : [THYMELEAF][http-nio-8383-exec-9] Authentication object of class org.springframework.security.authentication.UsernamePasswordAuthenticationToken found in context for user "master".
2026-07-01T16:51:57.457-03:00 TRACE 20444 --- [estoque] [http-nio-8383-exec-9] o.t.e.springsecurity6.auth.AuthUtils     : [THYMELEAF][http-nio-8383-exec-9] Checking authorization using access expression "hasAnyRole('VENDAS','MASTER')" for user "master".
2026-07-01T16:51:57.458-03:00 TRACE 20444 --- [estoque] [http-nio-8383-exec-9] o.t.e.springsecurity6.auth.AuthUtils     : [THYMELEAF][http-nio-8383-exec-9] Checked authorization using access expression "hasAnyRole('VENDAS','MASTER')" for user "master". Access GRANTED.
2026-07-01T16:51:57.458-03:00 TRACE 20444 --- [estoque] [http-nio-8383-exec-9] o.t.e.springsecurity6.auth.AuthUtils     : [THYMELEAF][http-nio-8383-exec-9] Obtaining authentication object.
2026-07-01T16:51:57.459-03:00 TRACE 20444 --- [estoque] [http-nio-8383-exec-9] o.t.e.springsecurity6.auth.AuthUtils     : [THYMELEAF][http-nio-8383-exec-9] Authentication object of class org.springframework.security.authentication.UsernamePasswordAuthenticationToken found in context for user "master".
2026-07-01T16:51:57.459-03:00 TRACE 20444 --- [estoque] [http-nio-8383-exec-9] o.t.e.springsecurity6.auth.AuthUtils     : [THYMELEAF][http-nio-8383-exec-9] Checking authorization using access expression "hasAnyRole('FINANCEIRO','MASTER')" for user "master".
2026-07-01T16:51:57.459-03:00 TRACE 20444 --- [estoque] [http-nio-8383-exec-9] o.t.e.springsecurity6.auth.AuthUtils     : [THYMELEAF][http-nio-8383-exec-9] Checked authorization using access expression "hasAnyRole('FINANCEIRO','MASTER')" for user "master". Access GRANTED.
2026-07-01T16:51:57.460-03:00 TRACE 20444 --- [estoque] [http-nio-8383-exec-9] o.t.e.springsecurity6.auth.AuthUtils     : [THYMELEAF][http-nio-8383-exec-9] Obtaining authentication object.
2026-07-01T16:51:57.460-03:00 TRACE 20444 --- [estoque] [http-nio-8383-exec-9] o.t.e.springsecurity6.auth.AuthUtils     : [THYMELEAF][http-nio-8383-exec-9] Authentication object of class org.springframework.security.authentication.UsernamePasswordAuthenticationToken found in context for user "master".
2026-07-01T16:51:57.460-03:00 TRACE 20444 --- [estoque] [http-nio-8383-exec-9] o.t.e.springsecurity6.auth.AuthUtils     : [THYMELEAF][http-nio-8383-exec-9] Checking authorization using access expression "hasAnyRole('FINANCEIRO','MASTER')" for user "master".
2026-07-01T16:51:57.461-03:00 TRACE 20444 --- [estoque] [http-nio-8383-exec-9] o.t.e.springsecurity6.auth.AuthUtils     : [THYMELEAF][http-nio-8383-exec-9] Checked authorization using access expression "hasAnyRole('FINANCEIRO','MASTER')" for user "master". Access GRANTED.
2026-07-01T16:51:57.461-03:00 TRACE 20444 --- [estoque] [http-nio-8383-exec-9] o.t.T.cache.EXPRESSION_CACHE             : [THYMELEAF][http-nio-8383-exec-9][EXPRESSION_CACHE][CACHE_HIT] Cache hit in cache "EXPRESSION_CACHE" for key "expr|@{/logout}".
2026-07-01T16:51:57.461-03:00 TRACE 20444 --- [estoque] [http-nio-8383-exec-9] o.t.standard.expression.LinkExpression   : [THYMELEAF][http-nio-8383-exec-9] Evaluating link: "@{'/logout'}"
2026-07-01T16:51:57.462-03:00 TRACE 20444 --- [estoque] [http-nio-8383-exec-9] o.t.s.expression.TextLiteralExpression   : [THYMELEAF][http-nio-8383-exec-9] Evaluating text literal: "'/logout'"
2026-07-01T16:51:57.464-03:00 TRACE 20444 --- [estoque] [http-nio-8383-exec-9] org.thymeleaf.TemplateEngine             : [THYMELEAF][http-nio-8383-exec-9] FINISHED PROCESS AND OUTPUT OF TEMPLATE "financeiro" WITH LOCALE pt_BR
2026-07-01T16:51:57.464-03:00 TRACE 20444 --- [estoque] [http-nio-8383-exec-9] org.thymeleaf.TemplateEngine.TIMER       : [THYMELEAF][http-nio-8383-exec-9][financeiro][pt_BR][24031400][24] TEMPLATE "financeiro" WITH LOCALE pt_BR PROCESSED IN 24031400 nanoseconds (approx. 24ms)
2026-07-01T16:51:57.464-03:00 DEBUG 20444 --- [estoque] [http-nio-8383-exec-9] o.s.web.servlet.DispatcherServlet        : Completed 200 OK
2026-07-01T16:51:57.486-03:00 DEBUG 20444 --- [estoque] [http-nio-8383-exec-10] o.s.web.servlet.DispatcherServlet        : GET "/financeiro/api/clientes", parameters={}
2026-07-01T16:51:57.487-03:00 DEBUG 20444 --- [estoque] [http-nio-8383-exec-10] s.w.s.m.m.a.RequestMappingHandlerMapping : Mapped to com.expedicao.estoque.controller.FinanceiroController#listarClientes()
2026-07-01T16:51:57.491-03:00 DEBUG 20444 --- [estoque] [http-nio-8383-exec-10] m.m.a.RequestResponseBodyMethodProcessor : Using 'application/json', given [*/*] and supported [application/json, application/*+json]
2026-07-01T16:51:57.491-03:00 DEBUG 20444 --- [estoque] [http-nio-8383-exec-10] m.m.a.RequestResponseBodyMethodProcessor : Writing [[Cliente 1, Cliente10, Pablo, Teste2, Teste3]]
2026-07-01T16:51:57.493-03:00 DEBUG 20444 --- [estoque] [http-nio-8383-exec-10] o.s.web.servlet.DispatcherServlet        : Completed 200 OK
2026-07-01T16:51:57.543-03:00 DEBUG 20444 --- [estoque] [http-nio-8383-exec-1] o.s.web.servlet.DispatcherServlet        : GET "/financeiro/api/filtrar", parameters={}
2026-07-01T16:51:57.544-03:00 DEBUG 20444 --- [estoque] [http-nio-8383-exec-1] s.w.s.m.m.a.RequestMappingHandlerMapping : Mapped to com.expedicao.estoque.controller.FinanceiroController#filtrar(String, String)
2026-07-01T16:51:57.579-03:00 DEBUG 20444 --- [estoque] [http-nio-8383-exec-1] m.m.a.RequestResponseBodyMethodProcessor : Using 'application/json', given [*/*] and supported [application/json, application/*+json]
2026-07-01T16:51:57.579-03:00 DEBUG 20444 --- [estoque] [http-nio-8383-exec-1] m.m.a.RequestResponseBodyMethodProcessor : Writing [[com.expedicao.estoque.dto.ContaReceberDTO@71ce01e6, com.expedicao.estoque.dto.ContaReceberDTO@bb7d8 (truncated)...]
2026-07-01T16:51:57.581-03:00 DEBUG 20444 --- [estoque] [http-nio-8383-exec-1] o.s.web.servlet.DispatcherServlet        : Completed 200 OK
2026-07-01T16:52:03.892-03:00 DEBUG 20444 --- [estoque] [http-nio-8383-exec-2] o.s.web.servlet.DispatcherServlet        : GET "/dashboard", parameters={}
2026-07-01T16:52:03.893-03:00 DEBUG 20444 --- [estoque] [http-nio-8383-exec-2] s.w.s.m.m.a.RequestMappingHandlerMapping : Mapped to com.expedicao.estoque.controller.DashboardController#dashboard(Model)
2026-07-01T16:52:03.977-03:00 TRACE 20444 --- [estoque] [http-nio-8383-exec-2] o.t.spring6.view.ThymeleafViewResolver   : [THYMELEAF] View Dashboard will be handled by ThymeleafViewResolver and a ThymeleafView instance will be created for it
2026-07-01T16:52:03.978-03:00 TRACE 20444 --- [estoque] [http-nio-8383-exec-2] o.t.spring6.view.ThymeleafViewResolver   : [THYMELEAF] View Dashboard.xml will be handled by ThymeleafViewResolver and a ThymeleafView instance will be created for it
2026-07-01T16:52:03.978-03:00 DEBUG 20444 --- [estoque] [http-nio-8383-exec-2] o.s.w.s.v.ContentNegotiatingViewResolver : Selected 'text/html' given [text/html, application/xhtml+xml, image/avif, image/webp, image/apng, application/xml;q=0.9, */*;q=0.8, application/signed-exchange;v=b3;q=0.7]
2026-07-01T16:52:03.978-03:00 TRACE 20444 --- [estoque] [http-nio-8383-exec-2] org.thymeleaf.TemplateEngine             : [THYMELEAF][http-nio-8383-exec-2] STARTING PROCESS OF TEMPLATE "Dashboard" WITH LOCALE pt_BR
2026-07-01T16:52:03.979-03:00 TRACE 20444 --- [estoque] [http-nio-8383-exec-2] o.t.TemplateEngine.cache.TEMPLATE_CACHE  : [THYMELEAF][http-nio-8383-exec-2][TEMPLATE_CACHE][CACHE_MISS] Cache miss in cache "TEMPLATE_CACHE" for key "Dashboard".
2026-07-01T16:52:03.979-03:00 TRACE 20444 --- [estoque] [http-nio-8383-exec-2] org.thymeleaf.engine.TemplateManager     : [THYMELEAF][http-nio-8383-exec-2] Template resolver match! Resolver "org.thymeleaf.spring6.templateresolver.SpringResourceTemplateResolver" will resolve template "Dashboard"
2026-07-01T16:52:03.982-03:00 TRACE 20444 --- [estoque] [http-nio-8383-exec-2] o.t.e.springsecurity6.auth.AuthUtils     : [THYMELEAF][http-nio-8383-exec-2] Obtaining authentication object.
2026-07-01T16:52:03.982-03:00 TRACE 20444 --- [estoque] [http-nio-8383-exec-2] o.t.e.springsecurity6.auth.AuthUtils     : [THYMELEAF][http-nio-8383-exec-2] Authentication object of class org.springframework.security.authentication.UsernamePasswordAuthenticationToken found in context for user "master".
2026-07-01T16:52:03.982-03:00 TRACE 20444 --- [estoque] [http-nio-8383-exec-2] o.t.e.springsecurity6.auth.AuthUtils     : [THYMELEAF][http-nio-8383-exec-2] Checking authorization using access expression "hasRole('MASTER')" for user "master".
2026-07-01T16:52:03.983-03:00 TRACE 20444 --- [estoque] [http-nio-8383-exec-2] o.t.e.springsecurity6.auth.AuthUtils     : [THYMELEAF][http-nio-8383-exec-2] Checked authorization using access expression "hasRole('MASTER')" for user "master". Access GRANTED.
2026-07-01T16:52:03.984-03:00 TRACE 20444 --- [estoque] [http-nio-8383-exec-2] o.t.e.springsecurity6.auth.AuthUtils     : [THYMELEAF][http-nio-8383-exec-2] Obtaining authentication object.
2026-07-01T16:52:03.984-03:00 TRACE 20444 --- [estoque] [http-nio-8383-exec-2] o.t.e.springsecurity6.auth.AuthUtils     : [THYMELEAF][http-nio-8383-exec-2] Authentication object of class org.springframework.security.authentication.UsernamePasswordAuthenticationToken found in context for user "master".
2026-07-01T16:52:03.984-03:00 TRACE 20444 --- [estoque] [http-nio-8383-exec-2] o.t.e.springsecurity6.auth.AuthUtils     : [THYMELEAF][http-nio-8383-exec-2] Checking authorization using access expression "hasAnyRole('CLIENTES','MASTER')" for user "master".
2026-07-01T16:52:03.985-03:00 TRACE 20444 --- [estoque] [http-nio-8383-exec-2] o.t.e.springsecurity6.auth.AuthUtils     : [THYMELEAF][http-nio-8383-exec-2] Checked authorization using access expression "hasAnyRole('CLIENTES','MASTER')" for user "master". Access GRANTED.
2026-07-01T16:52:03.985-03:00 TRACE 20444 --- [estoque] [http-nio-8383-exec-2] o.t.e.springsecurity6.auth.AuthUtils     : [THYMELEAF][http-nio-8383-exec-2] Obtaining authentication object.
2026-07-01T16:52:03.985-03:00 TRACE 20444 --- [estoque] [http-nio-8383-exec-2] o.t.e.springsecurity6.auth.AuthUtils     : [THYMELEAF][http-nio-8383-exec-2] Authentication object of class org.springframework.security.authentication.UsernamePasswordAuthenticationToken found in context for user "master".
2026-07-01T16:52:03.985-03:00 TRACE 20444 --- [estoque] [http-nio-8383-exec-2] o.t.e.springsecurity6.auth.AuthUtils     : [THYMELEAF][http-nio-8383-exec-2] Checking authorization using access expression "hasAnyRole('PRODUTO','MASTER')" for user "master".
2026-07-01T16:52:03.986-03:00 TRACE 20444 --- [estoque] [http-nio-8383-exec-2] o.t.e.springsecurity6.auth.AuthUtils     : [THYMELEAF][http-nio-8383-exec-2] Checked authorization using access expression "hasAnyRole('PRODUTO','MASTER')" for user "master". Access GRANTED.
2026-07-01T16:52:03.986-03:00 TRACE 20444 --- [estoque] [http-nio-8383-exec-2] o.t.e.springsecurity6.auth.AuthUtils     : [THYMELEAF][http-nio-8383-exec-2] Obtaining authentication object.
2026-07-01T16:52:03.986-03:00 TRACE 20444 --- [estoque] [http-nio-8383-exec-2] o.t.e.springsecurity6.auth.AuthUtils     : [THYMELEAF][http-nio-8383-exec-2] Authentication object of class org.springframework.security.authentication.UsernamePasswordAuthenticationToken found in context for user "master".
2026-07-01T16:52:03.987-03:00 TRACE 20444 --- [estoque] [http-nio-8383-exec-2] o.t.e.springsecurity6.auth.AuthUtils     : [THYMELEAF][http-nio-8383-exec-2] Checking authorization using access expression "hasAnyRole('ESTOQUE','MASTER')" for user "master".
2026-07-01T16:52:04.004-03:00 TRACE 20444 --- [estoque] [http-nio-8383-exec-2] o.t.e.springsecurity6.auth.AuthUtils     : [THYMELEAF][http-nio-8383-exec-2] Checked authorization using access expression "hasAnyRole('ESTOQUE','MASTER')" for user "master". Access GRANTED.
2026-07-01T16:52:04.006-03:00 TRACE 20444 --- [estoque] [http-nio-8383-exec-2] o.t.e.springsecurity6.auth.AuthUtils     : [THYMELEAF][http-nio-8383-exec-2] Obtaining authentication object.
2026-07-01T16:52:04.006-03:00 TRACE 20444 --- [estoque] [http-nio-8383-exec-2] o.t.e.springsecurity6.auth.AuthUtils     : [THYMELEAF][http-nio-8383-exec-2] Authentication object of class org.springframework.security.authentication.UsernamePasswordAuthenticationToken found in context for user "master".
2026-07-01T16:52:04.006-03:00 TRACE 20444 --- [estoque] [http-nio-8383-exec-2] o.t.e.springsecurity6.auth.AuthUtils     : [THYMELEAF][http-nio-8383-exec-2] Checking authorization using access expression "hasAnyRole('VENDAS','MASTER')" for user "master".
2026-07-01T16:52:04.009-03:00 TRACE 20444 --- [estoque] [http-nio-8383-exec-2] o.t.e.springsecurity6.auth.AuthUtils     : [THYMELEAF][http-nio-8383-exec-2] Checked authorization using access expression "hasAnyRole('VENDAS','MASTER')" for user "master". Access GRANTED.
2026-07-01T16:52:04.010-03:00 TRACE 20444 --- [estoque] [http-nio-8383-exec-2] o.t.e.springsecurity6.auth.AuthUtils     : [THYMELEAF][http-nio-8383-exec-2] Obtaining authentication object.
2026-07-01T16:52:04.010-03:00 TRACE 20444 --- [estoque] [http-nio-8383-exec-2] o.t.e.springsecurity6.auth.AuthUtils     : [THYMELEAF][http-nio-8383-exec-2] Authentication object of class org.springframework.security.authentication.UsernamePasswordAuthenticationToken found in context for user "master".
2026-07-01T16:52:04.010-03:00 TRACE 20444 --- [estoque] [http-nio-8383-exec-2] o.t.e.springsecurity6.auth.AuthUtils     : [THYMELEAF][http-nio-8383-exec-2] Checking authorization using access expression "hasAnyRole('FINANCEIRO','MASTER')" for user "master".
2026-07-01T16:52:04.011-03:00 TRACE 20444 --- [estoque] [http-nio-8383-exec-2] o.t.e.springsecurity6.auth.AuthUtils     : [THYMELEAF][http-nio-8383-exec-2] Checked authorization using access expression "hasAnyRole('FINANCEIRO','MASTER')" for user "master". Access GRANTED.
2026-07-01T16:52:04.011-03:00 TRACE 20444 --- [estoque] [http-nio-8383-exec-2] o.t.e.springsecurity6.auth.AuthUtils     : [THYMELEAF][http-nio-8383-exec-2] Obtaining authentication object.
2026-07-01T16:52:04.011-03:00 TRACE 20444 --- [estoque] [http-nio-8383-exec-2] o.t.e.springsecurity6.auth.AuthUtils     : [THYMELEAF][http-nio-8383-exec-2] Authentication object of class org.springframework.security.authentication.UsernamePasswordAuthenticationToken found in context for user "master".
2026-07-01T16:52:04.012-03:00 TRACE 20444 --- [estoque] [http-nio-8383-exec-2] o.t.e.springsecurity6.auth.AuthUtils     : [THYMELEAF][http-nio-8383-exec-2] Checking authorization using access expression "hasAnyRole('FINANCEIRO','MASTER')" for user "master".
2026-07-01T16:52:04.012-03:00 TRACE 20444 --- [estoque] [http-nio-8383-exec-2] o.t.e.springsecurity6.auth.AuthUtils     : [THYMELEAF][http-nio-8383-exec-2] Checked authorization using access expression "hasAnyRole('FINANCEIRO','MASTER')" for user "master". Access GRANTED.
2026-07-01T16:52:04.013-03:00 TRACE 20444 --- [estoque] [http-nio-8383-exec-2] o.t.T.cache.EXPRESSION_CACHE             : [THYMELEAF][http-nio-8383-exec-2][EXPRESSION_CACHE][CACHE_HIT] Cache hit in cache "EXPRESSION_CACHE" for key "expr|@{/logout}".
2026-07-01T16:52:04.013-03:00 TRACE 20444 --- [estoque] [http-nio-8383-exec-2] o.t.standard.expression.LinkExpression   : [THYMELEAF][http-nio-8383-exec-2] Evaluating link: "@{'/logout'}"
2026-07-01T16:52:04.013-03:00 TRACE 20444 --- [estoque] [http-nio-8383-exec-2] o.t.s.expression.TextLiteralExpression   : [THYMELEAF][http-nio-8383-exec-2] Evaluating text literal: "'/logout'"
2026-07-01T16:52:04.015-03:00 TRACE 20444 --- [estoque] [http-nio-8383-exec-2] o.t.T.cache.EXPRESSION_CACHE             : [THYMELEAF][http-nio-8383-exec-2][EXPRESSION_CACHE][CACHE_HIT] Cache hit in cache "EXPRESSION_CACHE" for key "expr|${#numbers.formatDecimal(kpiVendasValor, 1, 'POINT', 2, 'COMMA')}".
2026-07-01T16:52:04.015-03:00 TRACE 20444 --- [estoque] [http-nio-8383-exec-2] o.t.s.expression.VariableExpression      : [THYMELEAF][http-nio-8383-exec-2] Evaluating variable expression: "${#numbers.formatDecimal(kpiVendasValor, 1, 'POINT', 2, 'COMMA')}"
2026-07-01T16:52:04.019-03:00 TRACE 20444 --- [estoque] [http-nio-8383-exec-2] o.t.s.e.SPELVariableExpressionEvaluator  : [THYMELEAF][http-nio-8383-exec-2] SpringEL expression: evaluating expression "#numbers.formatDecimal(kpiVendasValor, 1, 'POINT', 2, 'COMMA')" on target
2026-07-01T16:52:04.028-03:00 TRACE 20444 --- [estoque] [http-nio-8383-exec-2] o.t.T.cache.EXPRESSION_CACHE             : [THYMELEAF][http-nio-8383-exec-2][EXPRESSION_CACHE][CACHE_HIT] Cache hit in cache "EXPRESSION_CACHE" for key "expr|${kpiVendasPositiva} ? ' up' : ' down'".
2026-07-01T16:52:04.028-03:00 TRACE 20444 --- [estoque] [http-nio-8383-exec-2] o.t.s.expression.ConditionalExpression   : [THYMELEAF][http-nio-8383-exec-2] Evaluating conditional expression: "${kpiVendasPositiva}? ' up' : ' down'"
2026-07-01T16:52:04.028-03:00 TRACE 20444 --- [estoque] [http-nio-8383-exec-2] o.t.s.expression.VariableExpression      : [THYMELEAF][http-nio-8383-exec-2] Evaluating variable expression: "${kpiVendasPositiva}"
2026-07-01T16:52:04.028-03:00 TRACE 20444 --- [estoque] [http-nio-8383-exec-2] o.t.s.e.SPELVariableExpressionEvaluator  : [THYMELEAF][http-nio-8383-exec-2] SpringEL expression: evaluating expression "kpiVendasPositiva" on target
2026-07-01T16:52:04.028-03:00 TRACE 20444 --- [estoque] [http-nio-8383-exec-2] o.t.s.expression.TextLiteralExpression   : [THYMELEAF][http-nio-8383-exec-2] Evaluating text literal: "' down'"
2026-07-01T16:52:04.029-03:00 TRACE 20444 --- [estoque] [http-nio-8383-exec-2] o.t.T.cache.EXPRESSION_CACHE             : [THYMELEAF][http-nio-8383-exec-2][EXPRESSION_CACHE][CACHE_HIT] Cache hit in cache "EXPRESSION_CACHE" for key "expr|${kpiVendasPositiva} ? '23 6 13.5 15.5 8.5 10.5 1 18' : '23 18 13.5 8.5 8.5 13.5 1 6'".
2026-07-01T16:52:04.029-03:00 TRACE 20444 --- [estoque] [http-nio-8383-exec-2] o.t.s.expression.ConditionalExpression   : [THYMELEAF][http-nio-8383-exec-2] Evaluating conditional expression: "${kpiVendasPositiva}? '23 6 13.5 15.5 8.5 10.5 1 18' : '23 18 13.5 8.5 8.5 13.5 1 6'"
2026-07-01T16:52:04.029-03:00 TRACE 20444 --- [estoque] [http-nio-8383-exec-2] o.t.s.expression.VariableExpression      : [THYMELEAF][http-nio-8383-exec-2] Evaluating variable expression: "${kpiVendasPositiva}"
2026-07-01T16:52:04.029-03:00 TRACE 20444 --- [estoque] [http-nio-8383-exec-2] o.t.s.e.SPELVariableExpressionEvaluator  : [THYMELEAF][http-nio-8383-exec-2] SpringEL expression: evaluating expression "kpiVendasPositiva" on target
2026-07-01T16:52:04.030-03:00 TRACE 20444 --- [estoque] [http-nio-8383-exec-2] o.t.s.expression.TextLiteralExpression   : [THYMELEAF][http-nio-8383-exec-2] Evaluating text literal: "'23 18 13.5 8.5 8.5 13.5 1 6'"
2026-07-01T16:52:04.030-03:00 TRACE 20444 --- [estoque] [http-nio-8383-exec-2] o.t.T.cache.EXPRESSION_CACHE             : [THYMELEAF][http-nio-8383-exec-2][EXPRESSION_CACHE][CACHE_HIT] Cache hit in cache "EXPRESSION_CACHE" for key "expr|${kpiVendasPositiva} ? '17 6 23 6 23 12' : '17 18 23 18 23 12'".
2026-07-01T16:52:04.030-03:00 TRACE 20444 --- [estoque] [http-nio-8383-exec-2] o.t.s.expression.ConditionalExpression   : [THYMELEAF][http-nio-8383-exec-2] Evaluating conditional expression: "${kpiVendasPositiva}? '17 6 23 6 23 12' : '17 18 23 18 23 12'"
2026-07-01T16:52:04.030-03:00 TRACE 20444 --- [estoque] [http-nio-8383-exec-2] o.t.s.expression.VariableExpression      : [THYMELEAF][http-nio-8383-exec-2] Evaluating variable expression: "${kpiVendasPositiva}"
2026-07-01T16:52:04.030-03:00 TRACE 20444 --- [estoque] [http-nio-8383-exec-2] o.t.s.e.SPELVariableExpressionEvaluator  : [THYMELEAF][http-nio-8383-exec-2] SpringEL expression: evaluating expression "kpiVendasPositiva" on target
2026-07-01T16:52:04.030-03:00 TRACE 20444 --- [estoque] [http-nio-8383-exec-2] o.t.s.expression.TextLiteralExpression   : [THYMELEAF][http-nio-8383-exec-2] Evaluating text literal: "'17 18 23 18 23 12'"
2026-07-01T16:52:04.031-03:00 TRACE 20444 --- [estoque] [http-nio-8383-exec-2] o.t.T.cache.EXPRESSION_CACHE             : [THYMELEAF][http-nio-8383-exec-2][EXPRESSION_CACHE][CACHE_HIT] Cache hit in cache "EXPRESSION_CACHE" for key "expr|${kpiVendasVariacao} + '% vs mês anterior'".
2026-07-01T16:52:04.032-03:00 TRACE 20444 --- [estoque] [http-nio-8383-exec-2] o.t.s.expression.AdditionExpression      : [THYMELEAF][http-nio-8383-exec-2] Evaluating addition expression: "${kpiVendasVariacao} + '% vs mês anterior'"
2026-07-01T16:52:04.032-03:00 TRACE 20444 --- [estoque] [http-nio-8383-exec-2] o.t.s.expression.VariableExpression      : [THYMELEAF][http-nio-8383-exec-2] Evaluating variable expression: "${kpiVendasVariacao}"
2026-07-01T16:52:04.032-03:00 TRACE 20444 --- [estoque] [http-nio-8383-exec-2] o.t.s.e.SPELVariableExpressionEvaluator  : [THYMELEAF][http-nio-8383-exec-2] SpringEL expression: evaluating expression "kpiVendasVariacao" on target
2026-07-01T16:52:04.032-03:00 TRACE 20444 --- [estoque] [http-nio-8383-exec-2] o.t.s.expression.TextLiteralExpression   : [THYMELEAF][http-nio-8383-exec-2] Evaluating text literal: "'% vs mês anterior'"
2026-07-01T16:52:04.033-03:00 TRACE 20444 --- [estoque] [http-nio-8383-exec-2] o.t.T.cache.EXPRESSION_CACHE             : [THYMELEAF][http-nio-8383-exec-2][EXPRESSION_CACHE][CACHE_HIT] Cache hit in cache "EXPRESSION_CACHE" for key "each|h : ${sparklineVendas}".
2026-07-01T16:52:04.033-03:00 TRACE 20444 --- [estoque] [http-nio-8383-exec-2] o.t.s.expression.GenericTokenExpression  : [THYMELEAF][http-nio-8383-exec-2] Evaluating generic token: "h"
2026-07-01T16:52:04.033-03:00 TRACE 20444 --- [estoque] [http-nio-8383-exec-2] o.t.s.expression.VariableExpression      : [THYMELEAF][http-nio-8383-exec-2] Evaluating variable expression: "${sparklineVendas}"
2026-07-01T16:52:04.033-03:00 TRACE 20444 --- [estoque] [http-nio-8383-exec-2] o.t.s.e.SPELVariableExpressionEvaluator  : [THYMELEAF][http-nio-8383-exec-2] SpringEL expression: evaluating expression "sparklineVendas" on target
2026-07-01T16:52:04.034-03:00 TRACE 20444 --- [estoque] [http-nio-8383-exec-2] o.t.T.cache.EXPRESSION_CACHE             : [THYMELEAF][http-nio-8383-exec-2][EXPRESSION_CACHE][CACHE_HIT] Cache hit in cache "EXPRESSION_CACHE" for key "expr|'height:' + ${h} + '%; background: #3b82f6;'".
2026-07-01T16:52:04.034-03:00 TRACE 20444 --- [estoque] [http-nio-8383-exec-2] o.t.s.expression.AdditionExpression      : [THYMELEAF][http-nio-8383-exec-2] Evaluating addition expression: "('height:' + ${h}) + '%; background: #3b82f6;'"
2026-07-01T16:52:04.034-03:00 TRACE 20444 --- [estoque] [http-nio-8383-exec-2] o.t.s.expression.AdditionExpression      : [THYMELEAF][http-nio-8383-exec-2] Evaluating addition expression: "'height:' + ${h}"
2026-07-01T16:52:04.034-03:00 TRACE 20444 --- [estoque] [http-nio-8383-exec-2] o.t.s.expression.TextLiteralExpression   : [THYMELEAF][http-nio-8383-exec-2] Evaluating text literal: "'height:'"
2026-07-01T16:52:04.034-03:00 TRACE 20444 --- [estoque] [http-nio-8383-exec-2] o.t.s.expression.VariableExpression      : [THYMELEAF][http-nio-8383-exec-2] Evaluating variable expression: "${h}"
2026-07-01T16:52:04.034-03:00 TRACE 20444 --- [estoque] [http-nio-8383-exec-2] o.t.s.e.SPELVariableExpressionEvaluator  : [THYMELEAF][http-nio-8383-exec-2] SpringEL expression: evaluating expression "h" on target
2026-07-01T16:52:04.034-03:00 TRACE 20444 --- [estoque] [http-nio-8383-exec-2] o.t.s.expression.TextLiteralExpression   : [THYMELEAF][http-nio-8383-exec-2] Evaluating text literal: "'%; background: #3b82f6;'"
2026-07-01T16:52:04.034-03:00 TRACE 20444 --- [estoque] [http-nio-8383-exec-2] o.t.s.expression.AdditionExpression      : [THYMELEAF][http-nio-8383-exec-2] Evaluating addition expression: "('height:' + ${h}) + '%; background: #3b82f6;'"
2026-07-01T16:52:04.035-03:00 TRACE 20444 --- [estoque] [http-nio-8383-exec-2] o.t.s.expression.AdditionExpression      : [THYMELEAF][http-nio-8383-exec-2] Evaluating addition expression: "'height:' + ${h}"
2026-07-01T16:52:04.035-03:00 TRACE 20444 --- [estoque] [http-nio-8383-exec-2] o.t.s.expression.TextLiteralExpression   : [THYMELEAF][http-nio-8383-exec-2] Evaluating text literal: "'height:'"
2026-07-01T16:52:04.035-03:00 TRACE 20444 --- [estoque] [http-nio-8383-exec-2] o.t.s.expression.VariableExpression      : [THYMELEAF][http-nio-8383-exec-2] Evaluating variable expression: "${h}"
2026-07-01T16:52:04.035-03:00 TRACE 20444 --- [estoque] [http-nio-8383-exec-2] o.t.s.e.SPELVariableExpressionEvaluator  : [THYMELEAF][http-nio-8383-exec-2] SpringEL expression: evaluating expression "h" on target
2026-07-01T16:52:04.035-03:00 TRACE 20444 --- [estoque] [http-nio-8383-exec-2] o.t.s.expression.TextLiteralExpression   : [THYMELEAF][http-nio-8383-exec-2] Evaluating text literal: "'%; background: #3b82f6;'"
2026-07-01T16:52:04.035-03:00 TRACE 20444 --- [estoque] [http-nio-8383-exec-2] o.t.s.expression.AdditionExpression      : [THYMELEAF][http-nio-8383-exec-2] Evaluating addition expression: "('height:' + ${h}) + '%; background: #3b82f6;'"
2026-07-01T16:52:04.035-03:00 TRACE 20444 --- [estoque] [http-nio-8383-exec-2] o.t.s.expression.AdditionExpression      : [THYMELEAF][http-nio-8383-exec-2] Evaluating addition expression: "'height:' + ${h}"
2026-07-01T16:52:04.035-03:00 TRACE 20444 --- [estoque] [http-nio-8383-exec-2] o.t.s.expression.TextLiteralExpression   : [THYMELEAF][http-nio-8383-exec-2] Evaluating text literal: "'height:'"
2026-07-01T16:52:04.036-03:00 TRACE 20444 --- [estoque] [http-nio-8383-exec-2] o.t.s.expression.VariableExpression      : [THYMELEAF][http-nio-8383-exec-2] Evaluating variable expression: "${h}"
2026-07-01T16:52:04.036-03:00 TRACE 20444 --- [estoque] [http-nio-8383-exec-2] o.t.s.e.SPELVariableExpressionEvaluator  : [THYMELEAF][http-nio-8383-exec-2] SpringEL expression: evaluating expression "h" on target
2026-07-01T16:52:04.036-03:00 TRACE 20444 --- [estoque] [http-nio-8383-exec-2] o.t.s.expression.TextLiteralExpression   : [THYMELEAF][http-nio-8383-exec-2] Evaluating text literal: "'%; background: #3b82f6;'"
2026-07-01T16:52:04.036-03:00 TRACE 20444 --- [estoque] [http-nio-8383-exec-2] o.t.s.expression.AdditionExpression      : [THYMELEAF][http-nio-8383-exec-2] Evaluating addition expression: "('height:' + ${h}) + '%; background: #3b82f6;'"
2026-07-01T16:52:04.036-03:00 TRACE 20444 --- [estoque] [http-nio-8383-exec-2] o.t.s.expression.AdditionExpression      : [THYMELEAF][http-nio-8383-exec-2] Evaluating addition expression: "'height:' + ${h}"
2026-07-01T16:52:04.037-03:00 TRACE 20444 --- [estoque] [http-nio-8383-exec-2] o.t.s.expression.TextLiteralExpression   : [THYMELEAF][http-nio-8383-exec-2] Evaluating text literal: "'height:'"
2026-07-01T16:52:04.037-03:00 TRACE 20444 --- [estoque] [http-nio-8383-exec-2] o.t.s.expression.VariableExpression      : [THYMELEAF][http-nio-8383-exec-2] Evaluating variable expression: "${h}"
2026-07-01T16:52:04.037-03:00 TRACE 20444 --- [estoque] [http-nio-8383-exec-2] o.t.s.e.SPELVariableExpressionEvaluator  : [THYMELEAF][http-nio-8383-exec-2] SpringEL expression: evaluating expression "h" on target
2026-07-01T16:52:04.037-03:00 TRACE 20444 --- [estoque] [http-nio-8383-exec-2] o.t.s.expression.TextLiteralExpression   : [THYMELEAF][http-nio-8383-exec-2] Evaluating text literal: "'%; background: #3b82f6;'"
2026-07-01T16:52:04.038-03:00 TRACE 20444 --- [estoque] [http-nio-8383-exec-2] o.t.s.expression.AdditionExpression      : [THYMELEAF][http-nio-8383-exec-2] Evaluating addition expression: "('height:' + ${h}) + '%; background: #3b82f6;'"
2026-07-01T16:52:04.038-03:00 TRACE 20444 --- [estoque] [http-nio-8383-exec-2] o.t.s.expression.AdditionExpression      : [THYMELEAF][http-nio-8383-exec-2] Evaluating addition expression: "'height:' + ${h}"
2026-07-01T16:52:04.038-03:00 TRACE 20444 --- [estoque] [http-nio-8383-exec-2] o.t.s.expression.TextLiteralExpression   : [THYMELEAF][http-nio-8383-exec-2] Evaluating text literal: "'height:'"
2026-07-01T16:52:04.039-03:00 TRACE 20444 --- [estoque] [http-nio-8383-exec-2] o.t.s.expression.VariableExpression      : [THYMELEAF][http-nio-8383-exec-2] Evaluating variable expression: "${h}"
2026-07-01T16:52:04.040-03:00 TRACE 20444 --- [estoque] [http-nio-8383-exec-2] o.t.s.e.SPELVariableExpressionEvaluator  : [THYMELEAF][http-nio-8383-exec-2] SpringEL expression: evaluating expression "h" on target
2026-07-01T16:52:04.044-03:00 TRACE 20444 --- [estoque] [http-nio-8383-exec-2] o.t.s.expression.TextLiteralExpression   : [THYMELEAF][http-nio-8383-exec-2] Evaluating text literal: "'%; background: #3b82f6;'"
2026-07-01T16:52:04.045-03:00 TRACE 20444 --- [estoque] [http-nio-8383-exec-2] o.t.s.expression.AdditionExpression      : [THYMELEAF][http-nio-8383-exec-2] Evaluating addition expression: "('height:' + ${h}) + '%; background: #3b82f6;'"
2026-07-01T16:52:04.045-03:00 TRACE 20444 --- [estoque] [http-nio-8383-exec-2] o.t.s.expression.AdditionExpression      : [THYMELEAF][http-nio-8383-exec-2] Evaluating addition expression: "'height:' + ${h}"
2026-07-01T16:52:04.045-03:00 TRACE 20444 --- [estoque] [http-nio-8383-exec-2] o.t.s.expression.TextLiteralExpression   : [THYMELEAF][http-nio-8383-exec-2] Evaluating text literal: "'height:'"
2026-07-01T16:52:04.045-03:00 TRACE 20444 --- [estoque] [http-nio-8383-exec-2] o.t.s.expression.VariableExpression      : [THYMELEAF][http-nio-8383-exec-2] Evaluating variable expression: "${h}"
2026-07-01T16:52:04.046-03:00 TRACE 20444 --- [estoque] [http-nio-8383-exec-2] o.t.s.e.SPELVariableExpressionEvaluator  : [THYMELEAF][http-nio-8383-exec-2] SpringEL expression: evaluating expression "h" on target
2026-07-01T16:52:04.046-03:00 TRACE 20444 --- [estoque] [http-nio-8383-exec-2] o.t.s.expression.TextLiteralExpression   : [THYMELEAF][http-nio-8383-exec-2] Evaluating text literal: "'%; background: #3b82f6;'"
2026-07-01T16:52:04.046-03:00 TRACE 20444 --- [estoque] [http-nio-8383-exec-2] o.t.s.expression.AdditionExpression      : [THYMELEAF][http-nio-8383-exec-2] Evaluating addition expression: "('height:' + ${h}) + '%; background: #3b82f6;'"
2026-07-01T16:52:04.047-03:00 TRACE 20444 --- [estoque] [http-nio-8383-exec-2] o.t.s.expression.AdditionExpression      : [THYMELEAF][http-nio-8383-exec-2] Evaluating addition expression: "'height:' + ${h}"
2026-07-01T16:52:04.047-03:00 TRACE 20444 --- [estoque] [http-nio-8383-exec-2] o.t.s.expression.TextLiteralExpression   : [THYMELEAF][http-nio-8383-exec-2] Evaluating text literal: "'height:'"
2026-07-01T16:52:04.047-03:00 TRACE 20444 --- [estoque] [http-nio-8383-exec-2] o.t.s.expression.VariableExpression      : [THYMELEAF][http-nio-8383-exec-2] Evaluating variable expression: "${h}"
2026-07-01T16:52:04.047-03:00 TRACE 20444 --- [estoque] [http-nio-8383-exec-2] o.t.s.e.SPELVariableExpressionEvaluator  : [THYMELEAF][http-nio-8383-exec-2] SpringEL expression: evaluating expression "h" on target
2026-07-01T16:52:04.047-03:00 TRACE 20444 --- [estoque] [http-nio-8383-exec-2] o.t.s.expression.TextLiteralExpression   : [THYMELEAF][http-nio-8383-exec-2] Evaluating text literal: "'%; background: #3b82f6;'"
2026-07-01T16:52:04.047-03:00 TRACE 20444 --- [estoque] [http-nio-8383-exec-2] o.t.s.expression.AdditionExpression      : [THYMELEAF][http-nio-8383-exec-2] Evaluating addition expression: "('height:' + ${h}) + '%; background: #3b82f6;'"
2026-07-01T16:52:04.047-03:00 TRACE 20444 --- [estoque] [http-nio-8383-exec-2] o.t.s.expression.AdditionExpression      : [THYMELEAF][http-nio-8383-exec-2] Evaluating addition expression: "'height:' + ${h}"
2026-07-01T16:52:04.048-03:00 TRACE 20444 --- [estoque] [http-nio-8383-exec-2] o.t.s.expression.TextLiteralExpression   : [THYMELEAF][http-nio-8383-exec-2] Evaluating text literal: "'height:'"
2026-07-01T16:52:04.048-03:00 TRACE 20444 --- [estoque] [http-nio-8383-exec-2] o.t.s.expression.VariableExpression      : [THYMELEAF][http-nio-8383-exec-2] Evaluating variable expression: "${h}"
2026-07-01T16:52:04.048-03:00 TRACE 20444 --- [estoque] [http-nio-8383-exec-2] o.t.s.e.SPELVariableExpressionEvaluator  : [THYMELEAF][http-nio-8383-exec-2] SpringEL expression: evaluating expression "h" on target
2026-07-01T16:52:04.048-03:00 TRACE 20444 --- [estoque] [http-nio-8383-exec-2] o.t.s.expression.TextLiteralExpression   : [THYMELEAF][http-nio-8383-exec-2] Evaluating text literal: "'%; background: #3b82f6;'"
2026-07-01T16:52:04.048-03:00 TRACE 20444 --- [estoque] [http-nio-8383-exec-2] o.t.s.expression.AdditionExpression      : [THYMELEAF][http-nio-8383-exec-2] Evaluating addition expression: "('height:' + ${h}) + '%; background: #3b82f6;'"
2026-07-01T16:52:04.049-03:00 TRACE 20444 --- [estoque] [http-nio-8383-exec-2] o.t.s.expression.AdditionExpression      : [THYMELEAF][http-nio-8383-exec-2] Evaluating addition expression: "'height:' + ${h}"
2026-07-01T16:52:04.049-03:00 TRACE 20444 --- [estoque] [http-nio-8383-exec-2] o.t.s.expression.TextLiteralExpression   : [THYMELEAF][http-nio-8383-exec-2] Evaluating text literal: "'height:'"
2026-07-01T16:52:04.050-03:00 TRACE 20444 --- [estoque] [http-nio-8383-exec-2] o.t.s.expression.VariableExpression      : [THYMELEAF][http-nio-8383-exec-2] Evaluating variable expression: "${h}"
2026-07-01T16:52:04.050-03:00 TRACE 20444 --- [estoque] [http-nio-8383-exec-2] o.t.s.e.SPELVariableExpressionEvaluator  : [THYMELEAF][http-nio-8383-exec-2] SpringEL expression: evaluating expression "h" on target
2026-07-01T16:52:04.050-03:00 TRACE 20444 --- [estoque] [http-nio-8383-exec-2] o.t.s.expression.TextLiteralExpression   : [THYMELEAF][http-nio-8383-exec-2] Evaluating text literal: "'%; background: #3b82f6;'"
2026-07-01T16:52:04.050-03:00 TRACE 20444 --- [estoque] [http-nio-8383-exec-2] o.t.s.expression.AdditionExpression      : [THYMELEAF][http-nio-8383-exec-2] Evaluating addition expression: "('height:' + ${h}) + '%; background: #3b82f6;'"
2026-07-01T16:52:04.050-03:00 TRACE 20444 --- [estoque] [http-nio-8383-exec-2] o.t.s.expression.AdditionExpression      : [THYMELEAF][http-nio-8383-exec-2] Evaluating addition expression: "'height:' + ${h}"
2026-07-01T16:52:04.050-03:00 TRACE 20444 --- [estoque] [http-nio-8383-exec-2] o.t.s.expression.TextLiteralExpression   : [THYMELEAF][http-nio-8383-exec-2] Evaluating text literal: "'height:'"
2026-07-01T16:52:04.051-03:00 TRACE 20444 --- [estoque] [http-nio-8383-exec-2] o.t.s.expression.VariableExpression      : [THYMELEAF][http-nio-8383-exec-2] Evaluating variable expression: "${h}"
2026-07-01T16:52:04.051-03:00 TRACE 20444 --- [estoque] [http-nio-8383-exec-2] o.t.s.e.SPELVariableExpressionEvaluator  : [THYMELEAF][http-nio-8383-exec-2] SpringEL expression: evaluating expression "h" on target
2026-07-01T16:52:04.052-03:00 TRACE 20444 --- [estoque] [http-nio-8383-exec-2] o.t.s.expression.TextLiteralExpression   : [THYMELEAF][http-nio-8383-exec-2] Evaluating text literal: "'%; background: #3b82f6;'"
2026-07-01T16:52:04.052-03:00 TRACE 20444 --- [estoque] [http-nio-8383-exec-2] o.t.T.cache.EXPRESSION_CACHE             : [THYMELEAF][http-nio-8383-exec-2][EXPRESSION_CACHE][CACHE_HIT] Cache hit in cache "EXPRESSION_CACHE" for key "expr|${kpiPedidosValor}".
2026-07-01T16:52:04.053-03:00 TRACE 20444 --- [estoque] [http-nio-8383-exec-2] o.t.s.expression.VariableExpression      : [THYMELEAF][http-nio-8383-exec-2] Evaluating variable expression: "${kpiPedidosValor}"
2026-07-01T16:52:04.053-03:00 TRACE 20444 --- [estoque] [http-nio-8383-exec-2] o.t.s.e.SPELVariableExpressionEvaluator  : [THYMELEAF][http-nio-8383-exec-2] SpringEL expression: evaluating expression "kpiPedidosValor" on target
2026-07-01T16:52:04.053-03:00 TRACE 20444 --- [estoque] [http-nio-8383-exec-2] o.t.T.cache.EXPRESSION_CACHE             : [THYMELEAF][http-nio-8383-exec-2][EXPRESSION_CACHE][CACHE_HIT] Cache hit in cache "EXPRESSION_CACHE" for key "expr|${kpiPedidosPositiva} ? ' up' : ' down'".
2026-07-01T16:52:04.053-03:00 TRACE 20444 --- [estoque] [http-nio-8383-exec-2] o.t.s.expression.ConditionalExpression   : [THYMELEAF][http-nio-8383-exec-2] Evaluating conditional expression: "${kpiPedidosPositiva}? ' up' : ' down'"
2026-07-01T16:52:04.053-03:00 TRACE 20444 --- [estoque] [http-nio-8383-exec-2] o.t.s.expression.VariableExpression      : [THYMELEAF][http-nio-8383-exec-2] Evaluating variable expression: "${kpiPedidosPositiva}"
2026-07-01T16:52:04.053-03:00 TRACE 20444 --- [estoque] [http-nio-8383-exec-2] o.t.s.e.SPELVariableExpressionEvaluator  : [THYMELEAF][http-nio-8383-exec-2] SpringEL expression: evaluating expression "kpiPedidosPositiva" on target
2026-07-01T16:52:04.054-03:00 TRACE 20444 --- [estoque] [http-nio-8383-exec-2] o.t.s.expression.TextLiteralExpression   : [THYMELEAF][http-nio-8383-exec-2] Evaluating text literal: "' down'"
2026-07-01T16:52:04.054-03:00 TRACE 20444 --- [estoque] [http-nio-8383-exec-2] o.t.T.cache.EXPRESSION_CACHE             : [THYMELEAF][http-nio-8383-exec-2][EXPRESSION_CACHE][CACHE_HIT] Cache hit in cache "EXPRESSION_CACHE" for key "expr|${kpiPedidosPositiva} ? '23 6 13.5 15.5 8.5 10.5 1 18' : '23 18 13.5 8.5 8.5 13.5 1 6'".
2026-07-01T16:52:04.054-03:00 TRACE 20444 --- [estoque] [http-nio-8383-exec-2] o.t.s.expression.ConditionalExpression   : [THYMELEAF][http-nio-8383-exec-2] Evaluating conditional expression: "${kpiPedidosPositiva}? '23 6 13.5 15.5 8.5 10.5 1 18' : '23 18 13.5 8.5 8.5 13.5 1 6'"
2026-07-01T16:52:04.055-03:00 TRACE 20444 --- [estoque] [http-nio-8383-exec-2] o.t.s.expression.VariableExpression      : [THYMELEAF][http-nio-8383-exec-2] Evaluating variable expression: "${kpiPedidosPositiva}"
2026-07-01T16:52:04.056-03:00 TRACE 20444 --- [estoque] [http-nio-8383-exec-2] o.t.s.e.SPELVariableExpressionEvaluator  : [THYMELEAF][http-nio-8383-exec-2] SpringEL expression: evaluating expression "kpiPedidosPositiva" on target
2026-07-01T16:52:04.056-03:00 TRACE 20444 --- [estoque] [http-nio-8383-exec-2] o.t.s.expression.TextLiteralExpression   : [THYMELEAF][http-nio-8383-exec-2] Evaluating text literal: "'23 18 13.5 8.5 8.5 13.5 1 6'"
2026-07-01T16:52:04.059-03:00 TRACE 20444 --- [estoque] [http-nio-8383-exec-2] o.t.T.cache.EXPRESSION_CACHE             : [THYMELEAF][http-nio-8383-exec-2][EXPRESSION_CACHE][CACHE_HIT] Cache hit in cache "EXPRESSION_CACHE" for key "expr|${kpiPedidosPositiva} ? '17 6 23 6 23 12' : '17 18 23 18 23 12'".
2026-07-01T16:52:04.060-03:00 TRACE 20444 --- [estoque] [http-nio-8383-exec-2] o.t.s.expression.ConditionalExpression   : [THYMELEAF][http-nio-8383-exec-2] Evaluating conditional expression: "${kpiPedidosPositiva}? '17 6 23 6 23 12' : '17 18 23 18 23 12'"
2026-07-01T16:52:04.060-03:00 TRACE 20444 --- [estoque] [http-nio-8383-exec-2] o.t.s.expression.VariableExpression      : [THYMELEAF][http-nio-8383-exec-2] Evaluating variable expression: "${kpiPedidosPositiva}"
2026-07-01T16:52:04.060-03:00 TRACE 20444 --- [estoque] [http-nio-8383-exec-2] o.t.s.e.SPELVariableExpressionEvaluator  : [THYMELEAF][http-nio-8383-exec-2] SpringEL expression: evaluating expression "kpiPedidosPositiva" on target
2026-07-01T16:52:04.060-03:00 TRACE 20444 --- [estoque] [http-nio-8383-exec-2] o.t.s.expression.TextLiteralExpression   : [THYMELEAF][http-nio-8383-exec-2] Evaluating text literal: "'17 18 23 18 23 12'"
2026-07-01T16:52:04.060-03:00 TRACE 20444 --- [estoque] [http-nio-8383-exec-2] o.t.T.cache.EXPRESSION_CACHE             : [THYMELEAF][http-nio-8383-exec-2][EXPRESSION_CACHE][CACHE_HIT] Cache hit in cache "EXPRESSION_CACHE" for key "expr|${kpiPedidosVariacao} + '% vs mês anterior'".
2026-07-01T16:52:04.060-03:00 TRACE 20444 --- [estoque] [http-nio-8383-exec-2] o.t.s.expression.AdditionExpression      : [THYMELEAF][http-nio-8383-exec-2] Evaluating addition expression: "${kpiPedidosVariacao} + '% vs mês anterior'"
2026-07-01T16:52:04.060-03:00 TRACE 20444 --- [estoque] [http-nio-8383-exec-2] o.t.s.expression.VariableExpression      : [THYMELEAF][http-nio-8383-exec-2] Evaluating variable expression: "${kpiPedidosVariacao}"
2026-07-01T16:52:04.060-03:00 TRACE 20444 --- [estoque] [http-nio-8383-exec-2] o.t.s.e.SPELVariableExpressionEvaluator  : [THYMELEAF][http-nio-8383-exec-2] SpringEL expression: evaluating expression "kpiPedidosVariacao" on target
2026-07-01T16:52:04.061-03:00 TRACE 20444 --- [estoque] [http-nio-8383-exec-2] o.t.s.expression.TextLiteralExpression   : [THYMELEAF][http-nio-8383-exec-2] Evaluating text literal: "'% vs mês anterior'"
2026-07-01T16:52:04.061-03:00 TRACE 20444 --- [estoque] [http-nio-8383-exec-2] o.t.T.cache.EXPRESSION_CACHE             : [THYMELEAF][http-nio-8383-exec-2][EXPRESSION_CACHE][CACHE_HIT] Cache hit in cache "EXPRESSION_CACHE" for key "each|h : ${sparklinePedidos}".
2026-07-01T16:52:04.061-03:00 TRACE 20444 --- [estoque] [http-nio-8383-exec-2] o.t.s.expression.GenericTokenExpression  : [THYMELEAF][http-nio-8383-exec-2] Evaluating generic token: "h"
2026-07-01T16:52:04.061-03:00 TRACE 20444 --- [estoque] [http-nio-8383-exec-2] o.t.s.expression.VariableExpression      : [THYMELEAF][http-nio-8383-exec-2] Evaluating variable expression: "${sparklinePedidos}"
2026-07-01T16:52:04.061-03:00 TRACE 20444 --- [estoque] [http-nio-8383-exec-2] o.t.s.e.SPELVariableExpressionEvaluator  : [THYMELEAF][http-nio-8383-exec-2] SpringEL expression: evaluating expression "sparklinePedidos" on target
2026-07-01T16:52:04.061-03:00 TRACE 20444 --- [estoque] [http-nio-8383-exec-2] o.t.T.cache.EXPRESSION_CACHE             : [THYMELEAF][http-nio-8383-exec-2][EXPRESSION_CACHE][CACHE_HIT] Cache hit in cache "EXPRESSION_CACHE" for key "expr|'height:' + ${h} + '%; background: #7c3aed;'".
2026-07-01T16:52:04.061-03:00 TRACE 20444 --- [estoque] [http-nio-8383-exec-2] o.t.s.expression.AdditionExpression      : [THYMELEAF][http-nio-8383-exec-2] Evaluating addition expression: "('height:' + ${h}) + '%; background: #7c3aed;'"
2026-07-01T16:52:04.061-03:00 TRACE 20444 --- [estoque] [http-nio-8383-exec-2] o.t.s.expression.AdditionExpression      : [THYMELEAF][http-nio-8383-exec-2] Evaluating addition expression: "'height:' + ${h}"
2026-07-01T16:52:04.062-03:00 TRACE 20444 --- [estoque] [http-nio-8383-exec-2] o.t.s.expression.TextLiteralExpression   : [THYMELEAF][http-nio-8383-exec-2] Evaluating text literal: "'height:'"
2026-07-01T16:52:04.062-03:00 TRACE 20444 --- [estoque] [http-nio-8383-exec-2] o.t.s.expression.VariableExpression      : [THYMELEAF][http-nio-8383-exec-2] Evaluating variable expression: "${h}"
2026-07-01T16:52:04.062-03:00 TRACE 20444 --- [estoque] [http-nio-8383-exec-2] o.t.s.e.SPELVariableExpressionEvaluator  : [THYMELEAF][http-nio-8383-exec-2] SpringEL expression: evaluating expression "h" on target
2026-07-01T16:52:04.062-03:00 TRACE 20444 --- [estoque] [http-nio-8383-exec-2] o.t.s.expression.TextLiteralExpression   : [THYMELEAF][http-nio-8383-exec-2] Evaluating text literal: "'%; background: #7c3aed;'"
2026-07-01T16:52:04.062-03:00 TRACE 20444 --- [estoque] [http-nio-8383-exec-2] o.t.s.expression.AdditionExpression      : [THYMELEAF][http-nio-8383-exec-2] Evaluating addition expression: "('height:' + ${h}) + '%; background: #7c3aed;'"
2026-07-01T16:52:04.062-03:00 TRACE 20444 --- [estoque] [http-nio-8383-exec-2] o.t.s.expression.AdditionExpression      : [THYMELEAF][http-nio-8383-exec-2] Evaluating addition expression: "'height:' + ${h}"
2026-07-01T16:52:04.062-03:00 TRACE 20444 --- [estoque] [http-nio-8383-exec-2] o.t.s.expression.TextLiteralExpression   : [THYMELEAF][http-nio-8383-exec-2] Evaluating text literal: "'height:'"
2026-07-01T16:52:04.062-03:00 TRACE 20444 --- [estoque] [http-nio-8383-exec-2] o.t.s.expression.VariableExpression      : [THYMELEAF][http-nio-8383-exec-2] Evaluating variable expression: "${h}"
2026-07-01T16:52:04.062-03:00 TRACE 20444 --- [estoque] [http-nio-8383-exec-2] o.t.s.e.SPELVariableExpressionEvaluator  : [THYMELEAF][http-nio-8383-exec-2] SpringEL expression: evaluating expression "h" on target
2026-07-01T16:52:04.063-03:00 TRACE 20444 --- [estoque] [http-nio-8383-exec-2] o.t.s.expression.TextLiteralExpression   : [THYMELEAF][http-nio-8383-exec-2] Evaluating text literal: "'%; background: #7c3aed;'"
2026-07-01T16:52:04.063-03:00 TRACE 20444 --- [estoque] [http-nio-8383-exec-2] o.t.s.expression.AdditionExpression      : [THYMELEAF][http-nio-8383-exec-2] Evaluating addition expression: "('height:' + ${h}) + '%; background: #7c3aed;'"
2026-07-01T16:52:04.063-03:00 TRACE 20444 --- [estoque] [http-nio-8383-exec-2] o.t.s.expression.AdditionExpression      : [THYMELEAF][http-nio-8383-exec-2] Evaluating addition expression: "'height:' + ${h}"
2026-07-01T16:52:04.063-03:00 TRACE 20444 --- [estoque] [http-nio-8383-exec-2] o.t.s.expression.TextLiteralExpression   : [THYMELEAF][http-nio-8383-exec-2] Evaluating text literal: "'height:'"
2026-07-01T16:52:04.063-03:00 TRACE 20444 --- [estoque] [http-nio-8383-exec-2] o.t.s.expression.VariableExpression      : [THYMELEAF][http-nio-8383-exec-2] Evaluating variable expression: "${h}"
2026-07-01T16:52:04.063-03:00 TRACE 20444 --- [estoque] [http-nio-8383-exec-2] o.t.s.e.SPELVariableExpressionEvaluator  : [THYMELEAF][http-nio-8383-exec-2] SpringEL expression: evaluating expression "h" on target
2026-07-01T16:52:04.063-03:00 TRACE 20444 --- [estoque] [http-nio-8383-exec-2] o.t.s.expression.TextLiteralExpression   : [THYMELEAF][http-nio-8383-exec-2] Evaluating text literal: "'%; background: #7c3aed;'"
2026-07-01T16:52:04.063-03:00 TRACE 20444 --- [estoque] [http-nio-8383-exec-2] o.t.s.expression.AdditionExpression      : [THYMELEAF][http-nio-8383-exec-2] Evaluating addition expression: "('height:' + ${h}) + '%; background: #7c3aed;'"
2026-07-01T16:52:04.064-03:00 TRACE 20444 --- [estoque] [http-nio-8383-exec-2] o.t.s.expression.AdditionExpression      : [THYMELEAF][http-nio-8383-exec-2] Evaluating addition expression: "'height:' + ${h}"
2026-07-01T16:52:04.064-03:00 TRACE 20444 --- [estoque] [http-nio-8383-exec-2] o.t.s.expression.TextLiteralExpression   : [THYMELEAF][http-nio-8383-exec-2] Evaluating text literal: "'height:'"
2026-07-01T16:52:04.064-03:00 TRACE 20444 --- [estoque] [http-nio-8383-exec-2] o.t.s.expression.VariableExpression      : [THYMELEAF][http-nio-8383-exec-2] Evaluating variable expression: "${h}"
2026-07-01T16:52:04.064-03:00 TRACE 20444 --- [estoque] [http-nio-8383-exec-2] o.t.s.e.SPELVariableExpressionEvaluator  : [THYMELEAF][http-nio-8383-exec-2] SpringEL expression: evaluating expression "h" on target
2026-07-01T16:52:04.064-03:00 TRACE 20444 --- [estoque] [http-nio-8383-exec-2] o.t.s.expression.TextLiteralExpression   : [THYMELEAF][http-nio-8383-exec-2] Evaluating text literal: "'%; background: #7c3aed;'"
2026-07-01T16:52:04.064-03:00 TRACE 20444 --- [estoque] [http-nio-8383-exec-2] o.t.s.expression.AdditionExpression      : [THYMELEAF][http-nio-8383-exec-2] Evaluating addition expression: "('height:' + ${h}) + '%; background: #7c3aed;'"
2026-07-01T16:52:04.064-03:00 TRACE 20444 --- [estoque] [http-nio-8383-exec-2] o.t.s.expression.AdditionExpression      : [THYMELEAF][http-nio-8383-exec-2] Evaluating addition expression: "'height:' + ${h}"
2026-07-01T16:52:04.064-03:00 TRACE 20444 --- [estoque] [http-nio-8383-exec-2] o.t.s.expression.TextLiteralExpression   : [THYMELEAF][http-nio-8383-exec-2] Evaluating text literal: "'height:'"
2026-07-01T16:52:04.064-03:00 TRACE 20444 --- [estoque] [http-nio-8383-exec-2] o.t.s.expression.VariableExpression      : [THYMELEAF][http-nio-8383-exec-2] Evaluating variable expression: "${h}"
2026-07-01T16:52:04.064-03:00 TRACE 20444 --- [estoque] [http-nio-8383-exec-2] o.t.s.e.SPELVariableExpressionEvaluator  : [THYMELEAF][http-nio-8383-exec-2] SpringEL expression: evaluating expression "h" on target
2026-07-01T16:52:04.065-03:00 TRACE 20444 --- [estoque] [http-nio-8383-exec-2] o.t.s.expression.TextLiteralExpression   : [THYMELEAF][http-nio-8383-exec-2] Evaluating text literal: "'%; background: #7c3aed;'"
2026-07-01T16:52:04.065-03:00 TRACE 20444 --- [estoque] [http-nio-8383-exec-2] o.t.s.expression.AdditionExpression      : [THYMELEAF][http-nio-8383-exec-2] Evaluating addition expression: "('height:' + ${h}) + '%; background: #7c3aed;'"
2026-07-01T16:52:04.065-03:00 TRACE 20444 --- [estoque] [http-nio-8383-exec-2] o.t.s.expression.AdditionExpression      : [THYMELEAF][http-nio-8383-exec-2] Evaluating addition expression: "'height:' + ${h}"
2026-07-01T16:52:04.065-03:00 TRACE 20444 --- [estoque] [http-nio-8383-exec-2] o.t.s.expression.TextLiteralExpression   : [THYMELEAF][http-nio-8383-exec-2] Evaluating text literal: "'height:'"
2026-07-01T16:52:04.065-03:00 TRACE 20444 --- [estoque] [http-nio-8383-exec-2] o.t.s.expression.VariableExpression      : [THYMELEAF][http-nio-8383-exec-2] Evaluating variable expression: "${h}"
2026-07-01T16:52:04.065-03:00 TRACE 20444 --- [estoque] [http-nio-8383-exec-2] o.t.s.e.SPELVariableExpressionEvaluator  : [THYMELEAF][http-nio-8383-exec-2] SpringEL expression: evaluating expression "h" on target
2026-07-01T16:52:04.065-03:00 TRACE 20444 --- [estoque] [http-nio-8383-exec-2] o.t.s.expression.TextLiteralExpression   : [THYMELEAF][http-nio-8383-exec-2] Evaluating text literal: "'%; background: #7c3aed;'"
2026-07-01T16:52:04.066-03:00 TRACE 20444 --- [estoque] [http-nio-8383-exec-2] o.t.s.expression.AdditionExpression      : [THYMELEAF][http-nio-8383-exec-2] Evaluating addition expression: "('height:' + ${h}) + '%; background: #7c3aed;'"
2026-07-01T16:52:04.066-03:00 TRACE 20444 --- [estoque] [http-nio-8383-exec-2] o.t.s.expression.AdditionExpression      : [THYMELEAF][http-nio-8383-exec-2] Evaluating addition expression: "'height:' + ${h}"
2026-07-01T16:52:04.066-03:00 TRACE 20444 --- [estoque] [http-nio-8383-exec-2] o.t.s.expression.TextLiteralExpression   : [THYMELEAF][http-nio-8383-exec-2] Evaluating text literal: "'height:'"
2026-07-01T16:52:04.066-03:00 TRACE 20444 --- [estoque] [http-nio-8383-exec-2] o.t.s.expression.VariableExpression      : [THYMELEAF][http-nio-8383-exec-2] Evaluating variable expression: "${h}"
2026-07-01T16:52:04.066-03:00 TRACE 20444 --- [estoque] [http-nio-8383-exec-2] o.t.s.e.SPELVariableExpressionEvaluator  : [THYMELEAF][http-nio-8383-exec-2] SpringEL expression: evaluating expression "h" on target
2026-07-01T16:52:04.066-03:00 TRACE 20444 --- [estoque] [http-nio-8383-exec-2] o.t.s.expression.TextLiteralExpression   : [THYMELEAF][http-nio-8383-exec-2] Evaluating text literal: "'%; background: #7c3aed;'"
2026-07-01T16:52:04.066-03:00 TRACE 20444 --- [estoque] [http-nio-8383-exec-2] o.t.s.expression.AdditionExpression      : [THYMELEAF][http-nio-8383-exec-2] Evaluating addition expression: "('height:' + ${h}) + '%; background: #7c3aed;'"
2026-07-01T16:52:04.066-03:00 TRACE 20444 --- [estoque] [http-nio-8383-exec-2] o.t.s.expression.AdditionExpression      : [THYMELEAF][http-nio-8383-exec-2] Evaluating addition expression: "'height:' + ${h}"
2026-07-01T16:52:04.067-03:00 TRACE 20444 --- [estoque] [http-nio-8383-exec-2] o.t.s.expression.TextLiteralExpression   : [THYMELEAF][http-nio-8383-exec-2] Evaluating text literal: "'height:'"
2026-07-01T16:52:04.067-03:00 TRACE 20444 --- [estoque] [http-nio-8383-exec-2] o.t.s.expression.VariableExpression      : [THYMELEAF][http-nio-8383-exec-2] Evaluating variable expression: "${h}"
2026-07-01T16:52:04.067-03:00 TRACE 20444 --- [estoque] [http-nio-8383-exec-2] o.t.s.e.SPELVariableExpressionEvaluator  : [THYMELEAF][http-nio-8383-exec-2] SpringEL expression: evaluating expression "h" on target
2026-07-01T16:52:04.067-03:00 TRACE 20444 --- [estoque] [http-nio-8383-exec-2] o.t.s.expression.TextLiteralExpression   : [THYMELEAF][http-nio-8383-exec-2] Evaluating text literal: "'%; background: #7c3aed;'"
2026-07-01T16:52:04.067-03:00 TRACE 20444 --- [estoque] [http-nio-8383-exec-2] o.t.s.expression.AdditionExpression      : [THYMELEAF][http-nio-8383-exec-2] Evaluating addition expression: "('height:' + ${h}) + '%; background: #7c3aed;'"
2026-07-01T16:52:04.067-03:00 TRACE 20444 --- [estoque] [http-nio-8383-exec-2] o.t.s.expression.AdditionExpression      : [THYMELEAF][http-nio-8383-exec-2] Evaluating addition expression: "'height:' + ${h}"
2026-07-01T16:52:04.068-03:00 TRACE 20444 --- [estoque] [http-nio-8383-exec-2] o.t.s.expression.TextLiteralExpression   : [THYMELEAF][http-nio-8383-exec-2] Evaluating text literal: "'height:'"
2026-07-01T16:52:04.068-03:00 TRACE 20444 --- [estoque] [http-nio-8383-exec-2] o.t.s.expression.VariableExpression      : [THYMELEAF][http-nio-8383-exec-2] Evaluating variable expression: "${h}"
2026-07-01T16:52:04.068-03:00 TRACE 20444 --- [estoque] [http-nio-8383-exec-2] o.t.s.e.SPELVariableExpressionEvaluator  : [THYMELEAF][http-nio-8383-exec-2] SpringEL expression: evaluating expression "h" on target
2026-07-01T16:52:04.068-03:00 TRACE 20444 --- [estoque] [http-nio-8383-exec-2] o.t.s.expression.TextLiteralExpression   : [THYMELEAF][http-nio-8383-exec-2] Evaluating text literal: "'%; background: #7c3aed;'"
2026-07-01T16:52:04.068-03:00 TRACE 20444 --- [estoque] [http-nio-8383-exec-2] o.t.s.expression.AdditionExpression      : [THYMELEAF][http-nio-8383-exec-2] Evaluating addition expression: "('height:' + ${h}) + '%; background: #7c3aed;'"
2026-07-01T16:52:04.069-03:00 TRACE 20444 --- [estoque] [http-nio-8383-exec-2] o.t.s.expression.AdditionExpression      : [THYMELEAF][http-nio-8383-exec-2] Evaluating addition expression: "'height:' + ${h}"
2026-07-01T16:52:04.069-03:00 TRACE 20444 --- [estoque] [http-nio-8383-exec-2] o.t.s.expression.TextLiteralExpression   : [THYMELEAF][http-nio-8383-exec-2] Evaluating text literal: "'height:'"
2026-07-01T16:52:04.069-03:00 TRACE 20444 --- [estoque] [http-nio-8383-exec-2] o.t.s.expression.VariableExpression      : [THYMELEAF][http-nio-8383-exec-2] Evaluating variable expression: "${h}"
2026-07-01T16:52:04.069-03:00 TRACE 20444 --- [estoque] [http-nio-8383-exec-2] o.t.s.e.SPELVariableExpressionEvaluator  : [THYMELEAF][http-nio-8383-exec-2] SpringEL expression: evaluating expression "h" on target
2026-07-01T16:52:04.069-03:00 TRACE 20444 --- [estoque] [http-nio-8383-exec-2] o.t.s.expression.TextLiteralExpression   : [THYMELEAF][http-nio-8383-exec-2] Evaluating text literal: "'%; background: #7c3aed;'"
2026-07-01T16:52:04.070-03:00 TRACE 20444 --- [estoque] [http-nio-8383-exec-2] o.t.T.cache.EXPRESSION_CACHE             : [THYMELEAF][http-nio-8383-exec-2][EXPRESSION_CACHE][CACHE_HIT] Cache hit in cache "EXPRESSION_CACHE" for key "expr|${kpiClientesValor}".
2026-07-01T16:52:04.070-03:00 TRACE 20444 --- [estoque] [http-nio-8383-exec-2] o.t.s.expression.VariableExpression      : [THYMELEAF][http-nio-8383-exec-2] Evaluating variable expression: "${kpiClientesValor}"
2026-07-01T16:52:04.070-03:00 TRACE 20444 --- [estoque] [http-nio-8383-exec-2] o.t.s.e.SPELVariableExpressionEvaluator  : [THYMELEAF][http-nio-8383-exec-2] SpringEL expression: evaluating expression "kpiClientesValor" on target
2026-07-01T16:52:04.070-03:00 TRACE 20444 --- [estoque] [http-nio-8383-exec-2] o.t.T.cache.EXPRESSION_CACHE             : [THYMELEAF][http-nio-8383-exec-2][EXPRESSION_CACHE][CACHE_HIT] Cache hit in cache "EXPRESSION_CACHE" for key "expr|${kpiClientesPositiva} ? ' up' : ' down'".
2026-07-01T16:52:04.079-03:00 TRACE 20444 --- [estoque] [http-nio-8383-exec-2] o.t.s.expression.ConditionalExpression   : [THYMELEAF][http-nio-8383-exec-2] Evaluating conditional expression: "${kpiClientesPositiva}? ' up' : ' down'"
2026-07-01T16:52:04.080-03:00 TRACE 20444 --- [estoque] [http-nio-8383-exec-2] o.t.s.expression.VariableExpression      : [THYMELEAF][http-nio-8383-exec-2] Evaluating variable expression: "${kpiClientesPositiva}"
2026-07-01T16:52:04.080-03:00 TRACE 20444 --- [estoque] [http-nio-8383-exec-2] o.t.s.e.SPELVariableExpressionEvaluator  : [THYMELEAF][http-nio-8383-exec-2] SpringEL expression: evaluating expression "kpiClientesPositiva" on target
2026-07-01T16:52:04.081-03:00 TRACE 20444 --- [estoque] [http-nio-8383-exec-2] o.t.s.expression.TextLiteralExpression   : [THYMELEAF][http-nio-8383-exec-2] Evaluating text literal: "' down'"
2026-07-01T16:52:04.081-03:00 TRACE 20444 --- [estoque] [http-nio-8383-exec-2] o.t.T.cache.EXPRESSION_CACHE             : [THYMELEAF][http-nio-8383-exec-2][EXPRESSION_CACHE][CACHE_HIT] Cache hit in cache "EXPRESSION_CACHE" for key "expr|${kpiClientesPositiva} ? '23 6 13.5 15.5 8.5 10.5 1 18' : '23 18 13.5 8.5 8.5 13.5 1 6'".
2026-07-01T16:52:04.081-03:00 TRACE 20444 --- [estoque] [http-nio-8383-exec-2] o.t.s.expression.ConditionalExpression   : [THYMELEAF][http-nio-8383-exec-2] Evaluating conditional expression: "${kpiClientesPositiva}? '23 6 13.5 15.5 8.5 10.5 1 18' : '23 18 13.5 8.5 8.5 13.5 1 6'"
2026-07-01T16:52:04.082-03:00 TRACE 20444 --- [estoque] [http-nio-8383-exec-2] o.t.s.expression.VariableExpression      : [THYMELEAF][http-nio-8383-exec-2] Evaluating variable expression: "${kpiClientesPositiva}"
2026-07-01T16:52:04.082-03:00 TRACE 20444 --- [estoque] [http-nio-8383-exec-2] o.t.s.e.SPELVariableExpressionEvaluator  : [THYMELEAF][http-nio-8383-exec-2] SpringEL expression: evaluating expression "kpiClientesPositiva" on target
2026-07-01T16:52:04.083-03:00 TRACE 20444 --- [estoque] [http-nio-8383-exec-2] o.t.s.expression.TextLiteralExpression   : [THYMELEAF][http-nio-8383-exec-2] Evaluating text literal: "'23 18 13.5 8.5 8.5 13.5 1 6'"
2026-07-01T16:52:04.084-03:00 TRACE 20444 --- [estoque] [http-nio-8383-exec-2] o.t.T.cache.EXPRESSION_CACHE             : [THYMELEAF][http-nio-8383-exec-2][EXPRESSION_CACHE][CACHE_HIT] Cache hit in cache "EXPRESSION_CACHE" for key "expr|${kpiClientesPositiva} ? '17 6 23 6 23 12' : '17 18 23 18 23 12'".
2026-07-01T16:52:04.084-03:00 TRACE 20444 --- [estoque] [http-nio-8383-exec-2] o.t.s.expression.ConditionalExpression   : [THYMELEAF][http-nio-8383-exec-2] Evaluating conditional expression: "${kpiClientesPositiva}? '17 6 23 6 23 12' : '17 18 23 18 23 12'"
2026-07-01T16:52:04.084-03:00 TRACE 20444 --- [estoque] [http-nio-8383-exec-2] o.t.s.expression.VariableExpression      : [THYMELEAF][http-nio-8383-exec-2] Evaluating variable expression: "${kpiClientesPositiva}"
2026-07-01T16:52:04.084-03:00 TRACE 20444 --- [estoque] [http-nio-8383-exec-2] o.t.s.e.SPELVariableExpressionEvaluator  : [THYMELEAF][http-nio-8383-exec-2] SpringEL expression: evaluating expression "kpiClientesPositiva" on target
2026-07-01T16:52:04.085-03:00 TRACE 20444 --- [estoque] [http-nio-8383-exec-2] o.t.s.expression.TextLiteralExpression   : [THYMELEAF][http-nio-8383-exec-2] Evaluating text literal: "'17 18 23 18 23 12'"
2026-07-01T16:52:04.085-03:00 TRACE 20444 --- [estoque] [http-nio-8383-exec-2] o.t.T.cache.EXPRESSION_CACHE             : [THYMELEAF][http-nio-8383-exec-2][EXPRESSION_CACHE][CACHE_HIT] Cache hit in cache "EXPRESSION_CACHE" for key "expr|${kpiClientesVariacao} + '% vs mês anterior'".
2026-07-01T16:52:04.085-03:00 TRACE 20444 --- [estoque] [http-nio-8383-exec-2] o.t.s.expression.AdditionExpression      : [THYMELEAF][http-nio-8383-exec-2] Evaluating addition expression: "${kpiClientesVariacao} + '% vs mês anterior'"
2026-07-01T16:52:04.085-03:00 TRACE 20444 --- [estoque] [http-nio-8383-exec-2] o.t.s.expression.VariableExpression      : [THYMELEAF][http-nio-8383-exec-2] Evaluating variable expression: "${kpiClientesVariacao}"
2026-07-01T16:52:04.086-03:00 TRACE 20444 --- [estoque] [http-nio-8383-exec-2] o.t.s.e.SPELVariableExpressionEvaluator  : [THYMELEAF][http-nio-8383-exec-2] SpringEL expression: evaluating expression "kpiClientesVariacao" on target
2026-07-01T16:52:04.091-03:00 TRACE 20444 --- [estoque] [http-nio-8383-exec-2] o.t.s.expression.TextLiteralExpression   : [THYMELEAF][http-nio-8383-exec-2] Evaluating text literal: "'% vs mês anterior'"
2026-07-01T16:52:04.093-03:00 TRACE 20444 --- [estoque] [http-nio-8383-exec-2] o.t.T.cache.EXPRESSION_CACHE             : [THYMELEAF][http-nio-8383-exec-2][EXPRESSION_CACHE][CACHE_HIT] Cache hit in cache "EXPRESSION_CACHE" for key "each|h : ${sparklineClientes}".
2026-07-01T16:52:04.093-03:00 TRACE 20444 --- [estoque] [http-nio-8383-exec-2] o.t.s.expression.GenericTokenExpression  : [THYMELEAF][http-nio-8383-exec-2] Evaluating generic token: "h"
2026-07-01T16:52:04.094-03:00 TRACE 20444 --- [estoque] [http-nio-8383-exec-2] o.t.s.expression.VariableExpression      : [THYMELEAF][http-nio-8383-exec-2] Evaluating variable expression: "${sparklineClientes}"
2026-07-01T16:52:04.094-03:00 TRACE 20444 --- [estoque] [http-nio-8383-exec-2] o.t.s.e.SPELVariableExpressionEvaluator  : [THYMELEAF][http-nio-8383-exec-2] SpringEL expression: evaluating expression "sparklineClientes" on target
2026-07-01T16:52:04.094-03:00 TRACE 20444 --- [estoque] [http-nio-8383-exec-2] o.t.T.cache.EXPRESSION_CACHE             : [THYMELEAF][http-nio-8383-exec-2][EXPRESSION_CACHE][CACHE_HIT] Cache hit in cache "EXPRESSION_CACHE" for key "expr|'height:' + ${h} + '%; background: #10b981;'".
2026-07-01T16:52:04.095-03:00 TRACE 20444 --- [estoque] [http-nio-8383-exec-2] o.t.s.expression.AdditionExpression      : [THYMELEAF][http-nio-8383-exec-2] Evaluating addition expression: "('height:' + ${h}) + '%; background: #10b981;'"
2026-07-01T16:52:04.095-03:00 TRACE 20444 --- [estoque] [http-nio-8383-exec-2] o.t.s.expression.AdditionExpression      : [THYMELEAF][http-nio-8383-exec-2] Evaluating addition expression: "'height:' + ${h}"
2026-07-01T16:52:04.096-03:00 TRACE 20444 --- [estoque] [http-nio-8383-exec-2] o.t.s.expression.TextLiteralExpression   : [THYMELEAF][http-nio-8383-exec-2] Evaluating text literal: "'height:'"
2026-07-01T16:52:04.096-03:00 TRACE 20444 --- [estoque] [http-nio-8383-exec-2] o.t.s.expression.VariableExpression      : [THYMELEAF][http-nio-8383-exec-2] Evaluating variable expression: "${h}"
2026-07-01T16:52:04.096-03:00 TRACE 20444 --- [estoque] [http-nio-8383-exec-2] o.t.s.e.SPELVariableExpressionEvaluator  : [THYMELEAF][http-nio-8383-exec-2] SpringEL expression: evaluating expression "h" on target
2026-07-01T16:52:04.096-03:00 TRACE 20444 --- [estoque] [http-nio-8383-exec-2] o.t.s.expression.TextLiteralExpression   : [THYMELEAF][http-nio-8383-exec-2] Evaluating text literal: "'%; background: #10b981;'"
2026-07-01T16:52:04.097-03:00 TRACE 20444 --- [estoque] [http-nio-8383-exec-2] o.t.s.expression.AdditionExpression      : [THYMELEAF][http-nio-8383-exec-2] Evaluating addition expression: "('height:' + ${h}) + '%; background: #10b981;'"
2026-07-01T16:52:04.097-03:00 TRACE 20444 --- [estoque] [http-nio-8383-exec-2] o.t.s.expression.AdditionExpression      : [THYMELEAF][http-nio-8383-exec-2] Evaluating addition expression: "'height:' + ${h}"
2026-07-01T16:52:04.097-03:00 TRACE 20444 --- [estoque] [http-nio-8383-exec-2] o.t.s.expression.TextLiteralExpression   : [THYMELEAF][http-nio-8383-exec-2] Evaluating text literal: "'height:'"
2026-07-01T16:52:04.097-03:00 TRACE 20444 --- [estoque] [http-nio-8383-exec-2] o.t.s.expression.VariableExpression      : [THYMELEAF][http-nio-8383-exec-2] Evaluating variable expression: "${h}"
2026-07-01T16:52:04.098-03:00 TRACE 20444 --- [estoque] [http-nio-8383-exec-2] o.t.s.e.SPELVariableExpressionEvaluator  : [THYMELEAF][http-nio-8383-exec-2] SpringEL expression: evaluating expression "h" on target
2026-07-01T16:52:04.098-03:00 TRACE 20444 --- [estoque] [http-nio-8383-exec-2] o.t.s.expression.TextLiteralExpression   : [THYMELEAF][http-nio-8383-exec-2] Evaluating text literal: "'%; background: #10b981;'"
2026-07-01T16:52:04.100-03:00 TRACE 20444 --- [estoque] [http-nio-8383-exec-2] o.t.s.expression.AdditionExpression      : [THYMELEAF][http-nio-8383-exec-2] Evaluating addition expression: "('height:' + ${h}) + '%; background: #10b981;'"
2026-07-01T16:52:04.100-03:00 TRACE 20444 --- [estoque] [http-nio-8383-exec-2] o.t.s.expression.AdditionExpression      : [THYMELEAF][http-nio-8383-exec-2] Evaluating addition expression: "'height:' + ${h}"
2026-07-01T16:52:04.100-03:00 TRACE 20444 --- [estoque] [http-nio-8383-exec-2] o.t.s.expression.TextLiteralExpression   : [THYMELEAF][http-nio-8383-exec-2] Evaluating text literal: "'height:'"
2026-07-01T16:52:04.100-03:00 TRACE 20444 --- [estoque] [http-nio-8383-exec-2] o.t.s.expression.VariableExpression      : [THYMELEAF][http-nio-8383-exec-2] Evaluating variable expression: "${h}"
2026-07-01T16:52:04.101-03:00 TRACE 20444 --- [estoque] [http-nio-8383-exec-2] o.t.s.e.SPELVariableExpressionEvaluator  : [THYMELEAF][http-nio-8383-exec-2] SpringEL expression: evaluating expression "h" on target
2026-07-01T16:52:04.101-03:00 TRACE 20444 --- [estoque] [http-nio-8383-exec-2] o.t.s.expression.TextLiteralExpression   : [THYMELEAF][http-nio-8383-exec-2] Evaluating text literal: "'%; background: #10b981;'"
2026-07-01T16:52:04.101-03:00 TRACE 20444 --- [estoque] [http-nio-8383-exec-2] o.t.s.expression.AdditionExpression      : [THYMELEAF][http-nio-8383-exec-2] Evaluating addition expression: "('height:' + ${h}) + '%; background: #10b981;'"
2026-07-01T16:52:04.101-03:00 TRACE 20444 --- [estoque] [http-nio-8383-exec-2] o.t.s.expression.AdditionExpression      : [THYMELEAF][http-nio-8383-exec-2] Evaluating addition expression: "'height:' + ${h}"
2026-07-01T16:52:04.101-03:00 TRACE 20444 --- [estoque] [http-nio-8383-exec-2] o.t.s.expression.TextLiteralExpression   : [THYMELEAF][http-nio-8383-exec-2] Evaluating text literal: "'height:'"
2026-07-01T16:52:04.102-03:00 TRACE 20444 --- [estoque] [http-nio-8383-exec-2] o.t.s.expression.VariableExpression      : [THYMELEAF][http-nio-8383-exec-2] Evaluating variable expression: "${h}"
2026-07-01T16:52:04.102-03:00 TRACE 20444 --- [estoque] [http-nio-8383-exec-2] o.t.s.e.SPELVariableExpressionEvaluator  : [THYMELEAF][http-nio-8383-exec-2] SpringEL expression: evaluating expression "h" on target
2026-07-01T16:52:04.102-03:00 TRACE 20444 --- [estoque] [http-nio-8383-exec-2] o.t.s.expression.TextLiteralExpression   : [THYMELEAF][http-nio-8383-exec-2] Evaluating text literal: "'%; background: #10b981;'"
2026-07-01T16:52:04.102-03:00 TRACE 20444 --- [estoque] [http-nio-8383-exec-2] o.t.s.expression.AdditionExpression      : [THYMELEAF][http-nio-8383-exec-2] Evaluating addition expression: "('height:' + ${h}) + '%; background: #10b981;'"
2026-07-01T16:52:04.102-03:00 TRACE 20444 --- [estoque] [http-nio-8383-exec-2] o.t.s.expression.AdditionExpression      : [THYMELEAF][http-nio-8383-exec-2] Evaluating addition expression: "'height:' + ${h}"
2026-07-01T16:52:04.102-03:00 TRACE 20444 --- [estoque] [http-nio-8383-exec-2] o.t.s.expression.TextLiteralExpression   : [THYMELEAF][http-nio-8383-exec-2] Evaluating text literal: "'height:'"
2026-07-01T16:52:04.102-03:00 TRACE 20444 --- [estoque] [http-nio-8383-exec-2] o.t.s.expression.VariableExpression      : [THYMELEAF][http-nio-8383-exec-2] Evaluating variable expression: "${h}"
2026-07-01T16:52:04.103-03:00 TRACE 20444 --- [estoque] [http-nio-8383-exec-2] o.t.s.e.SPELVariableExpressionEvaluator  : [THYMELEAF][http-nio-8383-exec-2] SpringEL expression: evaluating expression "h" on target
2026-07-01T16:52:04.103-03:00 TRACE 20444 --- [estoque] [http-nio-8383-exec-2] o.t.s.expression.TextLiteralExpression   : [THYMELEAF][http-nio-8383-exec-2] Evaluating text literal: "'%; background: #10b981;'"
2026-07-01T16:52:04.109-03:00 TRACE 20444 --- [estoque] [http-nio-8383-exec-2] o.t.s.expression.AdditionExpression      : [THYMELEAF][http-nio-8383-exec-2] Evaluating addition expression: "('height:' + ${h}) + '%; background: #10b981;'"
2026-07-01T16:52:04.109-03:00 TRACE 20444 --- [estoque] [http-nio-8383-exec-2] o.t.s.expression.AdditionExpression      : [THYMELEAF][http-nio-8383-exec-2] Evaluating addition expression: "'height:' + ${h}"
2026-07-01T16:52:04.109-03:00 TRACE 20444 --- [estoque] [http-nio-8383-exec-2] o.t.s.expression.TextLiteralExpression   : [THYMELEAF][http-nio-8383-exec-2] Evaluating text literal: "'height:'"
2026-07-01T16:52:04.110-03:00 TRACE 20444 --- [estoque] [http-nio-8383-exec-2] o.t.s.expression.VariableExpression      : [THYMELEAF][http-nio-8383-exec-2] Evaluating variable expression: "${h}"
2026-07-01T16:52:04.110-03:00 TRACE 20444 --- [estoque] [http-nio-8383-exec-2] o.t.s.e.SPELVariableExpressionEvaluator  : [THYMELEAF][http-nio-8383-exec-2] SpringEL expression: evaluating expression "h" on target
2026-07-01T16:52:04.110-03:00 TRACE 20444 --- [estoque] [http-nio-8383-exec-2] o.t.s.expression.TextLiteralExpression   : [THYMELEAF][http-nio-8383-exec-2] Evaluating text literal: "'%; background: #10b981;'"
2026-07-01T16:52:04.110-03:00 TRACE 20444 --- [estoque] [http-nio-8383-exec-2] o.t.s.expression.AdditionExpression      : [THYMELEAF][http-nio-8383-exec-2] Evaluating addition expression: "('height:' + ${h}) + '%; background: #10b981;'"
2026-07-01T16:52:04.110-03:00 TRACE 20444 --- [estoque] [http-nio-8383-exec-2] o.t.s.expression.AdditionExpression      : [THYMELEAF][http-nio-8383-exec-2] Evaluating addition expression: "'height:' + ${h}"
2026-07-01T16:52:04.110-03:00 TRACE 20444 --- [estoque] [http-nio-8383-exec-2] o.t.s.expression.TextLiteralExpression   : [THYMELEAF][http-nio-8383-exec-2] Evaluating text literal: "'height:'"
2026-07-01T16:52:04.110-03:00 TRACE 20444 --- [estoque] [http-nio-8383-exec-2] o.t.s.expression.VariableExpression      : [THYMELEAF][http-nio-8383-exec-2] Evaluating variable expression: "${h}"
2026-07-01T16:52:04.110-03:00 TRACE 20444 --- [estoque] [http-nio-8383-exec-2] o.t.s.e.SPELVariableExpressionEvaluator  : [THYMELEAF][http-nio-8383-exec-2] SpringEL expression: evaluating expression "h" on target
2026-07-01T16:52:04.110-03:00 TRACE 20444 --- [estoque] [http-nio-8383-exec-2] o.t.s.expression.TextLiteralExpression   : [THYMELEAF][http-nio-8383-exec-2] Evaluating text literal: "'%; background: #10b981;'"
2026-07-01T16:52:04.111-03:00 TRACE 20444 --- [estoque] [http-nio-8383-exec-2] o.t.s.expression.AdditionExpression      : [THYMELEAF][http-nio-8383-exec-2] Evaluating addition expression: "('height:' + ${h}) + '%; background: #10b981;'"
2026-07-01T16:52:04.111-03:00 TRACE 20444 --- [estoque] [http-nio-8383-exec-2] o.t.s.expression.AdditionExpression      : [THYMELEAF][http-nio-8383-exec-2] Evaluating addition expression: "'height:' + ${h}"
2026-07-01T16:52:04.111-03:00 TRACE 20444 --- [estoque] [http-nio-8383-exec-2] o.t.s.expression.TextLiteralExpression   : [THYMELEAF][http-nio-8383-exec-2] Evaluating text literal: "'height:'"
2026-07-01T16:52:04.111-03:00 TRACE 20444 --- [estoque] [http-nio-8383-exec-2] o.t.s.expression.VariableExpression      : [THYMELEAF][http-nio-8383-exec-2] Evaluating variable expression: "${h}"
2026-07-01T16:52:04.111-03:00 TRACE 20444 --- [estoque] [http-nio-8383-exec-2] o.t.s.e.SPELVariableExpressionEvaluator  : [THYMELEAF][http-nio-8383-exec-2] SpringEL expression: evaluating expression "h" on target
2026-07-01T16:52:04.111-03:00 TRACE 20444 --- [estoque] [http-nio-8383-exec-2] o.t.s.expression.TextLiteralExpression   : [THYMELEAF][http-nio-8383-exec-2] Evaluating text literal: "'%; background: #10b981;'"
2026-07-01T16:52:04.112-03:00 TRACE 20444 --- [estoque] [http-nio-8383-exec-2] o.t.s.expression.AdditionExpression      : [THYMELEAF][http-nio-8383-exec-2] Evaluating addition expression: "('height:' + ${h}) + '%; background: #10b981;'"
2026-07-01T16:52:04.112-03:00 TRACE 20444 --- [estoque] [http-nio-8383-exec-2] o.t.s.expression.AdditionExpression      : [THYMELEAF][http-nio-8383-exec-2] Evaluating addition expression: "'height:' + ${h}"
2026-07-01T16:52:04.112-03:00 TRACE 20444 --- [estoque] [http-nio-8383-exec-2] o.t.s.expression.TextLiteralExpression   : [THYMELEAF][http-nio-8383-exec-2] Evaluating text literal: "'height:'"
2026-07-01T16:52:04.112-03:00 TRACE 20444 --- [estoque] [http-nio-8383-exec-2] o.t.s.expression.VariableExpression      : [THYMELEAF][http-nio-8383-exec-2] Evaluating variable expression: "${h}"
2026-07-01T16:52:04.112-03:00 TRACE 20444 --- [estoque] [http-nio-8383-exec-2] o.t.s.e.SPELVariableExpressionEvaluator  : [THYMELEAF][http-nio-8383-exec-2] SpringEL expression: evaluating expression "h" on target
2026-07-01T16:52:04.112-03:00 TRACE 20444 --- [estoque] [http-nio-8383-exec-2] o.t.s.expression.TextLiteralExpression   : [THYMELEAF][http-nio-8383-exec-2] Evaluating text literal: "'%; background: #10b981;'"
2026-07-01T16:52:04.112-03:00 TRACE 20444 --- [estoque] [http-nio-8383-exec-2] o.t.s.expression.AdditionExpression      : [THYMELEAF][http-nio-8383-exec-2] Evaluating addition expression: "('height:' + ${h}) + '%; background: #10b981;'"
2026-07-01T16:52:04.112-03:00 TRACE 20444 --- [estoque] [http-nio-8383-exec-2] o.t.s.expression.AdditionExpression      : [THYMELEAF][http-nio-8383-exec-2] Evaluating addition expression: "'height:' + ${h}"
2026-07-01T16:52:04.113-03:00 TRACE 20444 --- [estoque] [http-nio-8383-exec-2] o.t.s.expression.TextLiteralExpression   : [THYMELEAF][http-nio-8383-exec-2] Evaluating text literal: "'height:'"
2026-07-01T16:52:04.113-03:00 TRACE 20444 --- [estoque] [http-nio-8383-exec-2] o.t.s.expression.VariableExpression      : [THYMELEAF][http-nio-8383-exec-2] Evaluating variable expression: "${h}"
2026-07-01T16:52:04.113-03:00 TRACE 20444 --- [estoque] [http-nio-8383-exec-2] o.t.s.e.SPELVariableExpressionEvaluator  : [THYMELEAF][http-nio-8383-exec-2] SpringEL expression: evaluating expression "h" on target
2026-07-01T16:52:04.113-03:00 TRACE 20444 --- [estoque] [http-nio-8383-exec-2] o.t.s.expression.TextLiteralExpression   : [THYMELEAF][http-nio-8383-exec-2] Evaluating text literal: "'%; background: #10b981;'"
2026-07-01T16:52:04.113-03:00 TRACE 20444 --- [estoque] [http-nio-8383-exec-2] o.t.T.cache.EXPRESSION_CACHE             : [THYMELEAF][http-nio-8383-exec-2][EXPRESSION_CACHE][CACHE_HIT] Cache hit in cache "EXPRESSION_CACHE" for key "expr|${kpiProdutosValor}".
2026-07-01T16:52:04.113-03:00 TRACE 20444 --- [estoque] [http-nio-8383-exec-2] o.t.s.expression.VariableExpression      : [THYMELEAF][http-nio-8383-exec-2] Evaluating variable expression: "${kpiProdutosValor}"
2026-07-01T16:52:04.113-03:00 TRACE 20444 --- [estoque] [http-nio-8383-exec-2] o.t.s.e.SPELVariableExpressionEvaluator  : [THYMELEAF][http-nio-8383-exec-2] SpringEL expression: evaluating expression "kpiProdutosValor" on target
2026-07-01T16:52:04.113-03:00 TRACE 20444 --- [estoque] [http-nio-8383-exec-2] o.t.T.cache.EXPRESSION_CACHE             : [THYMELEAF][http-nio-8383-exec-2][EXPRESSION_CACHE][CACHE_HIT] Cache hit in cache "EXPRESSION_CACHE" for key "expr|${kpiProdutosPositiva} ? ' up' : ' down'".
2026-07-01T16:52:04.114-03:00 TRACE 20444 --- [estoque] [http-nio-8383-exec-2] o.t.s.expression.ConditionalExpression   : [THYMELEAF][http-nio-8383-exec-2] Evaluating conditional expression: "${kpiProdutosPositiva}? ' up' : ' down'"
2026-07-01T16:52:04.114-03:00 TRACE 20444 --- [estoque] [http-nio-8383-exec-2] o.t.s.expression.VariableExpression      : [THYMELEAF][http-nio-8383-exec-2] Evaluating variable expression: "${kpiProdutosPositiva}"
2026-07-01T16:52:04.114-03:00 TRACE 20444 --- [estoque] [http-nio-8383-exec-2] o.t.s.e.SPELVariableExpressionEvaluator  : [THYMELEAF][http-nio-8383-exec-2] SpringEL expression: evaluating expression "kpiProdutosPositiva" on target
2026-07-01T16:52:04.114-03:00 TRACE 20444 --- [estoque] [http-nio-8383-exec-2] o.t.s.expression.TextLiteralExpression   : [THYMELEAF][http-nio-8383-exec-2] Evaluating text literal: "' down'"
2026-07-01T16:52:04.114-03:00 TRACE 20444 --- [estoque] [http-nio-8383-exec-2] o.t.T.cache.EXPRESSION_CACHE             : [THYMELEAF][http-nio-8383-exec-2][EXPRESSION_CACHE][CACHE_HIT] Cache hit in cache "EXPRESSION_CACHE" for key "expr|${kpiProdutosPositiva} ? '23 6 13.5 15.5 8.5 10.5 1 18' : '23 18 13.5 8.5 8.5 13.5 1 6'".
2026-07-01T16:52:04.114-03:00 TRACE 20444 --- [estoque] [http-nio-8383-exec-2] o.t.s.expression.ConditionalExpression   : [THYMELEAF][http-nio-8383-exec-2] Evaluating conditional expression: "${kpiProdutosPositiva}? '23 6 13.5 15.5 8.5 10.5 1 18' : '23 18 13.5 8.5 8.5 13.5 1 6'"
2026-07-01T16:52:04.114-03:00 TRACE 20444 --- [estoque] [http-nio-8383-exec-2] o.t.s.expression.VariableExpression      : [THYMELEAF][http-nio-8383-exec-2] Evaluating variable expression: "${kpiProdutosPositiva}"
2026-07-01T16:52:04.114-03:00 TRACE 20444 --- [estoque] [http-nio-8383-exec-2] o.t.s.e.SPELVariableExpressionEvaluator  : [THYMELEAF][http-nio-8383-exec-2] SpringEL expression: evaluating expression "kpiProdutosPositiva" on target
2026-07-01T16:52:04.114-03:00 TRACE 20444 --- [estoque] [http-nio-8383-exec-2] o.t.s.expression.TextLiteralExpression   : [THYMELEAF][http-nio-8383-exec-2] Evaluating text literal: "'23 18 13.5 8.5 8.5 13.5 1 6'"
2026-07-01T16:52:04.115-03:00 TRACE 20444 --- [estoque] [http-nio-8383-exec-2] o.t.T.cache.EXPRESSION_CACHE             : [THYMELEAF][http-nio-8383-exec-2][EXPRESSION_CACHE][CACHE_HIT] Cache hit in cache "EXPRESSION_CACHE" for key "expr|${kpiProdutosPositiva} ? '17 6 23 6 23 12' : '17 18 23 18 23 12'".
2026-07-01T16:52:04.115-03:00 TRACE 20444 --- [estoque] [http-nio-8383-exec-2] o.t.s.expression.ConditionalExpression   : [THYMELEAF][http-nio-8383-exec-2] Evaluating conditional expression: "${kpiProdutosPositiva}? '17 6 23 6 23 12' : '17 18 23 18 23 12'"
2026-07-01T16:52:04.115-03:00 TRACE 20444 --- [estoque] [http-nio-8383-exec-2] o.t.s.expression.VariableExpression      : [THYMELEAF][http-nio-8383-exec-2] Evaluating variable expression: "${kpiProdutosPositiva}"
2026-07-01T16:52:04.115-03:00 TRACE 20444 --- [estoque] [http-nio-8383-exec-2] o.t.s.e.SPELVariableExpressionEvaluator  : [THYMELEAF][http-nio-8383-exec-2] SpringEL expression: evaluating expression "kpiProdutosPositiva" on target
2026-07-01T16:52:04.115-03:00 TRACE 20444 --- [estoque] [http-nio-8383-exec-2] o.t.s.expression.TextLiteralExpression   : [THYMELEAF][http-nio-8383-exec-2] Evaluating text literal: "'17 18 23 18 23 12'"
2026-07-01T16:52:04.115-03:00 TRACE 20444 --- [estoque] [http-nio-8383-exec-2] o.t.T.cache.EXPRESSION_CACHE             : [THYMELEAF][http-nio-8383-exec-2][EXPRESSION_CACHE][CACHE_HIT] Cache hit in cache "EXPRESSION_CACHE" for key "expr|${kpiProdutosVariacao} + '% vs mês anterior'".
2026-07-01T16:52:04.115-03:00 TRACE 20444 --- [estoque] [http-nio-8383-exec-2] o.t.s.expression.AdditionExpression      : [THYMELEAF][http-nio-8383-exec-2] Evaluating addition expression: "${kpiProdutosVariacao} + '% vs mês anterior'"
2026-07-01T16:52:04.115-03:00 TRACE 20444 --- [estoque] [http-nio-8383-exec-2] o.t.s.expression.VariableExpression      : [THYMELEAF][http-nio-8383-exec-2] Evaluating variable expression: "${kpiProdutosVariacao}"
2026-07-01T16:52:04.115-03:00 TRACE 20444 --- [estoque] [http-nio-8383-exec-2] o.t.s.e.SPELVariableExpressionEvaluator  : [THYMELEAF][http-nio-8383-exec-2] SpringEL expression: evaluating expression "kpiProdutosVariacao" on target
2026-07-01T16:52:04.115-03:00 TRACE 20444 --- [estoque] [http-nio-8383-exec-2] o.t.s.expression.TextLiteralExpression   : [THYMELEAF][http-nio-8383-exec-2] Evaluating text literal: "'% vs mês anterior'"
2026-07-01T16:52:04.115-03:00 TRACE 20444 --- [estoque] [http-nio-8383-exec-2] o.t.T.cache.EXPRESSION_CACHE             : [THYMELEAF][http-nio-8383-exec-2][EXPRESSION_CACHE][CACHE_HIT] Cache hit in cache "EXPRESSION_CACHE" for key "each|h : ${sparklineProdutos}".
2026-07-01T16:52:04.115-03:00 TRACE 20444 --- [estoque] [http-nio-8383-exec-2] o.t.s.expression.GenericTokenExpression  : [THYMELEAF][http-nio-8383-exec-2] Evaluating generic token: "h"
2026-07-01T16:52:04.116-03:00 TRACE 20444 --- [estoque] [http-nio-8383-exec-2] o.t.s.expression.VariableExpression      : [THYMELEAF][http-nio-8383-exec-2] Evaluating variable expression: "${sparklineProdutos}"
2026-07-01T16:52:04.116-03:00 TRACE 20444 --- [estoque] [http-nio-8383-exec-2] o.t.s.e.SPELVariableExpressionEvaluator  : [THYMELEAF][http-nio-8383-exec-2] SpringEL expression: evaluating expression "sparklineProdutos" on target
2026-07-01T16:52:04.116-03:00 TRACE 20444 --- [estoque] [http-nio-8383-exec-2] o.t.T.cache.EXPRESSION_CACHE             : [THYMELEAF][http-nio-8383-exec-2][EXPRESSION_CACHE][CACHE_HIT] Cache hit in cache "EXPRESSION_CACHE" for key "expr|'height:' + ${h} + '%; background: #ea580c;'".
2026-07-01T16:52:04.116-03:00 TRACE 20444 --- [estoque] [http-nio-8383-exec-2] o.t.s.expression.AdditionExpression      : [THYMELEAF][http-nio-8383-exec-2] Evaluating addition expression: "('height:' + ${h}) + '%; background: #ea580c;'"
2026-07-01T16:52:04.116-03:00 TRACE 20444 --- [estoque] [http-nio-8383-exec-2] o.t.s.expression.AdditionExpression      : [THYMELEAF][http-nio-8383-exec-2] Evaluating addition expression: "'height:' + ${h}"
2026-07-01T16:52:04.116-03:00 TRACE 20444 --- [estoque] [http-nio-8383-exec-2] o.t.s.expression.TextLiteralExpression   : [THYMELEAF][http-nio-8383-exec-2] Evaluating text literal: "'height:'"
2026-07-01T16:52:04.116-03:00 TRACE 20444 --- [estoque] [http-nio-8383-exec-2] o.t.s.expression.VariableExpression      : [THYMELEAF][http-nio-8383-exec-2] Evaluating variable expression: "${h}"
2026-07-01T16:52:04.116-03:00 TRACE 20444 --- [estoque] [http-nio-8383-exec-2] o.t.s.e.SPELVariableExpressionEvaluator  : [THYMELEAF][http-nio-8383-exec-2] SpringEL expression: evaluating expression "h" on target
2026-07-01T16:52:04.116-03:00 TRACE 20444 --- [estoque] [http-nio-8383-exec-2] o.t.s.expression.TextLiteralExpression   : [THYMELEAF][http-nio-8383-exec-2] Evaluating text literal: "'%; background: #ea580c;'"
2026-07-01T16:52:04.116-03:00 TRACE 20444 --- [estoque] [http-nio-8383-exec-2] o.t.s.expression.AdditionExpression      : [THYMELEAF][http-nio-8383-exec-2] Evaluating addition expression: "('height:' + ${h}) + '%; background: #ea580c;'"
2026-07-01T16:52:04.116-03:00 TRACE 20444 --- [estoque] [http-nio-8383-exec-2] o.t.s.expression.AdditionExpression      : [THYMELEAF][http-nio-8383-exec-2] Evaluating addition expression: "'height:' + ${h}"
2026-07-01T16:52:04.116-03:00 TRACE 20444 --- [estoque] [http-nio-8383-exec-2] o.t.s.expression.TextLiteralExpression   : [THYMELEAF][http-nio-8383-exec-2] Evaluating text literal: "'height:'"
2026-07-01T16:52:04.117-03:00 TRACE 20444 --- [estoque] [http-nio-8383-exec-2] o.t.s.expression.VariableExpression      : [THYMELEAF][http-nio-8383-exec-2] Evaluating variable expression: "${h}"
2026-07-01T16:52:04.117-03:00 TRACE 20444 --- [estoque] [http-nio-8383-exec-2] o.t.s.e.SPELVariableExpressionEvaluator  : [THYMELEAF][http-nio-8383-exec-2] SpringEL expression: evaluating expression "h" on target
2026-07-01T16:52:04.117-03:00 TRACE 20444 --- [estoque] [http-nio-8383-exec-2] o.t.s.expression.TextLiteralExpression   : [THYMELEAF][http-nio-8383-exec-2] Evaluating text literal: "'%; background: #ea580c;'"
2026-07-01T16:52:04.117-03:00 TRACE 20444 --- [estoque] [http-nio-8383-exec-2] o.t.s.expression.AdditionExpression      : [THYMELEAF][http-nio-8383-exec-2] Evaluating addition expression: "('height:' + ${h}) + '%; background: #ea580c;'"
2026-07-01T16:52:04.117-03:00 TRACE 20444 --- [estoque] [http-nio-8383-exec-2] o.t.s.expression.AdditionExpression      : [THYMELEAF][http-nio-8383-exec-2] Evaluating addition expression: "'height:' + ${h}"
2026-07-01T16:52:04.117-03:00 TRACE 20444 --- [estoque] [http-nio-8383-exec-2] o.t.s.expression.TextLiteralExpression   : [THYMELEAF][http-nio-8383-exec-2] Evaluating text literal: "'height:'"
2026-07-01T16:52:04.117-03:00 TRACE 20444 --- [estoque] [http-nio-8383-exec-2] o.t.s.expression.VariableExpression      : [THYMELEAF][http-nio-8383-exec-2] Evaluating variable expression: "${h}"
2026-07-01T16:52:04.117-03:00 TRACE 20444 --- [estoque] [http-nio-8383-exec-2] o.t.s.e.SPELVariableExpressionEvaluator  : [THYMELEAF][http-nio-8383-exec-2] SpringEL expression: evaluating expression "h" on target
2026-07-01T16:52:04.117-03:00 TRACE 20444 --- [estoque] [http-nio-8383-exec-2] o.t.s.expression.TextLiteralExpression   : [THYMELEAF][http-nio-8383-exec-2] Evaluating text literal: "'%; background: #ea580c;'"
2026-07-01T16:52:04.117-03:00 TRACE 20444 --- [estoque] [http-nio-8383-exec-2] o.t.s.expression.AdditionExpression      : [THYMELEAF][http-nio-8383-exec-2] Evaluating addition expression: "('height:' + ${h}) + '%; background: #ea580c;'"
2026-07-01T16:52:04.117-03:00 TRACE 20444 --- [estoque] [http-nio-8383-exec-2] o.t.s.expression.AdditionExpression      : [THYMELEAF][http-nio-8383-exec-2] Evaluating addition expression: "'height:' + ${h}"
2026-07-01T16:52:04.118-03:00 TRACE 20444 --- [estoque] [http-nio-8383-exec-2] o.t.s.expression.TextLiteralExpression   : [THYMELEAF][http-nio-8383-exec-2] Evaluating text literal: "'height:'"
2026-07-01T16:52:04.118-03:00 TRACE 20444 --- [estoque] [http-nio-8383-exec-2] o.t.s.expression.VariableExpression      : [THYMELEAF][http-nio-8383-exec-2] Evaluating variable expression: "${h}"
2026-07-01T16:52:04.118-03:00 TRACE 20444 --- [estoque] [http-nio-8383-exec-2] o.t.s.e.SPELVariableExpressionEvaluator  : [THYMELEAF][http-nio-8383-exec-2] SpringEL expression: evaluating expression "h" on target
2026-07-01T16:52:04.118-03:00 TRACE 20444 --- [estoque] [http-nio-8383-exec-2] o.t.s.expression.TextLiteralExpression   : [THYMELEAF][http-nio-8383-exec-2] Evaluating text literal: "'%; background: #ea580c;'"
2026-07-01T16:52:04.118-03:00 TRACE 20444 --- [estoque] [http-nio-8383-exec-2] o.t.s.expression.AdditionExpression      : [THYMELEAF][http-nio-8383-exec-2] Evaluating addition expression: "('height:' + ${h}) + '%; background: #ea580c;'"
2026-07-01T16:52:04.118-03:00 TRACE 20444 --- [estoque] [http-nio-8383-exec-2] o.t.s.expression.AdditionExpression      : [THYMELEAF][http-nio-8383-exec-2] Evaluating addition expression: "'height:' + ${h}"
2026-07-01T16:52:04.118-03:00 TRACE 20444 --- [estoque] [http-nio-8383-exec-2] o.t.s.expression.TextLiteralExpression   : [THYMELEAF][http-nio-8383-exec-2] Evaluating text literal: "'height:'"
2026-07-01T16:52:04.118-03:00 TRACE 20444 --- [estoque] [http-nio-8383-exec-2] o.t.s.expression.VariableExpression      : [THYMELEAF][http-nio-8383-exec-2] Evaluating variable expression: "${h}"
2026-07-01T16:52:04.118-03:00 TRACE 20444 --- [estoque] [http-nio-8383-exec-2] o.t.s.e.SPELVariableExpressionEvaluator  : [THYMELEAF][http-nio-8383-exec-2] SpringEL expression: evaluating expression "h" on target
2026-07-01T16:52:04.118-03:00 TRACE 20444 --- [estoque] [http-nio-8383-exec-2] o.t.s.expression.TextLiteralExpression   : [THYMELEAF][http-nio-8383-exec-2] Evaluating text literal: "'%; background: #ea580c;'"
2026-07-01T16:52:04.119-03:00 TRACE 20444 --- [estoque] [http-nio-8383-exec-2] o.t.s.expression.AdditionExpression      : [THYMELEAF][http-nio-8383-exec-2] Evaluating addition expression: "('height:' + ${h}) + '%; background: #ea580c;'"
2026-07-01T16:52:04.119-03:00 TRACE 20444 --- [estoque] [http-nio-8383-exec-2] o.t.s.expression.AdditionExpression      : [THYMELEAF][http-nio-8383-exec-2] Evaluating addition expression: "'height:' + ${h}"
2026-07-01T16:52:04.119-03:00 TRACE 20444 --- [estoque] [http-nio-8383-exec-2] o.t.s.expression.TextLiteralExpression   : [THYMELEAF][http-nio-8383-exec-2] Evaluating text literal: "'height:'"
2026-07-01T16:52:04.119-03:00 TRACE 20444 --- [estoque] [http-nio-8383-exec-2] o.t.s.expression.VariableExpression      : [THYMELEAF][http-nio-8383-exec-2] Evaluating variable expression: "${h}"
2026-07-01T16:52:04.119-03:00 TRACE 20444 --- [estoque] [http-nio-8383-exec-2] o.t.s.e.SPELVariableExpressionEvaluator  : [THYMELEAF][http-nio-8383-exec-2] SpringEL expression: evaluating expression "h" on target
2026-07-01T16:52:04.119-03:00 TRACE 20444 --- [estoque] [http-nio-8383-exec-2] o.t.s.expression.TextLiteralExpression   : [THYMELEAF][http-nio-8383-exec-2] Evaluating text literal: "'%; background: #ea580c;'"
2026-07-01T16:52:04.119-03:00 TRACE 20444 --- [estoque] [http-nio-8383-exec-2] o.t.s.expression.AdditionExpression      : [THYMELEAF][http-nio-8383-exec-2] Evaluating addition expression: "('height:' + ${h}) + '%; background: #ea580c;'"
2026-07-01T16:52:04.119-03:00 TRACE 20444 --- [estoque] [http-nio-8383-exec-2] o.t.s.expression.AdditionExpression      : [THYMELEAF][http-nio-8383-exec-2] Evaluating addition expression: "'height:' + ${h}"
2026-07-01T16:52:04.119-03:00 TRACE 20444 --- [estoque] [http-nio-8383-exec-2] o.t.s.expression.TextLiteralExpression   : [THYMELEAF][http-nio-8383-exec-2] Evaluating text literal: "'height:'"
2026-07-01T16:52:04.119-03:00 TRACE 20444 --- [estoque] [http-nio-8383-exec-2] o.t.s.expression.VariableExpression      : [THYMELEAF][http-nio-8383-exec-2] Evaluating variable expression: "${h}"
2026-07-01T16:52:04.120-03:00 TRACE 20444 --- [estoque] [http-nio-8383-exec-2] o.t.s.e.SPELVariableExpressionEvaluator  : [THYMELEAF][http-nio-8383-exec-2] SpringEL expression: evaluating expression "h" on target
2026-07-01T16:52:04.120-03:00 TRACE 20444 --- [estoque] [http-nio-8383-exec-2] o.t.s.expression.TextLiteralExpression   : [THYMELEAF][http-nio-8383-exec-2] Evaluating text literal: "'%; background: #ea580c;'"
2026-07-01T16:52:04.120-03:00 TRACE 20444 --- [estoque] [http-nio-8383-exec-2] o.t.s.expression.AdditionExpression      : [THYMELEAF][http-nio-8383-exec-2] Evaluating addition expression: "('height:' + ${h}) + '%; background: #ea580c;'"
2026-07-01T16:52:04.120-03:00 TRACE 20444 --- [estoque] [http-nio-8383-exec-2] o.t.s.expression.AdditionExpression      : [THYMELEAF][http-nio-8383-exec-2] Evaluating addition expression: "'height:' + ${h}"
2026-07-01T16:52:04.120-03:00 TRACE 20444 --- [estoque] [http-nio-8383-exec-2] o.t.s.expression.TextLiteralExpression   : [THYMELEAF][http-nio-8383-exec-2] Evaluating text literal: "'height:'"
2026-07-01T16:52:04.120-03:00 TRACE 20444 --- [estoque] [http-nio-8383-exec-2] o.t.s.expression.VariableExpression      : [THYMELEAF][http-nio-8383-exec-2] Evaluating variable expression: "${h}"
2026-07-01T16:52:04.120-03:00 TRACE 20444 --- [estoque] [http-nio-8383-exec-2] o.t.s.e.SPELVariableExpressionEvaluator  : [THYMELEAF][http-nio-8383-exec-2] SpringEL expression: evaluating expression "h" on target
2026-07-01T16:52:04.121-03:00 TRACE 20444 --- [estoque] [http-nio-8383-exec-2] o.t.s.expression.TextLiteralExpression   : [THYMELEAF][http-nio-8383-exec-2] Evaluating text literal: "'%; background: #ea580c;'"
2026-07-01T16:52:04.122-03:00 TRACE 20444 --- [estoque] [http-nio-8383-exec-2] o.t.s.expression.AdditionExpression      : [THYMELEAF][http-nio-8383-exec-2] Evaluating addition expression: "('height:' + ${h}) + '%; background: #ea580c;'"
2026-07-01T16:52:04.124-03:00 TRACE 20444 --- [estoque] [http-nio-8383-exec-2] o.t.s.expression.AdditionExpression      : [THYMELEAF][http-nio-8383-exec-2] Evaluating addition expression: "'height:' + ${h}"
2026-07-01T16:52:04.124-03:00 TRACE 20444 --- [estoque] [http-nio-8383-exec-2] o.t.s.expression.TextLiteralExpression   : [THYMELEAF][http-nio-8383-exec-2] Evaluating text literal: "'height:'"
2026-07-01T16:52:04.125-03:00 TRACE 20444 --- [estoque] [http-nio-8383-exec-2] o.t.s.expression.VariableExpression      : [THYMELEAF][http-nio-8383-exec-2] Evaluating variable expression: "${h}"
2026-07-01T16:52:04.125-03:00 TRACE 20444 --- [estoque] [http-nio-8383-exec-2] o.t.s.e.SPELVariableExpressionEvaluator  : [THYMELEAF][http-nio-8383-exec-2] SpringEL expression: evaluating expression "h" on target
2026-07-01T16:52:04.125-03:00 TRACE 20444 --- [estoque] [http-nio-8383-exec-2] o.t.s.expression.TextLiteralExpression   : [THYMELEAF][http-nio-8383-exec-2] Evaluating text literal: "'%; background: #ea580c;'"
2026-07-01T16:52:04.125-03:00 TRACE 20444 --- [estoque] [http-nio-8383-exec-2] o.t.s.expression.AdditionExpression      : [THYMELEAF][http-nio-8383-exec-2] Evaluating addition expression: "('height:' + ${h}) + '%; background: #ea580c;'"
2026-07-01T16:52:04.125-03:00 TRACE 20444 --- [estoque] [http-nio-8383-exec-2] o.t.s.expression.AdditionExpression      : [THYMELEAF][http-nio-8383-exec-2] Evaluating addition expression: "'height:' + ${h}"
2026-07-01T16:52:04.125-03:00 TRACE 20444 --- [estoque] [http-nio-8383-exec-2] o.t.s.expression.TextLiteralExpression   : [THYMELEAF][http-nio-8383-exec-2] Evaluating text literal: "'height:'"
2026-07-01T16:52:04.126-03:00 TRACE 20444 --- [estoque] [http-nio-8383-exec-2] o.t.s.expression.VariableExpression      : [THYMELEAF][http-nio-8383-exec-2] Evaluating variable expression: "${h}"
2026-07-01T16:52:04.126-03:00 TRACE 20444 --- [estoque] [http-nio-8383-exec-2] o.t.s.e.SPELVariableExpressionEvaluator  : [THYMELEAF][http-nio-8383-exec-2] SpringEL expression: evaluating expression "h" on target
2026-07-01T16:52:04.126-03:00 TRACE 20444 --- [estoque] [http-nio-8383-exec-2] o.t.s.expression.TextLiteralExpression   : [THYMELEAF][http-nio-8383-exec-2] Evaluating text literal: "'%; background: #ea580c;'"
2026-07-01T16:52:04.126-03:00 TRACE 20444 --- [estoque] [http-nio-8383-exec-2] o.t.e.springsecurity6.auth.AuthUtils     : [THYMELEAF][http-nio-8383-exec-2] Obtaining authentication object.
2026-07-01T16:52:04.126-03:00 TRACE 20444 --- [estoque] [http-nio-8383-exec-2] o.t.e.springsecurity6.auth.AuthUtils     : [THYMELEAF][http-nio-8383-exec-2] Authentication object of class org.springframework.security.authentication.UsernamePasswordAuthenticationToken found in context for user "master".
2026-07-01T16:52:04.126-03:00 TRACE 20444 --- [estoque] [http-nio-8383-exec-2] o.t.e.springsecurity6.auth.AuthUtils     : [THYMELEAF][http-nio-8383-exec-2] Checking authorization using access expression "hasRole('MASTER')" for user "master".
2026-07-01T16:52:04.127-03:00 TRACE 20444 --- [estoque] [http-nio-8383-exec-2] o.t.e.springsecurity6.auth.AuthUtils     : [THYMELEAF][http-nio-8383-exec-2] Checked authorization using access expression "hasRole('MASTER')" for user "master". Access GRANTED.
2026-07-01T16:52:04.127-03:00 TRACE 20444 --- [estoque] [http-nio-8383-exec-2] o.t.e.springsecurity6.auth.AuthUtils     : [THYMELEAF][http-nio-8383-exec-2] Obtaining authentication object.
2026-07-01T16:52:04.127-03:00 TRACE 20444 --- [estoque] [http-nio-8383-exec-2] o.t.e.springsecurity6.auth.AuthUtils     : [THYMELEAF][http-nio-8383-exec-2] Authentication object of class org.springframework.security.authentication.UsernamePasswordAuthenticationToken found in context for user "master".
2026-07-01T16:52:04.127-03:00 TRACE 20444 --- [estoque] [http-nio-8383-exec-2] o.t.e.springsecurity6.auth.AuthUtils     : [THYMELEAF][http-nio-8383-exec-2] Checking authorization using access expression "hasAnyRole('CLIENTES','MASTER')" for user "master".
2026-07-01T16:52:04.128-03:00 TRACE 20444 --- [estoque] [http-nio-8383-exec-2] o.t.e.springsecurity6.auth.AuthUtils     : [THYMELEAF][http-nio-8383-exec-2] Checked authorization using access expression "hasAnyRole('CLIENTES','MASTER')" for user "master". Access GRANTED.
2026-07-01T16:52:04.128-03:00 TRACE 20444 --- [estoque] [http-nio-8383-exec-2] o.t.e.springsecurity6.auth.AuthUtils     : [THYMELEAF][http-nio-8383-exec-2] Obtaining authentication object.
2026-07-01T16:52:04.128-03:00 TRACE 20444 --- [estoque] [http-nio-8383-exec-2] o.t.e.springsecurity6.auth.AuthUtils     : [THYMELEAF][http-nio-8383-exec-2] Authentication object of class org.springframework.security.authentication.UsernamePasswordAuthenticationToken found in context for user "master".
2026-07-01T16:52:04.128-03:00 TRACE 20444 --- [estoque] [http-nio-8383-exec-2] o.t.e.springsecurity6.auth.AuthUtils     : [THYMELEAF][http-nio-8383-exec-2] Checking authorization using access expression "hasAnyRole('PRODUTO','MASTER')" for user "master".
2026-07-01T16:52:04.130-03:00 TRACE 20444 --- [estoque] [http-nio-8383-exec-2] o.t.e.springsecurity6.auth.AuthUtils     : [THYMELEAF][http-nio-8383-exec-2] Checked authorization using access expression "hasAnyRole('PRODUTO','MASTER')" for user "master". Access GRANTED.
2026-07-01T16:52:04.130-03:00 TRACE 20444 --- [estoque] [http-nio-8383-exec-2] o.t.e.springsecurity6.auth.AuthUtils     : [THYMELEAF][http-nio-8383-exec-2] Obtaining authentication object.
2026-07-01T16:52:04.130-03:00 TRACE 20444 --- [estoque] [http-nio-8383-exec-2] o.t.e.springsecurity6.auth.AuthUtils     : [THYMELEAF][http-nio-8383-exec-2] Authentication object of class org.springframework.security.authentication.UsernamePasswordAuthenticationToken found in context for user "master".
2026-07-01T16:52:04.131-03:00 TRACE 20444 --- [estoque] [http-nio-8383-exec-2] o.t.e.springsecurity6.auth.AuthUtils     : [THYMELEAF][http-nio-8383-exec-2] Checking authorization using access expression "hasAnyRole('ESTOQUE','MASTER')" for user "master".
2026-07-01T16:52:04.132-03:00 TRACE 20444 --- [estoque] [http-nio-8383-exec-2] o.t.e.springsecurity6.auth.AuthUtils     : [THYMELEAF][http-nio-8383-exec-2] Checked authorization using access expression "hasAnyRole('ESTOQUE','MASTER')" for user "master". Access GRANTED.
2026-07-01T16:52:04.132-03:00 TRACE 20444 --- [estoque] [http-nio-8383-exec-2] o.t.e.springsecurity6.auth.AuthUtils     : [THYMELEAF][http-nio-8383-exec-2] Obtaining authentication object.
2026-07-01T16:52:04.132-03:00 TRACE 20444 --- [estoque] [http-nio-8383-exec-2] o.t.e.springsecurity6.auth.AuthUtils     : [THYMELEAF][http-nio-8383-exec-2] Authentication object of class org.springframework.security.authentication.UsernamePasswordAuthenticationToken found in context for user "master".
2026-07-01T16:52:04.132-03:00 TRACE 20444 --- [estoque] [http-nio-8383-exec-2] o.t.e.springsecurity6.auth.AuthUtils     : [THYMELEAF][http-nio-8383-exec-2] Checking authorization using access expression "hasAnyRole('VENDAS','MASTER')" for user "master".
2026-07-01T16:52:04.133-03:00 TRACE 20444 --- [estoque] [http-nio-8383-exec-2] o.t.e.springsecurity6.auth.AuthUtils     : [THYMELEAF][http-nio-8383-exec-2] Checked authorization using access expression "hasAnyRole('VENDAS','MASTER')" for user "master". Access GRANTED.
2026-07-01T16:52:04.133-03:00 TRACE 20444 --- [estoque] [http-nio-8383-exec-2] o.t.e.springsecurity6.auth.AuthUtils     : [THYMELEAF][http-nio-8383-exec-2] Obtaining authentication object.
2026-07-01T16:52:04.133-03:00 TRACE 20444 --- [estoque] [http-nio-8383-exec-2] o.t.e.springsecurity6.auth.AuthUtils     : [THYMELEAF][http-nio-8383-exec-2] Authentication object of class org.springframework.security.authentication.UsernamePasswordAuthenticationToken found in context for user "master".
2026-07-01T16:52:04.133-03:00 TRACE 20444 --- [estoque] [http-nio-8383-exec-2] o.t.e.springsecurity6.auth.AuthUtils     : [THYMELEAF][http-nio-8383-exec-2] Checking authorization using access expression "hasAnyRole('FINANCEIRO','MASTER')" for user "master".
2026-07-01T16:52:04.134-03:00 TRACE 20444 --- [estoque] [http-nio-8383-exec-2] o.t.e.springsecurity6.auth.AuthUtils     : [THYMELEAF][http-nio-8383-exec-2] Checked authorization using access expression "hasAnyRole('FINANCEIRO','MASTER')" for user "master". Access GRANTED.
2026-07-01T16:52:04.134-03:00 TRACE 20444 --- [estoque] [http-nio-8383-exec-2] o.t.e.springsecurity6.auth.AuthUtils     : [THYMELEAF][http-nio-8383-exec-2] Obtaining authentication object.
2026-07-01T16:52:04.135-03:00 TRACE 20444 --- [estoque] [http-nio-8383-exec-2] o.t.e.springsecurity6.auth.AuthUtils     : [THYMELEAF][http-nio-8383-exec-2] Authentication object of class org.springframework.security.authentication.UsernamePasswordAuthenticationToken found in context for user "master".
2026-07-01T16:52:04.135-03:00 TRACE 20444 --- [estoque] [http-nio-8383-exec-2] o.t.e.springsecurity6.auth.AuthUtils     : [THYMELEAF][http-nio-8383-exec-2] Checking authorization using access expression "hasAnyRole('FINANCEIRO','MASTER')" for user "master".
2026-07-01T16:52:04.137-03:00 TRACE 20444 --- [estoque] [http-nio-8383-exec-2] o.t.e.springsecurity6.auth.AuthUtils     : [THYMELEAF][http-nio-8383-exec-2] Checked authorization using access expression "hasAnyRole('FINANCEIRO','MASTER')" for user "master". Access GRANTED.
2026-07-01T16:52:04.143-03:00 TRACE 20444 --- [estoque] [http-nio-8383-exec-2] o.t.T.cache.EXPRESSION_CACHE             : [THYMELEAF][http-nio-8383-exec-2][EXPRESSION_CACHE][CACHE_HIT] Cache hit in cache "EXPRESSION_CACHE" for key "expr|'R$ ' + ${#numbers.formatDecimal(resumo.receitas, 1, 'POINT', 2, 'COMMA')}".
2026-07-01T16:52:04.144-03:00 TRACE 20444 --- [estoque] [http-nio-8383-exec-2] o.t.s.expression.AdditionExpression      : [THYMELEAF][http-nio-8383-exec-2] Evaluating addition expression: "'R$ ' + ${#numbers.formatDecimal(resumo.receitas, 1, 'POINT', 2, 'COMMA')}"
2026-07-01T16:52:04.145-03:00 TRACE 20444 --- [estoque] [http-nio-8383-exec-2] o.t.s.expression.TextLiteralExpression   : [THYMELEAF][http-nio-8383-exec-2] Evaluating text literal: "'R$ '"
2026-07-01T16:52:04.145-03:00 TRACE 20444 --- [estoque] [http-nio-8383-exec-2] o.t.s.expression.VariableExpression      : [THYMELEAF][http-nio-8383-exec-2] Evaluating variable expression: "${#numbers.formatDecimal(resumo.receitas, 1, 'POINT', 2, 'COMMA')}"
2026-07-01T16:52:04.145-03:00 TRACE 20444 --- [estoque] [http-nio-8383-exec-2] o.t.s.e.SPELVariableExpressionEvaluator  : [THYMELEAF][http-nio-8383-exec-2] SpringEL expression: evaluating expression "#numbers.formatDecimal(resumo.receitas, 1, 'POINT', 2, 'COMMA')" on target
2026-07-01T16:52:04.146-03:00 TRACE 20444 --- [estoque] [http-nio-8383-exec-2] o.t.T.cache.EXPRESSION_CACHE             : [THYMELEAF][http-nio-8383-exec-2][EXPRESSION_CACHE][CACHE_HIT] Cache hit in cache "EXPRESSION_CACHE" for key "expr|'R$ ' + ${#numbers.formatDecimal(resumo.despesas, 1, 'POINT', 2, 'COMMA')}".
2026-07-01T16:52:04.146-03:00 TRACE 20444 --- [estoque] [http-nio-8383-exec-2] o.t.s.expression.AdditionExpression      : [THYMELEAF][http-nio-8383-exec-2] Evaluating addition expression: "'R$ ' + ${#numbers.formatDecimal(resumo.despesas, 1, 'POINT', 2, 'COMMA')}"
2026-07-01T16:52:04.147-03:00 TRACE 20444 --- [estoque] [http-nio-8383-exec-2] o.t.s.expression.TextLiteralExpression   : [THYMELEAF][http-nio-8383-exec-2] Evaluating text literal: "'R$ '"
2026-07-01T16:52:04.147-03:00 TRACE 20444 --- [estoque] [http-nio-8383-exec-2] o.t.s.expression.VariableExpression      : [THYMELEAF][http-nio-8383-exec-2] Evaluating variable expression: "${#numbers.formatDecimal(resumo.despesas, 1, 'POINT', 2, 'COMMA')}"
2026-07-01T16:52:04.147-03:00 TRACE 20444 --- [estoque] [http-nio-8383-exec-2] o.t.s.e.SPELVariableExpressionEvaluator  : [THYMELEAF][http-nio-8383-exec-2] SpringEL expression: evaluating expression "#numbers.formatDecimal(resumo.despesas, 1, 'POINT', 2, 'COMMA')" on target
2026-07-01T16:52:04.148-03:00 TRACE 20444 --- [estoque] [http-nio-8383-exec-2] o.t.T.cache.EXPRESSION_CACHE             : [THYMELEAF][http-nio-8383-exec-2][EXPRESSION_CACHE][CACHE_HIT] Cache hit in cache "EXPRESSION_CACHE" for key "expr|'R$ ' + ${#numbers.formatDecimal(resumo.lucroLiquido, 1, 'POINT', 2, 'COMMA')}".
2026-07-01T16:52:04.148-03:00 TRACE 20444 --- [estoque] [http-nio-8383-exec-2] o.t.s.expression.AdditionExpression      : [THYMELEAF][http-nio-8383-exec-2] Evaluating addition expression: "'R$ ' + ${#numbers.formatDecimal(resumo.lucroLiquido, 1, 'POINT', 2, 'COMMA')}"
2026-07-01T16:52:04.149-03:00 TRACE 20444 --- [estoque] [http-nio-8383-exec-2] o.t.s.expression.TextLiteralExpression   : [THYMELEAF][http-nio-8383-exec-2] Evaluating text literal: "'R$ '"
2026-07-01T16:52:04.149-03:00 TRACE 20444 --- [estoque] [http-nio-8383-exec-2] o.t.s.expression.VariableExpression      : [THYMELEAF][http-nio-8383-exec-2] Evaluating variable expression: "${#numbers.formatDecimal(resumo.lucroLiquido, 1, 'POINT', 2, 'COMMA')}"
2026-07-01T16:52:04.149-03:00 TRACE 20444 --- [estoque] [http-nio-8383-exec-2] o.t.s.e.SPELVariableExpressionEvaluator  : [THYMELEAF][http-nio-8383-exec-2] SpringEL expression: evaluating expression "#numbers.formatDecimal(resumo.lucroLiquido, 1, 'POINT', 2, 'COMMA')" on target
2026-07-01T16:52:04.150-03:00 TRACE 20444 --- [estoque] [http-nio-8383-exec-2] o.t.T.cache.EXPRESSION_CACHE             : [THYMELEAF][http-nio-8383-exec-2][EXPRESSION_CACHE][CACHE_HIT] Cache hit in cache "EXPRESSION_CACHE" for key "expr|'background: conic-gradient(var(--primary-500) 0deg ' + ${resumo.margemPercentual * 3.6} + 'deg, var(--neutral-200) ' + ${resumo.margemPercentual * 3.6} + 'deg 360deg);'".
2026-07-01T16:52:04.150-03:00 TRACE 20444 --- [estoque] [http-nio-8383-exec-2] o.t.s.expression.AdditionExpression      : [THYMELEAF][http-nio-8383-exec-2] Evaluating addition expression: "((('background: conic-gradient(var(--primary-500) 0deg ' + ${resumo.margemPercentual * 3.6}) + 'deg, var(--neutral-200) ') + ${resumo.margemPercentual * 3.6}) + 'deg 360deg);'"
2026-07-01T16:52:04.150-03:00 TRACE 20444 --- [estoque] [http-nio-8383-exec-2] o.t.s.expression.AdditionExpression      : [THYMELEAF][http-nio-8383-exec-2] Evaluating addition expression: "(('background: conic-gradient(var(--primary-500) 0deg ' + ${resumo.margemPercentual * 3.6}) + 'deg, var(--neutral-200) ') + ${resumo.margemPercentual * 3.6}"
2026-07-01T16:52:04.150-03:00 TRACE 20444 --- [estoque] [http-nio-8383-exec-2] o.t.s.expression.AdditionExpression      : [THYMELEAF][http-nio-8383-exec-2] Evaluating addition expression: "('background: conic-gradient(var(--primary-500) 0deg ' + ${resumo.margemPercentual * 3.6}) + 'deg, var(--neutral-200) '"
2026-07-01T16:52:04.151-03:00 TRACE 20444 --- [estoque] [http-nio-8383-exec-2] o.t.s.expression.AdditionExpression      : [THYMELEAF][http-nio-8383-exec-2] Evaluating addition expression: "'background: conic-gradient(var(--primary-500) 0deg ' + ${resumo.margemPercentual * 3.6}"
2026-07-01T16:52:04.151-03:00 TRACE 20444 --- [estoque] [http-nio-8383-exec-2] o.t.s.expression.TextLiteralExpression   : [THYMELEAF][http-nio-8383-exec-2] Evaluating text literal: "'background: conic-gradient(var(--primary-500) 0deg '"
2026-07-01T16:52:04.151-03:00 TRACE 20444 --- [estoque] [http-nio-8383-exec-2] o.t.s.expression.VariableExpression      : [THYMELEAF][http-nio-8383-exec-2] Evaluating variable expression: "${resumo.margemPercentual * 3.6}"
2026-07-01T16:52:04.151-03:00 TRACE 20444 --- [estoque] [http-nio-8383-exec-2] o.t.s.e.SPELVariableExpressionEvaluator  : [THYMELEAF][http-nio-8383-exec-2] SpringEL expression: evaluating expression "resumo.margemPercentual * 3.6" on target
2026-07-01T16:52:04.151-03:00 TRACE 20444 --- [estoque] [http-nio-8383-exec-2] o.t.s.expression.TextLiteralExpression   : [THYMELEAF][http-nio-8383-exec-2] Evaluating text literal: "'deg, var(--neutral-200) '"
2026-07-01T16:52:04.151-03:00 TRACE 20444 --- [estoque] [http-nio-8383-exec-2] o.t.s.expression.VariableExpression      : [THYMELEAF][http-nio-8383-exec-2] Evaluating variable expression: "${resumo.margemPercentual * 3.6}"
2026-07-01T16:52:04.151-03:00 TRACE 20444 --- [estoque] [http-nio-8383-exec-2] o.t.s.e.SPELVariableExpressionEvaluator  : [THYMELEAF][http-nio-8383-exec-2] SpringEL expression: evaluating expression "resumo.margemPercentual * 3.6" on target
2026-07-01T16:52:04.151-03:00 TRACE 20444 --- [estoque] [http-nio-8383-exec-2] o.t.s.expression.TextLiteralExpression   : [THYMELEAF][http-nio-8383-exec-2] Evaluating text literal: "'deg 360deg);'"
2026-07-01T16:52:04.151-03:00 TRACE 20444 --- [estoque] [http-nio-8383-exec-2] o.t.T.cache.EXPRESSION_CACHE             : [THYMELEAF][http-nio-8383-exec-2][EXPRESSION_CACHE][CACHE_HIT] Cache hit in cache "EXPRESSION_CACHE" for key "expr|${resumo.margemPercentual} + '%'".
2026-07-01T16:52:04.151-03:00 TRACE 20444 --- [estoque] [http-nio-8383-exec-2] o.t.s.expression.AdditionExpression      : [THYMELEAF][http-nio-8383-exec-2] Evaluating addition expression: "${resumo.margemPercentual} + '%'"
2026-07-01T16:52:04.152-03:00 TRACE 20444 --- [estoque] [http-nio-8383-exec-2] o.t.s.expression.VariableExpression      : [THYMELEAF][http-nio-8383-exec-2] Evaluating variable expression: "${resumo.margemPercentual}"
2026-07-01T16:52:04.152-03:00 TRACE 20444 --- [estoque] [http-nio-8383-exec-2] o.t.s.e.SPELVariableExpressionEvaluator  : [THYMELEAF][http-nio-8383-exec-2] SpringEL expression: evaluating expression "resumo.margemPercentual" on target
2026-07-01T16:52:04.152-03:00 TRACE 20444 --- [estoque] [http-nio-8383-exec-2] o.t.s.expression.TextLiteralExpression   : [THYMELEAF][http-nio-8383-exec-2] Evaluating text literal: "'%'"
2026-07-01T16:52:04.153-03:00 TRACE 20444 --- [estoque] [http-nio-8383-exec-2] org.thymeleaf.TemplateEngine             : [THYMELEAF][http-nio-8383-exec-2] FINISHED PROCESS AND OUTPUT OF TEMPLATE "Dashboard" WITH LOCALE pt_BR
2026-07-01T16:52:04.153-03:00 TRACE 20444 --- [estoque] [http-nio-8383-exec-2] org.thymeleaf.TemplateEngine.TIMER       : [THYMELEAF][http-nio-8383-exec-2][Dashboard][pt_BR][174411600][174] TEMPLATE "Dashboard" WITH LOCALE pt_BR PROCESSED IN 174411600 nanoseconds (approx. 174ms)
2026-07-01T16:52:04.153-03:00 DEBUG 20444 --- [estoque] [http-nio-8383-exec-2] o.s.web.servlet.DispatcherServlet        : Completed 200 OK
2026-07-01T16:52:04.173-03:00 DEBUG 20444 --- [estoque] [http-nio-8383-exec-3] o.s.web.servlet.DispatcherServlet        : GET "/api/resumo-financeiro?periodo=mes", parameters={masked}
2026-07-01T16:52:04.175-03:00 DEBUG 20444 --- [estoque] [http-nio-8383-exec-3] s.w.s.m.m.a.RequestMappingHandlerMapping : Mapped to com.expedicao.estoque.controller.DashboardController#resumoFinanceiroApi(String)
2026-07-01T16:52:04.181-03:00 DEBUG 20444 --- [estoque] [http-nio-8383-exec-3] m.m.a.RequestResponseBodyMethodProcessor : Using 'application/json', given [*/*] and supported [application/json]
2026-07-01T16:52:04.181-03:00 DEBUG 20444 --- [estoque] [http-nio-8383-exec-3] m.m.a.RequestResponseBodyMethodProcessor : Writing [com.expedicao.estoque.dto.ResumoFinanceiroDTO@48e063f7]
2026-07-01T16:52:04.182-03:00 DEBUG 20444 --- [estoque] [http-nio-8383-exec-3] o.s.web.servlet.DispatcherServlet        : Completed 200 OK
2026-07-01T16:52:05.204-03:00 DEBUG 20444 --- [estoque] [http-nio-8383-exec-4] o.s.web.servlet.DispatcherServlet        : GET "/financeiro/dashboardFinanceiro", parameters={}
2026-07-01T16:52:05.205-03:00 DEBUG 20444 --- [estoque] [http-nio-8383-exec-4] s.w.s.m.m.a.RequestMappingHandlerMapping : Mapped to com.expedicao.estoque.controller.FinanceiroController#dashboardFinanceiro()
2026-07-01T16:52:05.207-03:00 TRACE 20444 --- [estoque] [http-nio-8383-exec-4] o.t.spring6.view.ThymeleafViewResolver   : [THYMELEAF] View dashboardFinanceiro will be handled by ThymeleafViewResolver and a ThymeleafView instance will be created for it
2026-07-01T16:52:05.207-03:00 TRACE 20444 --- [estoque] [http-nio-8383-exec-4] o.t.spring6.view.ThymeleafViewResolver   : [THYMELEAF] View dashboardFinanceiro.xml will be handled by ThymeleafViewResolver and a ThymeleafView instance will be created for it
2026-07-01T16:52:05.208-03:00 DEBUG 20444 --- [estoque] [http-nio-8383-exec-4] o.s.w.s.v.ContentNegotiatingViewResolver : Selected 'text/html' given [text/html, application/xhtml+xml, image/avif, image/webp, image/apng, application/xml;q=0.9, */*;q=0.8, application/signed-exchange;v=b3;q=0.7]
2026-07-01T16:52:05.209-03:00 TRACE 20444 --- [estoque] [http-nio-8383-exec-4] org.thymeleaf.TemplateEngine             : [THYMELEAF][http-nio-8383-exec-4] STARTING PROCESS OF TEMPLATE "dashboardFinanceiro" WITH LOCALE pt_BR
2026-07-01T16:52:05.209-03:00 TRACE 20444 --- [estoque] [http-nio-8383-exec-4] o.t.TemplateEngine.cache.TEMPLATE_CACHE  : [THYMELEAF][http-nio-8383-exec-4][TEMPLATE_CACHE][CACHE_MISS] Cache miss in cache "TEMPLATE_CACHE" for key "dashboardFinanceiro".
2026-07-01T16:52:05.209-03:00 TRACE 20444 --- [estoque] [http-nio-8383-exec-4] org.thymeleaf.engine.TemplateManager     : [THYMELEAF][http-nio-8383-exec-4] Template resolver match! Resolver "org.thymeleaf.spring6.templateresolver.SpringResourceTemplateResolver" will resolve template "dashboardFinanceiro"
2026-07-01T16:52:05.212-03:00 TRACE 20444 --- [estoque] [http-nio-8383-exec-4] o.t.e.springsecurity6.auth.AuthUtils     : [THYMELEAF][http-nio-8383-exec-4] Obtaining authentication object.
2026-07-01T16:52:05.213-03:00 TRACE 20444 --- [estoque] [http-nio-8383-exec-4] o.t.e.springsecurity6.auth.AuthUtils     : [THYMELEAF][http-nio-8383-exec-4] Authentication object of class org.springframework.security.authentication.UsernamePasswordAuthenticationToken found in context for user "master".
2026-07-01T16:52:05.214-03:00 TRACE 20444 --- [estoque] [http-nio-8383-exec-4] o.t.e.springsecurity6.auth.AuthUtils     : [THYMELEAF][http-nio-8383-exec-4] Checking authorization using access expression "hasRole('MASTER')" for user "master".
2026-07-01T16:52:05.214-03:00 TRACE 20444 --- [estoque] [http-nio-8383-exec-4] o.t.e.springsecurity6.auth.AuthUtils     : [THYMELEAF][http-nio-8383-exec-4] Checked authorization using access expression "hasRole('MASTER')" for user "master". Access GRANTED.
2026-07-01T16:52:05.215-03:00 TRACE 20444 --- [estoque] [http-nio-8383-exec-4] o.t.e.springsecurity6.auth.AuthUtils     : [THYMELEAF][http-nio-8383-exec-4] Obtaining authentication object.
2026-07-01T16:52:05.215-03:00 TRACE 20444 --- [estoque] [http-nio-8383-exec-4] o.t.e.springsecurity6.auth.AuthUtils     : [THYMELEAF][http-nio-8383-exec-4] Authentication object of class org.springframework.security.authentication.UsernamePasswordAuthenticationToken found in context for user "master".
2026-07-01T16:52:05.215-03:00 TRACE 20444 --- [estoque] [http-nio-8383-exec-4] o.t.e.springsecurity6.auth.AuthUtils     : [THYMELEAF][http-nio-8383-exec-4] Checking authorization using access expression "hasAnyRole('CLIENTES','MASTER')" for user "master".
2026-07-01T16:52:05.216-03:00 TRACE 20444 --- [estoque] [http-nio-8383-exec-4] o.t.e.springsecurity6.auth.AuthUtils     : [THYMELEAF][http-nio-8383-exec-4] Checked authorization using access expression "hasAnyRole('CLIENTES','MASTER')" for user "master". Access GRANTED.
2026-07-01T16:52:05.216-03:00 TRACE 20444 --- [estoque] [http-nio-8383-exec-4] o.t.e.springsecurity6.auth.AuthUtils     : [THYMELEAF][http-nio-8383-exec-4] Obtaining authentication object.
2026-07-01T16:52:05.217-03:00 TRACE 20444 --- [estoque] [http-nio-8383-exec-4] o.t.e.springsecurity6.auth.AuthUtils     : [THYMELEAF][http-nio-8383-exec-4] Authentication object of class org.springframework.security.authentication.UsernamePasswordAuthenticationToken found in context for user "master".
2026-07-01T16:52:05.217-03:00 TRACE 20444 --- [estoque] [http-nio-8383-exec-4] o.t.e.springsecurity6.auth.AuthUtils     : [THYMELEAF][http-nio-8383-exec-4] Checking authorization using access expression "hasAnyRole('PRODUTO','MASTER')" for user "master".
2026-07-01T16:52:05.217-03:00 TRACE 20444 --- [estoque] [http-nio-8383-exec-4] o.t.e.springsecurity6.auth.AuthUtils     : [THYMELEAF][http-nio-8383-exec-4] Checked authorization using access expression "hasAnyRole('PRODUTO','MASTER')" for user "master". Access GRANTED.
2026-07-01T16:52:05.218-03:00 TRACE 20444 --- [estoque] [http-nio-8383-exec-4] o.t.e.springsecurity6.auth.AuthUtils     : [THYMELEAF][http-nio-8383-exec-4] Obtaining authentication object.
2026-07-01T16:52:05.218-03:00 TRACE 20444 --- [estoque] [http-nio-8383-exec-4] o.t.e.springsecurity6.auth.AuthUtils     : [THYMELEAF][http-nio-8383-exec-4] Authentication object of class org.springframework.security.authentication.UsernamePasswordAuthenticationToken found in context for user "master".
2026-07-01T16:52:05.218-03:00 TRACE 20444 --- [estoque] [http-nio-8383-exec-4] o.t.e.springsecurity6.auth.AuthUtils     : [THYMELEAF][http-nio-8383-exec-4] Checking authorization using access expression "hasAnyRole('ESTOQUE','MASTER')" for user "master".
2026-07-01T16:52:05.219-03:00 TRACE 20444 --- [estoque] [http-nio-8383-exec-4] o.t.e.springsecurity6.auth.AuthUtils     : [THYMELEAF][http-nio-8383-exec-4] Checked authorization using access expression "hasAnyRole('ESTOQUE','MASTER')" for user "master". Access GRANTED.
2026-07-01T16:52:05.219-03:00 TRACE 20444 --- [estoque] [http-nio-8383-exec-4] o.t.e.springsecurity6.auth.AuthUtils     : [THYMELEAF][http-nio-8383-exec-4] Obtaining authentication object.
2026-07-01T16:52:05.219-03:00 TRACE 20444 --- [estoque] [http-nio-8383-exec-4] o.t.e.springsecurity6.auth.AuthUtils     : [THYMELEAF][http-nio-8383-exec-4] Authentication object of class org.springframework.security.authentication.UsernamePasswordAuthenticationToken found in context for user "master".
2026-07-01T16:52:05.221-03:00 TRACE 20444 --- [estoque] [http-nio-8383-exec-4] o.t.e.springsecurity6.auth.AuthUtils     : [THYMELEAF][http-nio-8383-exec-4] Checking authorization using access expression "hasAnyRole('VENDAS','MASTER')" for user "master".
2026-07-01T16:52:05.230-03:00 TRACE 20444 --- [estoque] [http-nio-8383-exec-4] o.t.e.springsecurity6.auth.AuthUtils     : [THYMELEAF][http-nio-8383-exec-4] Checked authorization using access expression "hasAnyRole('VENDAS','MASTER')" for user "master". Access GRANTED.
2026-07-01T16:52:05.230-03:00 TRACE 20444 --- [estoque] [http-nio-8383-exec-4] o.t.e.springsecurity6.auth.AuthUtils     : [THYMELEAF][http-nio-8383-exec-4] Obtaining authentication object.
2026-07-01T16:52:05.230-03:00 TRACE 20444 --- [estoque] [http-nio-8383-exec-4] o.t.e.springsecurity6.auth.AuthUtils     : [THYMELEAF][http-nio-8383-exec-4] Authentication object of class org.springframework.security.authentication.UsernamePasswordAuthenticationToken found in context for user "master".
2026-07-01T16:52:05.230-03:00 TRACE 20444 --- [estoque] [http-nio-8383-exec-4] o.t.e.springsecurity6.auth.AuthUtils     : [THYMELEAF][http-nio-8383-exec-4] Checking authorization using access expression "hasAnyRole('FINANCEIRO','MASTER')" for user "master".
2026-07-01T16:52:05.231-03:00 TRACE 20444 --- [estoque] [http-nio-8383-exec-4] o.t.e.springsecurity6.auth.AuthUtils     : [THYMELEAF][http-nio-8383-exec-4] Checked authorization using access expression "hasAnyRole('FINANCEIRO','MASTER')" for user "master". Access GRANTED.
2026-07-01T16:52:05.232-03:00 TRACE 20444 --- [estoque] [http-nio-8383-exec-4] o.t.e.springsecurity6.auth.AuthUtils     : [THYMELEAF][http-nio-8383-exec-4] Obtaining authentication object.
2026-07-01T16:52:05.232-03:00 TRACE 20444 --- [estoque] [http-nio-8383-exec-4] o.t.e.springsecurity6.auth.AuthUtils     : [THYMELEAF][http-nio-8383-exec-4] Authentication object of class org.springframework.security.authentication.UsernamePasswordAuthenticationToken found in context for user "master".
2026-07-01T16:52:05.232-03:00 TRACE 20444 --- [estoque] [http-nio-8383-exec-4] o.t.e.springsecurity6.auth.AuthUtils     : [THYMELEAF][http-nio-8383-exec-4] Checking authorization using access expression "hasAnyRole('FINANCEIRO','MASTER')" for user "master".
2026-07-01T16:52:05.233-03:00 TRACE 20444 --- [estoque] [http-nio-8383-exec-4] o.t.e.springsecurity6.auth.AuthUtils     : [THYMELEAF][http-nio-8383-exec-4] Checked authorization using access expression "hasAnyRole('FINANCEIRO','MASTER')" for user "master". Access GRANTED.
2026-07-01T16:52:05.233-03:00 TRACE 20444 --- [estoque] [http-nio-8383-exec-4] o.t.T.cache.EXPRESSION_CACHE             : [THYMELEAF][http-nio-8383-exec-4][EXPRESSION_CACHE][CACHE_HIT] Cache hit in cache "EXPRESSION_CACHE" for key "expr|@{/logout}".
2026-07-01T16:52:05.235-03:00 TRACE 20444 --- [estoque] [http-nio-8383-exec-4] o.t.standard.expression.LinkExpression   : [THYMELEAF][http-nio-8383-exec-4] Evaluating link: "@{'/logout'}"
2026-07-01T16:52:05.237-03:00 TRACE 20444 --- [estoque] [http-nio-8383-exec-4] o.t.s.expression.TextLiteralExpression   : [THYMELEAF][http-nio-8383-exec-4] Evaluating text literal: "'/logout'"
2026-07-01T16:52:05.244-03:00 TRACE 20444 --- [estoque] [http-nio-8383-exec-4] org.thymeleaf.TemplateEngine             : [THYMELEAF][http-nio-8383-exec-4] FINISHED PROCESS AND OUTPUT OF TEMPLATE "dashboardFinanceiro" WITH LOCALE pt_BR
2026-07-01T16:52:05.245-03:00 TRACE 20444 --- [estoque] [http-nio-8383-exec-4] org.thymeleaf.TemplateEngine.TIMER       : [THYMELEAF][http-nio-8383-exec-4][dashboardFinanceiro][pt_BR][35520100][36] TEMPLATE "dashboardFinanceiro" WITH LOCALE pt_BR PROCESSED IN 35520100 nanoseconds (approx. 36ms)
2026-07-01T16:52:05.246-03:00 DEBUG 20444 --- [estoque] [http-nio-8383-exec-4] o.s.web.servlet.DispatcherServlet        : Completed 200 OK
2026-07-01T16:52:07.495-03:00 DEBUG 20444 --- [estoque] [http-nio-8383-exec-5] o.s.web.servlet.DispatcherServlet        : GET "/contas-pagar", parameters={}
2026-07-01T16:52:07.495-03:00 DEBUG 20444 --- [estoque] [http-nio-8383-exec-5] s.w.s.m.m.a.RequestMappingHandlerMapping : Mapped to com.expedicao.estoque.controller.ContaPagarController#listar(Model)
2026-07-01T16:52:07.510-03:00 TRACE 20444 --- [estoque] [http-nio-8383-exec-5] o.t.spring6.view.ThymeleafViewResolver   : [THYMELEAF] View contaspagar will be handled by ThymeleafViewResolver and a ThymeleafView instance will be created for it
2026-07-01T16:52:07.511-03:00 TRACE 20444 --- [estoque] [http-nio-8383-exec-5] o.t.spring6.view.ThymeleafViewResolver   : [THYMELEAF] View contaspagar.xml will be handled by ThymeleafViewResolver and a ThymeleafView instance will be created for it
2026-07-01T16:52:07.511-03:00 DEBUG 20444 --- [estoque] [http-nio-8383-exec-5] o.s.w.s.v.ContentNegotiatingViewResolver : Selected 'text/html' given [text/html, application/xhtml+xml, image/avif, image/webp, image/apng, application/xml;q=0.9, */*;q=0.8, application/signed-exchange;v=b3;q=0.7]
2026-07-01T16:52:07.511-03:00 TRACE 20444 --- [estoque] [http-nio-8383-exec-5] org.thymeleaf.TemplateEngine             : [THYMELEAF][http-nio-8383-exec-5] STARTING PROCESS OF TEMPLATE "contaspagar" WITH LOCALE pt_BR
2026-07-01T16:52:07.511-03:00 TRACE 20444 --- [estoque] [http-nio-8383-exec-5] o.t.TemplateEngine.cache.TEMPLATE_CACHE  : [THYMELEAF][http-nio-8383-exec-5][TEMPLATE_CACHE][CACHE_MISS] Cache miss in cache "TEMPLATE_CACHE" for key "contaspagar".
2026-07-01T16:52:07.513-03:00 TRACE 20444 --- [estoque] [http-nio-8383-exec-5] org.thymeleaf.engine.TemplateManager     : [THYMELEAF][http-nio-8383-exec-5] Template resolver match! Resolver "org.thymeleaf.spring6.templateresolver.SpringResourceTemplateResolver" will resolve template "contaspagar"
2026-07-01T16:52:07.515-03:00 TRACE 20444 --- [estoque] [http-nio-8383-exec-5] o.t.e.springsecurity6.auth.AuthUtils     : [THYMELEAF][http-nio-8383-exec-5] Obtaining authentication object.
2026-07-01T16:52:07.515-03:00 TRACE 20444 --- [estoque] [http-nio-8383-exec-5] o.t.e.springsecurity6.auth.AuthUtils     : [THYMELEAF][http-nio-8383-exec-5] Authentication object of class org.springframework.security.authentication.UsernamePasswordAuthenticationToken found in context for user "master".
2026-07-01T16:52:07.515-03:00 TRACE 20444 --- [estoque] [http-nio-8383-exec-5] o.t.e.springsecurity6.auth.AuthUtils     : [THYMELEAF][http-nio-8383-exec-5] Checking authorization using access expression "hasRole('MASTER')" for user "master".
2026-07-01T16:52:07.516-03:00 TRACE 20444 --- [estoque] [http-nio-8383-exec-5] o.t.e.springsecurity6.auth.AuthUtils     : [THYMELEAF][http-nio-8383-exec-5] Checked authorization using access expression "hasRole('MASTER')" for user "master". Access GRANTED.
2026-07-01T16:52:07.516-03:00 TRACE 20444 --- [estoque] [http-nio-8383-exec-5] o.t.e.springsecurity6.auth.AuthUtils     : [THYMELEAF][http-nio-8383-exec-5] Obtaining authentication object.
2026-07-01T16:52:07.516-03:00 TRACE 20444 --- [estoque] [http-nio-8383-exec-5] o.t.e.springsecurity6.auth.AuthUtils     : [THYMELEAF][http-nio-8383-exec-5] Authentication object of class org.springframework.security.authentication.UsernamePasswordAuthenticationToken found in context for user "master".
2026-07-01T16:52:07.516-03:00 TRACE 20444 --- [estoque] [http-nio-8383-exec-5] o.t.e.springsecurity6.auth.AuthUtils     : [THYMELEAF][http-nio-8383-exec-5] Checking authorization using access expression "hasAnyRole('CLIENTES','MASTER')" for user "master".
2026-07-01T16:52:07.517-03:00 TRACE 20444 --- [estoque] [http-nio-8383-exec-5] o.t.e.springsecurity6.auth.AuthUtils     : [THYMELEAF][http-nio-8383-exec-5] Checked authorization using access expression "hasAnyRole('CLIENTES','MASTER')" for user "master". Access GRANTED.
2026-07-01T16:52:07.517-03:00 TRACE 20444 --- [estoque] [http-nio-8383-exec-5] o.t.e.springsecurity6.auth.AuthUtils     : [THYMELEAF][http-nio-8383-exec-5] Obtaining authentication object.
2026-07-01T16:52:07.517-03:00 TRACE 20444 --- [estoque] [http-nio-8383-exec-5] o.t.e.springsecurity6.auth.AuthUtils     : [THYMELEAF][http-nio-8383-exec-5] Authentication object of class org.springframework.security.authentication.UsernamePasswordAuthenticationToken found in context for user "master".
2026-07-01T16:52:07.517-03:00 TRACE 20444 --- [estoque] [http-nio-8383-exec-5] o.t.e.springsecurity6.auth.AuthUtils     : [THYMELEAF][http-nio-8383-exec-5] Checking authorization using access expression "hasAnyRole('PRODUTO','MASTER')" for user "master".
2026-07-01T16:52:07.517-03:00 TRACE 20444 --- [estoque] [http-nio-8383-exec-5] o.t.e.springsecurity6.auth.AuthUtils     : [THYMELEAF][http-nio-8383-exec-5] Checked authorization using access expression "hasAnyRole('PRODUTO','MASTER')" for user "master". Access GRANTED.
2026-07-01T16:52:07.518-03:00 TRACE 20444 --- [estoque] [http-nio-8383-exec-5] o.t.e.springsecurity6.auth.AuthUtils     : [THYMELEAF][http-nio-8383-exec-5] Obtaining authentication object.
2026-07-01T16:52:07.518-03:00 TRACE 20444 --- [estoque] [http-nio-8383-exec-5] o.t.e.springsecurity6.auth.AuthUtils     : [THYMELEAF][http-nio-8383-exec-5] Authentication object of class org.springframework.security.authentication.UsernamePasswordAuthenticationToken found in context for user "master".
2026-07-01T16:52:07.518-03:00 TRACE 20444 --- [estoque] [http-nio-8383-exec-5] o.t.e.springsecurity6.auth.AuthUtils     : [THYMELEAF][http-nio-8383-exec-5] Checking authorization using access expression "hasAnyRole('ESTOQUE','MASTER')" for user "master".
2026-07-01T16:52:07.519-03:00 TRACE 20444 --- [estoque] [http-nio-8383-exec-5] o.t.e.springsecurity6.auth.AuthUtils     : [THYMELEAF][http-nio-8383-exec-5] Checked authorization using access expression "hasAnyRole('ESTOQUE','MASTER')" for user "master". Access GRANTED.
2026-07-01T16:52:07.519-03:00 TRACE 20444 --- [estoque] [http-nio-8383-exec-5] o.t.e.springsecurity6.auth.AuthUtils     : [THYMELEAF][http-nio-8383-exec-5] Obtaining authentication object.
2026-07-01T16:52:07.519-03:00 TRACE 20444 --- [estoque] [http-nio-8383-exec-5] o.t.e.springsecurity6.auth.AuthUtils     : [THYMELEAF][http-nio-8383-exec-5] Authentication object of class org.springframework.security.authentication.UsernamePasswordAuthenticationToken found in context for user "master".
2026-07-01T16:52:07.519-03:00 TRACE 20444 --- [estoque] [http-nio-8383-exec-5] o.t.e.springsecurity6.auth.AuthUtils     : [THYMELEAF][http-nio-8383-exec-5] Checking authorization using access expression "hasAnyRole('VENDAS','MASTER')" for user "master".
2026-07-01T16:52:07.519-03:00 TRACE 20444 --- [estoque] [http-nio-8383-exec-5] o.t.e.springsecurity6.auth.AuthUtils     : [THYMELEAF][http-nio-8383-exec-5] Checked authorization using access expression "hasAnyRole('VENDAS','MASTER')" for user "master". Access GRANTED.
2026-07-01T16:52:07.520-03:00 TRACE 20444 --- [estoque] [http-nio-8383-exec-5] o.t.e.springsecurity6.auth.AuthUtils     : [THYMELEAF][http-nio-8383-exec-5] Obtaining authentication object.
2026-07-01T16:52:07.520-03:00 TRACE 20444 --- [estoque] [http-nio-8383-exec-5] o.t.e.springsecurity6.auth.AuthUtils     : [THYMELEAF][http-nio-8383-exec-5] Authentication object of class org.springframework.security.authentication.UsernamePasswordAuthenticationToken found in context for user "master".
2026-07-01T16:52:07.520-03:00 TRACE 20444 --- [estoque] [http-nio-8383-exec-5] o.t.e.springsecurity6.auth.AuthUtils     : [THYMELEAF][http-nio-8383-exec-5] Checking authorization using access expression "hasAnyRole('FINANCEIRO','MASTER')" for user "master".
2026-07-01T16:52:07.520-03:00 TRACE 20444 --- [estoque] [http-nio-8383-exec-5] o.t.e.springsecurity6.auth.AuthUtils     : [THYMELEAF][http-nio-8383-exec-5] Checked authorization using access expression "hasAnyRole('FINANCEIRO','MASTER')" for user "master". Access GRANTED.
2026-07-01T16:52:07.521-03:00 TRACE 20444 --- [estoque] [http-nio-8383-exec-5] o.t.e.springsecurity6.auth.AuthUtils     : [THYMELEAF][http-nio-8383-exec-5] Obtaining authentication object.
2026-07-01T16:52:07.521-03:00 TRACE 20444 --- [estoque] [http-nio-8383-exec-5] o.t.e.springsecurity6.auth.AuthUtils     : [THYMELEAF][http-nio-8383-exec-5] Authentication object of class org.springframework.security.authentication.UsernamePasswordAuthenticationToken found in context for user "master".
2026-07-01T16:52:07.521-03:00 TRACE 20444 --- [estoque] [http-nio-8383-exec-5] o.t.e.springsecurity6.auth.AuthUtils     : [THYMELEAF][http-nio-8383-exec-5] Checking authorization using access expression "hasAnyRole('FINANCEIRO','MASTER')" for user "master".
2026-07-01T16:52:07.521-03:00 TRACE 20444 --- [estoque] [http-nio-8383-exec-5] o.t.e.springsecurity6.auth.AuthUtils     : [THYMELEAF][http-nio-8383-exec-5] Checked authorization using access expression "hasAnyRole('FINANCEIRO','MASTER')" for user "master". Access GRANTED.
2026-07-01T16:52:07.522-03:00 TRACE 20444 --- [estoque] [http-nio-8383-exec-5] o.t.T.cache.EXPRESSION_CACHE             : [THYMELEAF][http-nio-8383-exec-5][EXPRESSION_CACHE][CACHE_HIT] Cache hit in cache "EXPRESSION_CACHE" for key "expr|@{/logout}".
2026-07-01T16:52:07.523-03:00 TRACE 20444 --- [estoque] [http-nio-8383-exec-5] o.t.standard.expression.LinkExpression   : [THYMELEAF][http-nio-8383-exec-5] Evaluating link: "@{'/logout'}"
2026-07-01T16:52:07.524-03:00 TRACE 20444 --- [estoque] [http-nio-8383-exec-5] o.t.s.expression.TextLiteralExpression   : [THYMELEAF][http-nio-8383-exec-5] Evaluating text literal: "'/logout'"
2026-07-01T16:52:07.526-03:00 TRACE 20444 --- [estoque] [http-nio-8383-exec-5] o.t.T.cache.EXPRESSION_CACHE             : [THYMELEAF][http-nio-8383-exec-5][EXPRESSION_CACHE][CACHE_HIT] Cache hit in cache "EXPRESSION_CACHE" for key "expr|${erro}".
2026-07-01T16:52:07.527-03:00 TRACE 20444 --- [estoque] [http-nio-8383-exec-5] o.t.s.expression.VariableExpression      : [THYMELEAF][http-nio-8383-exec-5] Evaluating variable expression: "${erro}"
2026-07-01T16:52:07.527-03:00 TRACE 20444 --- [estoque] [http-nio-8383-exec-5] o.t.s.e.SPELVariableExpressionEvaluator  : [THYMELEAF][http-nio-8383-exec-5] SpringEL expression: evaluating expression "erro" on target
2026-07-01T16:52:07.527-03:00 TRACE 20444 --- [estoque] [http-nio-8383-exec-5] o.t.T.cache.EXPRESSION_CACHE             : [THYMELEAF][http-nio-8383-exec-5][EXPRESSION_CACHE][CACHE_HIT] Cache hit in cache "EXPRESSION_CACHE" for key "expr|${#lists.isEmpty(contas)}".
2026-07-01T16:52:07.528-03:00 TRACE 20444 --- [estoque] [http-nio-8383-exec-5] o.t.s.expression.VariableExpression      : [THYMELEAF][http-nio-8383-exec-5] Evaluating variable expression: "${#lists.isEmpty(contas)}"
2026-07-01T16:52:07.528-03:00 TRACE 20444 --- [estoque] [http-nio-8383-exec-5] o.t.s.e.SPELVariableExpressionEvaluator  : [THYMELEAF][http-nio-8383-exec-5] SpringEL expression: evaluating expression "#lists.isEmpty(contas)" on target
2026-07-01T16:52:07.528-03:00 TRACE 20444 --- [estoque] [http-nio-8383-exec-5] o.t.T.cache.EXPRESSION_CACHE             : [THYMELEAF][http-nio-8383-exec-5][EXPRESSION_CACHE][CACHE_HIT] Cache hit in cache "EXPRESSION_CACHE" for key "each|conta : ${contas}".
2026-07-01T16:52:07.528-03:00 TRACE 20444 --- [estoque] [http-nio-8383-exec-5] o.t.s.expression.GenericTokenExpression  : [THYMELEAF][http-nio-8383-exec-5] Evaluating generic token: "conta"
2026-07-01T16:52:07.528-03:00 TRACE 20444 --- [estoque] [http-nio-8383-exec-5] o.t.s.expression.VariableExpression      : [THYMELEAF][http-nio-8383-exec-5] Evaluating variable expression: "${contas}"
2026-07-01T16:52:07.529-03:00 TRACE 20444 --- [estoque] [http-nio-8383-exec-5] o.t.s.e.SPELVariableExpressionEvaluator  : [THYMELEAF][http-nio-8383-exec-5] SpringEL expression: evaluating expression "contas" on target
2026-07-01T16:52:07.530-03:00 TRACE 20444 --- [estoque] [http-nio-8383-exec-5] o.t.T.cache.EXPRESSION_CACHE             : [THYMELEAF][http-nio-8383-exec-5][EXPRESSION_CACHE][CACHE_HIT] Cache hit in cache "EXPRESSION_CACHE" for key "expr|${conta.id}".
2026-07-01T16:52:07.530-03:00 TRACE 20444 --- [estoque] [http-nio-8383-exec-5] o.t.s.expression.VariableExpression      : [THYMELEAF][http-nio-8383-exec-5] Evaluating variable expression: "${conta.id}"
2026-07-01T16:52:07.530-03:00 TRACE 20444 --- [estoque] [http-nio-8383-exec-5] o.t.s.e.SPELVariableExpressionEvaluator  : [THYMELEAF][http-nio-8383-exec-5] SpringEL expression: evaluating expression "conta.id" on target
2026-07-01T16:52:07.530-03:00 TRACE 20444 --- [estoque] [http-nio-8383-exec-5] o.t.T.cache.EXPRESSION_CACHE             : [THYMELEAF][http-nio-8383-exec-5][EXPRESSION_CACHE][CACHE_HIT] Cache hit in cache "EXPRESSION_CACHE" for key "expr|${conta.fornecedor != null ? conta.fornecedor.razaoSocial : 'SEM FORNECEDOR'}".
2026-07-01T16:52:07.531-03:00 TRACE 20444 --- [estoque] [http-nio-8383-exec-5] o.t.s.expression.VariableExpression      : [THYMELEAF][http-nio-8383-exec-5] Evaluating variable expression: "${conta.fornecedor != null ? conta.fornecedor.razaoSocial : 'SEM FORNECEDOR'}"
2026-07-01T16:52:07.531-03:00 TRACE 20444 --- [estoque] [http-nio-8383-exec-5] o.t.s.e.SPELVariableExpressionEvaluator  : [THYMELEAF][http-nio-8383-exec-5] SpringEL expression: evaluating expression "conta.fornecedor != null ? conta.fornecedor.razaoSocial : 'SEM FORNECEDOR'" on target
2026-07-01T16:52:07.531-03:00 TRACE 20444 --- [estoque] [http-nio-8383-exec-5] o.t.T.cache.EXPRESSION_CACHE             : [THYMELEAF][http-nio-8383-exec-5][EXPRESSION_CACHE][CACHE_HIT] Cache hit in cache "EXPRESSION_CACHE" for key "expr|${#numbers.formatDecimal(conta.valor,1,'POINT',2,'COMMA')}".
2026-07-01T16:52:07.531-03:00 TRACE 20444 --- [estoque] [http-nio-8383-exec-5] o.t.s.expression.VariableExpression      : [THYMELEAF][http-nio-8383-exec-5] Evaluating variable expression: "${#numbers.formatDecimal(conta.valor,1,'POINT',2,'COMMA')}"
2026-07-01T16:52:07.532-03:00 TRACE 20444 --- [estoque] [http-nio-8383-exec-5] o.t.s.e.SPELVariableExpressionEvaluator  : [THYMELEAF][http-nio-8383-exec-5] SpringEL expression: evaluating expression "#numbers.formatDecimal(conta.valor,1,'POINT',2,'COMMA')" on target
2026-07-01T16:52:07.532-03:00 TRACE 20444 --- [estoque] [http-nio-8383-exec-5] o.t.T.cache.EXPRESSION_CACHE             : [THYMELEAF][http-nio-8383-exec-5][EXPRESSION_CACHE][CACHE_HIT] Cache hit in cache "EXPRESSION_CACHE" for key "expr|${conta.valor}".
2026-07-01T16:52:07.532-03:00 TRACE 20444 --- [estoque] [http-nio-8383-exec-5] o.t.s.expression.VariableExpression      : [THYMELEAF][http-nio-8383-exec-5] Evaluating variable expression: "${conta.valor}"
2026-07-01T16:52:07.532-03:00 TRACE 20444 --- [estoque] [http-nio-8383-exec-5] o.t.s.e.SPELVariableExpressionEvaluator  : [THYMELEAF][http-nio-8383-exec-5] SpringEL expression: evaluating expression "conta.valor" on target
2026-07-01T16:52:07.533-03:00 TRACE 20444 --- [estoque] [http-nio-8383-exec-5] o.t.T.cache.EXPRESSION_CACHE             : [THYMELEAF][http-nio-8383-exec-5][EXPRESSION_CACHE][CACHE_HIT] Cache hit in cache "EXPRESSION_CACHE" for key "expr|${#numbers.formatDecimal(conta.valorPago,1,'POINT',2,'COMMA')}".
2026-07-01T16:52:07.533-03:00 TRACE 20444 --- [estoque] [http-nio-8383-exec-5] o.t.s.expression.VariableExpression      : [THYMELEAF][http-nio-8383-exec-5] Evaluating variable expression: "${#numbers.formatDecimal(conta.valorPago,1,'POINT',2,'COMMA')}"
2026-07-01T16:52:07.533-03:00 TRACE 20444 --- [estoque] [http-nio-8383-exec-5] o.t.s.e.SPELVariableExpressionEvaluator  : [THYMELEAF][http-nio-8383-exec-5] SpringEL expression: evaluating expression "#numbers.formatDecimal(conta.valorPago,1,'POINT',2,'COMMA')" on target
2026-07-01T16:52:07.534-03:00 TRACE 20444 --- [estoque] [http-nio-8383-exec-5] o.t.T.cache.EXPRESSION_CACHE             : [THYMELEAF][http-nio-8383-exec-5][EXPRESSION_CACHE][CACHE_HIT] Cache hit in cache "EXPRESSION_CACHE" for key "expr|${conta.valorPago}".
2026-07-01T16:52:07.534-03:00 TRACE 20444 --- [estoque] [http-nio-8383-exec-5] o.t.s.expression.VariableExpression      : [THYMELEAF][http-nio-8383-exec-5] Evaluating variable expression: "${conta.valorPago}"
2026-07-01T16:52:07.534-03:00 TRACE 20444 --- [estoque] [http-nio-8383-exec-5] o.t.s.e.SPELVariableExpressionEvaluator  : [THYMELEAF][http-nio-8383-exec-5] SpringEL expression: evaluating expression "conta.valorPago" on target
2026-07-01T16:52:07.534-03:00 TRACE 20444 --- [estoque] [http-nio-8383-exec-5] o.t.T.cache.EXPRESSION_CACHE             : [THYMELEAF][http-nio-8383-exec-5][EXPRESSION_CACHE][CACHE_HIT] Cache hit in cache "EXPRESSION_CACHE" for key "expr|${#numbers.formatDecimal(conta.saldoDevedor,1,'POINT',2,'COMMA')}".
2026-07-01T16:52:07.534-03:00 TRACE 20444 --- [estoque] [http-nio-8383-exec-5] o.t.s.expression.VariableExpression      : [THYMELEAF][http-nio-8383-exec-5] Evaluating variable expression: "${#numbers.formatDecimal(conta.saldoDevedor,1,'POINT',2,'COMMA')}"
2026-07-01T16:52:07.534-03:00 TRACE 20444 --- [estoque] [http-nio-8383-exec-5] o.t.s.e.SPELVariableExpressionEvaluator  : [THYMELEAF][http-nio-8383-exec-5] SpringEL expression: evaluating expression "#numbers.formatDecimal(conta.saldoDevedor,1,'POINT',2,'COMMA')" on target
2026-07-01T16:52:07.535-03:00 TRACE 20444 --- [estoque] [http-nio-8383-exec-5] o.t.T.cache.EXPRESSION_CACHE             : [THYMELEAF][http-nio-8383-exec-5][EXPRESSION_CACHE][CACHE_HIT] Cache hit in cache "EXPRESSION_CACHE" for key "expr|${conta.status.name() == 'PAGO'}".
2026-07-01T16:52:07.535-03:00 TRACE 20444 --- [estoque] [http-nio-8383-exec-5] o.t.s.expression.VariableExpression      : [THYMELEAF][http-nio-8383-exec-5] Evaluating variable expression: "${conta.status.name() == 'PAGO'}"
2026-07-01T16:52:07.535-03:00 TRACE 20444 --- [estoque] [http-nio-8383-exec-5] o.t.s.e.SPELVariableExpressionEvaluator  : [THYMELEAF][http-nio-8383-exec-5] SpringEL expression: evaluating expression "conta.status.name() == 'PAGO'" on target
2026-07-01T16:52:07.535-03:00 TRACE 20444 --- [estoque] [http-nio-8383-exec-5] o.t.T.cache.EXPRESSION_CACHE             : [THYMELEAF][http-nio-8383-exec-5][EXPRESSION_CACHE][CACHE_HIT] Cache hit in cache "EXPRESSION_CACHE" for key "expr|${conta.status.name() == 'PENDENTE'}".
2026-07-01T16:52:07.535-03:00 TRACE 20444 --- [estoque] [http-nio-8383-exec-5] o.t.s.expression.VariableExpression      : [THYMELEAF][http-nio-8383-exec-5] Evaluating variable expression: "${conta.status.name() == 'PENDENTE'}"
2026-07-01T16:52:07.536-03:00 TRACE 20444 --- [estoque] [http-nio-8383-exec-5] o.t.s.e.SPELVariableExpressionEvaluator  : [THYMELEAF][http-nio-8383-exec-5] SpringEL expression: evaluating expression "conta.status.name() == 'PENDENTE'" on target
2026-07-01T16:52:07.536-03:00 TRACE 20444 --- [estoque] [http-nio-8383-exec-5] o.t.T.cache.EXPRESSION_CACHE             : [THYMELEAF][http-nio-8383-exec-5][EXPRESSION_CACHE][CACHE_HIT] Cache hit in cache "EXPRESSION_CACHE" for key "expr|${conta.status.name() == 'ATRASADO'}".
2026-07-01T16:52:07.536-03:00 TRACE 20444 --- [estoque] [http-nio-8383-exec-5] o.t.s.expression.VariableExpression      : [THYMELEAF][http-nio-8383-exec-5] Evaluating variable expression: "${conta.status.name() == 'ATRASADO'}"
2026-07-01T16:52:07.536-03:00 TRACE 20444 --- [estoque] [http-nio-8383-exec-5] o.t.s.e.SPELVariableExpressionEvaluator  : [THYMELEAF][http-nio-8383-exec-5] SpringEL expression: evaluating expression "conta.status.name() == 'ATRASADO'" on target
2026-07-01T16:52:07.536-03:00 TRACE 20444 --- [estoque] [http-nio-8383-exec-5] o.t.T.cache.EXPRESSION_CACHE             : [THYMELEAF][http-nio-8383-exec-5][EXPRESSION_CACHE][CACHE_HIT] Cache hit in cache "EXPRESSION_CACHE" for key "expr|${conta.status.name() == 'PARCIAL'}".
2026-07-01T16:52:07.536-03:00 TRACE 20444 --- [estoque] [http-nio-8383-exec-5] o.t.s.expression.VariableExpression      : [THYMELEAF][http-nio-8383-exec-5] Evaluating variable expression: "${conta.status.name() == 'PARCIAL'}"
2026-07-01T16:52:07.536-03:00 TRACE 20444 --- [estoque] [http-nio-8383-exec-5] o.t.s.e.SPELVariableExpressionEvaluator  : [THYMELEAF][http-nio-8383-exec-5] SpringEL expression: evaluating expression "conta.status.name() == 'PARCIAL'" on target
2026-07-01T16:52:07.537-03:00 TRACE 20444 --- [estoque] [http-nio-8383-exec-5] o.t.T.cache.EXPRESSION_CACHE             : [THYMELEAF][http-nio-8383-exec-5][EXPRESSION_CACHE][CACHE_HIT] Cache hit in cache "EXPRESSION_CACHE" for key "expr|${conta.dataVencimento}".
2026-07-01T16:52:07.537-03:00 TRACE 20444 --- [estoque] [http-nio-8383-exec-5] o.t.s.expression.VariableExpression      : [THYMELEAF][http-nio-8383-exec-5] Evaluating variable expression: "${conta.dataVencimento}"
2026-07-01T16:52:07.537-03:00 TRACE 20444 --- [estoque] [http-nio-8383-exec-5] o.t.s.e.SPELVariableExpressionEvaluator  : [THYMELEAF][http-nio-8383-exec-5] SpringEL expression: evaluating expression "conta.dataVencimento" on target
2026-07-01T16:52:07.537-03:00 TRACE 20444 --- [estoque] [http-nio-8383-exec-5] o.t.T.cache.EXPRESSION_CACHE             : [THYMELEAF][http-nio-8383-exec-5][EXPRESSION_CACHE][CACHE_HIT] Cache hit in cache "EXPRESSION_CACHE" for key "expr|${conta.dataPagamento != null}".
2026-07-01T16:52:07.537-03:00 TRACE 20444 --- [estoque] [http-nio-8383-exec-5] o.t.s.expression.VariableExpression      : [THYMELEAF][http-nio-8383-exec-5] Evaluating variable expression: "${conta.dataPagamento != null}"
2026-07-01T16:52:07.537-03:00 TRACE 20444 --- [estoque] [http-nio-8383-exec-5] o.t.s.e.SPELVariableExpressionEvaluator  : [THYMELEAF][http-nio-8383-exec-5] SpringEL expression: evaluating expression "conta.dataPagamento != null" on target
2026-07-01T16:52:07.538-03:00 TRACE 20444 --- [estoque] [http-nio-8383-exec-5] o.t.T.cache.EXPRESSION_CACHE             : [THYMELEAF][http-nio-8383-exec-5][EXPRESSION_CACHE][CACHE_HIT] Cache hit in cache "EXPRESSION_CACHE" for key "expr|${#temporals.format(conta.dataPagamento, 'dd/MM/yyyy')}".
2026-07-01T16:52:07.538-03:00 TRACE 20444 --- [estoque] [http-nio-8383-exec-5] o.t.s.expression.VariableExpression      : [THYMELEAF][http-nio-8383-exec-5] Evaluating variable expression: "${#temporals.format(conta.dataPagamento, 'dd/MM/yyyy')}"
2026-07-01T16:52:07.538-03:00 TRACE 20444 --- [estoque] [http-nio-8383-exec-5] o.t.s.e.SPELVariableExpressionEvaluator  : [THYMELEAF][http-nio-8383-exec-5] SpringEL expression: evaluating expression "#temporals.format(conta.dataPagamento, 'dd/MM/yyyy')" on target
2026-07-01T16:52:07.538-03:00 TRACE 20444 --- [estoque] [http-nio-8383-exec-5] o.t.T.cache.EXPRESSION_CACHE             : [THYMELEAF][http-nio-8383-exec-5][EXPRESSION_CACHE][CACHE_HIT] Cache hit in cache "EXPRESSION_CACHE" for key "expr|${conta.dataPagamento == null}".
2026-07-01T16:52:07.538-03:00 TRACE 20444 --- [estoque] [http-nio-8383-exec-5] o.t.s.expression.VariableExpression      : [THYMELEAF][http-nio-8383-exec-5] Evaluating variable expression: "${conta.dataPagamento == null}"
2026-07-01T16:52:07.538-03:00 TRACE 20444 --- [estoque] [http-nio-8383-exec-5] o.t.s.e.SPELVariableExpressionEvaluator  : [THYMELEAF][http-nio-8383-exec-5] SpringEL expression: evaluating expression "conta.dataPagamento == null" on target
2026-07-01T16:52:07.539-03:00 TRACE 20444 --- [estoque] [http-nio-8383-exec-5] o.t.T.cache.EXPRESSION_CACHE             : [THYMELEAF][http-nio-8383-exec-5][EXPRESSION_CACHE][CACHE_HIT] Cache hit in cache "EXPRESSION_CACHE" for key "expr|${conta.dataPagamento}".
2026-07-01T16:52:07.539-03:00 TRACE 20444 --- [estoque] [http-nio-8383-exec-5] o.t.s.expression.VariableExpression      : [THYMELEAF][http-nio-8383-exec-5] Evaluating variable expression: "${conta.dataPagamento}"
2026-07-01T16:52:07.539-03:00 TRACE 20444 --- [estoque] [http-nio-8383-exec-5] o.t.s.e.SPELVariableExpressionEvaluator  : [THYMELEAF][http-nio-8383-exec-5] SpringEL expression: evaluating expression "conta.dataPagamento" on target
2026-07-01T16:52:07.540-03:00 TRACE 20444 --- [estoque] [http-nio-8383-exec-5] o.t.T.cache.EXPRESSION_CACHE             : [THYMELEAF][http-nio-8383-exec-5][EXPRESSION_CACHE][CACHE_HIT] Cache hit in cache "EXPRESSION_CACHE" for key "expr|${conta.status.name() != 'PAGO'}".
2026-07-01T16:52:07.540-03:00 TRACE 20444 --- [estoque] [http-nio-8383-exec-5] o.t.s.expression.VariableExpression      : [THYMELEAF][http-nio-8383-exec-5] Evaluating variable expression: "${conta.status.name() != 'PAGO'}"
2026-07-01T16:52:07.541-03:00 TRACE 20444 --- [estoque] [http-nio-8383-exec-5] o.t.s.e.SPELVariableExpressionEvaluator  : [THYMELEAF][http-nio-8383-exec-5] SpringEL expression: evaluating expression "conta.status.name() != 'PAGO'" on target
2026-07-01T16:52:07.544-03:00 TRACE 20444 --- [estoque] [http-nio-8383-exec-5] o.t.T.cache.EXPRESSION_CACHE             : [THYMELEAF][http-nio-8383-exec-5][EXPRESSION_CACHE][CACHE_HIT] Cache hit in cache "EXPRESSION_CACHE" for key "expr|${conta.status.name() == 'PAGO'}".
2026-07-01T16:52:07.544-03:00 TRACE 20444 --- [estoque] [http-nio-8383-exec-5] o.t.s.expression.VariableExpression      : [THYMELEAF][http-nio-8383-exec-5] Evaluating variable expression: "${conta.status.name() == 'PAGO'}"
2026-07-01T16:52:07.544-03:00 TRACE 20444 --- [estoque] [http-nio-8383-exec-5] o.t.s.e.SPELVariableExpressionEvaluator  : [THYMELEAF][http-nio-8383-exec-5] SpringEL expression: evaluating expression "conta.status.name() == 'PAGO'" on target
2026-07-01T16:52:07.544-03:00 TRACE 20444 --- [estoque] [http-nio-8383-exec-5] o.t.T.cache.EXPRESSION_CACHE             : [THYMELEAF][http-nio-8383-exec-5][EXPRESSION_CACHE][CACHE_HIT] Cache hit in cache "EXPRESSION_CACHE" for key "expr|@{/contas-pagar/atualizar}".
2026-07-01T16:52:07.545-03:00 TRACE 20444 --- [estoque] [http-nio-8383-exec-5] o.t.standard.expression.LinkExpression   : [THYMELEAF][http-nio-8383-exec-5] Evaluating link: "@{'/contas-pagar/atualizar'}"
2026-07-01T16:52:07.545-03:00 TRACE 20444 --- [estoque] [http-nio-8383-exec-5] o.t.s.expression.TextLiteralExpression   : [THYMELEAF][http-nio-8383-exec-5] Evaluating text literal: "'/contas-pagar/atualizar'"
2026-07-01T16:52:07.545-03:00 TRACE 20444 --- [estoque] [http-nio-8383-exec-5] o.t.T.cache.EXPRESSION_CACHE             : [THYMELEAF][http-nio-8383-exec-5][EXPRESSION_CACHE][CACHE_HIT] Cache hit in cache "EXPRESSION_CACHE" for key "expr|${conta.id}".
2026-07-01T16:52:07.546-03:00 TRACE 20444 --- [estoque] [http-nio-8383-exec-5] o.t.s.expression.VariableExpression      : [THYMELEAF][http-nio-8383-exec-5] Evaluating variable expression: "${conta.id}"
2026-07-01T16:52:07.546-03:00 TRACE 20444 --- [estoque] [http-nio-8383-exec-5] o.t.s.e.SPELVariableExpressionEvaluator  : [THYMELEAF][http-nio-8383-exec-5] SpringEL expression: evaluating expression "conta.id" on target
2026-07-01T16:52:07.547-03:00 TRACE 20444 --- [estoque] [http-nio-8383-exec-5] o.t.T.cache.EXPRESSION_CACHE             : [THYMELEAF][http-nio-8383-exec-5][EXPRESSION_CACHE][CACHE_HIT] Cache hit in cache "EXPRESSION_CACHE" for key "expr|@{/contas-pagar/excluir/{id}(id=${conta.id})}".
2026-07-01T16:52:07.547-03:00 TRACE 20444 --- [estoque] [http-nio-8383-exec-5] o.t.standard.expression.LinkExpression   : [THYMELEAF][http-nio-8383-exec-5] Evaluating link: "@{'/contas-pagar/excluir/{id}'(id=${conta.id})}"
2026-07-01T16:52:07.548-03:00 TRACE 20444 --- [estoque] [http-nio-8383-exec-5] o.t.s.expression.TextLiteralExpression   : [THYMELEAF][http-nio-8383-exec-5] Evaluating text literal: "'/contas-pagar/excluir/{id}'"
2026-07-01T16:52:07.548-03:00 TRACE 20444 --- [estoque] [http-nio-8383-exec-5] o.t.s.expression.GenericTokenExpression  : [THYMELEAF][http-nio-8383-exec-5] Evaluating generic token: "id"
2026-07-01T16:52:07.548-03:00 TRACE 20444 --- [estoque] [http-nio-8383-exec-5] o.t.s.expression.VariableExpression      : [THYMELEAF][http-nio-8383-exec-5] Evaluating variable expression: "${conta.id}"
2026-07-01T16:52:07.548-03:00 TRACE 20444 --- [estoque] [http-nio-8383-exec-5] o.t.s.e.SPELVariableExpressionEvaluator  : [THYMELEAF][http-nio-8383-exec-5] SpringEL expression: evaluating expression "conta.id" on target
2026-07-01T16:52:07.548-03:00 TRACE 20444 --- [estoque] [http-nio-8383-exec-5] o.t.T.cache.EXPRESSION_CACHE             : [THYMELEAF][http-nio-8383-exec-5][EXPRESSION_CACHE][CACHE_HIT] Cache hit in cache "EXPRESSION_CACHE" for key "expr|${#lists.isEmpty(conta.pagamentos)}".
2026-07-01T16:52:07.548-03:00 TRACE 20444 --- [estoque] [http-nio-8383-exec-5] o.t.s.expression.VariableExpression      : [THYMELEAF][http-nio-8383-exec-5] Evaluating variable expression: "${#lists.isEmpty(conta.pagamentos)}"
2026-07-01T16:52:07.548-03:00 TRACE 20444 --- [estoque] [http-nio-8383-exec-5] o.t.s.e.SPELVariableExpressionEvaluator  : [THYMELEAF][http-nio-8383-exec-5] SpringEL expression: evaluating expression "#lists.isEmpty(conta.pagamentos)" on target
2026-07-01T16:52:07.552-03:00 TRACE 20444 --- [estoque] [http-nio-8383-exec-5] o.t.T.cache.EXPRESSION_CACHE             : [THYMELEAF][http-nio-8383-exec-5][EXPRESSION_CACHE][CACHE_HIT] Cache hit in cache "EXPRESSION_CACHE" for key "each|pag : ${conta.pagamentos}".
2026-07-01T16:52:07.552-03:00 TRACE 20444 --- [estoque] [http-nio-8383-exec-5] o.t.s.expression.GenericTokenExpression  : [THYMELEAF][http-nio-8383-exec-5] Evaluating generic token: "pag"
2026-07-01T16:52:07.552-03:00 TRACE 20444 --- [estoque] [http-nio-8383-exec-5] o.t.s.expression.VariableExpression      : [THYMELEAF][http-nio-8383-exec-5] Evaluating variable expression: "${conta.pagamentos}"
2026-07-01T16:52:07.552-03:00 TRACE 20444 --- [estoque] [http-nio-8383-exec-5] o.t.s.e.SPELVariableExpressionEvaluator  : [THYMELEAF][http-nio-8383-exec-5] SpringEL expression: evaluating expression "conta.pagamentos" on target
2026-07-01T16:52:07.553-03:00 TRACE 20444 --- [estoque] [http-nio-8383-exec-5] o.t.T.cache.EXPRESSION_CACHE             : [THYMELEAF][http-nio-8383-exec-5][EXPRESSION_CACHE][CACHE_HIT] Cache hit in cache "EXPRESSION_CACHE" for key "expr|${#temporals.format(pag.dataPagamento, 'dd/MM/yyyy HH:mm')}".
2026-07-01T16:52:07.553-03:00 TRACE 20444 --- [estoque] [http-nio-8383-exec-5] o.t.s.expression.VariableExpression      : [THYMELEAF][http-nio-8383-exec-5] Evaluating variable expression: "${#temporals.format(pag.dataPagamento, 'dd/MM/yyyy HH:mm')}"
2026-07-01T16:52:07.553-03:00 TRACE 20444 --- [estoque] [http-nio-8383-exec-5] o.t.s.e.SPELVariableExpressionEvaluator  : [THYMELEAF][http-nio-8383-exec-5] SpringEL expression: evaluating expression "#temporals.format(pag.dataPagamento, 'dd/MM/yyyy HH:mm')" on target
2026-07-01T16:52:07.553-03:00 TRACE 20444 --- [estoque] [http-nio-8383-exec-5] o.t.T.cache.EXPRESSION_CACHE             : [THYMELEAF][http-nio-8383-exec-5][EXPRESSION_CACHE][CACHE_HIT] Cache hit in cache "EXPRESSION_CACHE" for key "expr|${#numbers.formatDecimal(pag.valorPagamento,1,'POINT',2,'COMMA')}".
2026-07-01T16:52:07.554-03:00 TRACE 20444 --- [estoque] [http-nio-8383-exec-5] o.t.s.expression.VariableExpression      : [THYMELEAF][http-nio-8383-exec-5] Evaluating variable expression: "${#numbers.formatDecimal(pag.valorPagamento,1,'POINT',2,'COMMA')}"
2026-07-01T16:52:07.554-03:00 TRACE 20444 --- [estoque] [http-nio-8383-exec-5] o.t.s.e.SPELVariableExpressionEvaluator  : [THYMELEAF][http-nio-8383-exec-5] SpringEL expression: evaluating expression "#numbers.formatDecimal(pag.valorPagamento,1,'POINT',2,'COMMA')" on target
2026-07-01T16:52:07.554-03:00 TRACE 20444 --- [estoque] [http-nio-8383-exec-5] org.thymeleaf.TemplateEngine             : [THYMELEAF][http-nio-8383-exec-5] FINISHED PROCESS AND OUTPUT OF TEMPLATE "contaspagar" WITH LOCALE pt_BR
2026-07-01T16:52:07.554-03:00 TRACE 20444 --- [estoque] [http-nio-8383-exec-5] org.thymeleaf.TemplateEngine.TIMER       : [THYMELEAF][http-nio-8383-exec-5][contaspagar][pt_BR][42242600][42] TEMPLATE "contaspagar" WITH LOCALE pt_BR PROCESSED IN 42242600 nanoseconds (approx. 42ms)
2026-07-01T16:52:07.555-03:00 DEBUG 20444 --- [estoque] [http-nio-8383-exec-5] o.s.web.servlet.DispatcherServlet        : Completed 200 OK
2026-07-01T16:52:12.726-03:00 DEBUG 20444 --- [estoque] [http-nio-8383-exec-8] o.s.web.servlet.DispatcherServlet        : GET "/usuarios", parameters={}
2026-07-01T16:52:12.727-03:00 DEBUG 20444 --- [estoque] [http-nio-8383-exec-8] s.w.s.m.m.a.RequestMappingHandlerMapping : Mapped to com.expedicao.estoque.controller.UsuarioController#listar(Model)
2026-07-01T16:52:12.736-03:00 TRACE 20444 --- [estoque] [http-nio-8383-exec-8] o.t.spring6.view.ThymeleafViewResolver   : [THYMELEAF] View usuarios/lista will be handled by ThymeleafViewResolver and a ThymeleafView instance will be created for it
2026-07-01T16:52:12.737-03:00 TRACE 20444 --- [estoque] [http-nio-8383-exec-8] o.t.spring6.view.ThymeleafViewResolver   : [THYMELEAF] View usuarios/lista.xml will be handled by ThymeleafViewResolver and a ThymeleafView instance will be created for it
2026-07-01T16:52:12.738-03:00 DEBUG 20444 --- [estoque] [http-nio-8383-exec-8] o.s.w.s.v.ContentNegotiatingViewResolver : Selected 'text/html' given [text/html, application/xhtml+xml, image/avif, image/webp, image/apng, application/xml;q=0.9, */*;q=0.8, application/signed-exchange;v=b3;q=0.7]
2026-07-01T16:52:12.738-03:00 TRACE 20444 --- [estoque] [http-nio-8383-exec-8] org.thymeleaf.TemplateEngine             : [THYMELEAF][http-nio-8383-exec-8] STARTING PROCESS OF TEMPLATE "usuarios/lista" WITH LOCALE pt_BR
2026-07-01T16:52:12.738-03:00 TRACE 20444 --- [estoque] [http-nio-8383-exec-8] o.t.TemplateEngine.cache.TEMPLATE_CACHE  : [THYMELEAF][http-nio-8383-exec-8][TEMPLATE_CACHE][CACHE_MISS] Cache miss in cache "TEMPLATE_CACHE" for key "usuarios/lista".
2026-07-01T16:52:12.739-03:00 TRACE 20444 --- [estoque] [http-nio-8383-exec-8] org.thymeleaf.engine.TemplateManager     : [THYMELEAF][http-nio-8383-exec-8] Template resolver match! Resolver "org.thymeleaf.spring6.templateresolver.SpringResourceTemplateResolver" will resolve template "usuarios/lista"
2026-07-01T16:52:12.742-03:00 TRACE 20444 --- [estoque] [http-nio-8383-exec-8] o.t.e.springsecurity6.auth.AuthUtils     : [THYMELEAF][http-nio-8383-exec-8] Obtaining authentication object.
2026-07-01T16:52:12.743-03:00 TRACE 20444 --- [estoque] [http-nio-8383-exec-8] o.t.e.springsecurity6.auth.AuthUtils     : [THYMELEAF][http-nio-8383-exec-8] Authentication object of class org.springframework.security.authentication.UsernamePasswordAuthenticationToken found in context for user "master".
2026-07-01T16:52:12.745-03:00 TRACE 20444 --- [estoque] [http-nio-8383-exec-8] o.t.e.springsecurity6.auth.AuthUtils     : [THYMELEAF][http-nio-8383-exec-8] Checking authorization using access expression "hasRole('MASTER')" for user "master".
2026-07-01T16:52:12.747-03:00 TRACE 20444 --- [estoque] [http-nio-8383-exec-8] o.t.e.springsecurity6.auth.AuthUtils     : [THYMELEAF][http-nio-8383-exec-8] Checked authorization using access expression "hasRole('MASTER')" for user "master". Access GRANTED.
2026-07-01T16:52:12.748-03:00 TRACE 20444 --- [estoque] [http-nio-8383-exec-8] o.t.e.springsecurity6.auth.AuthUtils     : [THYMELEAF][http-nio-8383-exec-8] Obtaining authentication object.
2026-07-01T16:52:12.748-03:00 TRACE 20444 --- [estoque] [http-nio-8383-exec-8] o.t.e.springsecurity6.auth.AuthUtils     : [THYMELEAF][http-nio-8383-exec-8] Authentication object of class org.springframework.security.authentication.UsernamePasswordAuthenticationToken found in context for user "master".
2026-07-01T16:52:12.748-03:00 TRACE 20444 --- [estoque] [http-nio-8383-exec-8] o.t.e.springsecurity6.auth.AuthUtils     : [THYMELEAF][http-nio-8383-exec-8] Checking authorization using access expression "hasAnyRole('CLIENTES','MASTER')" for user "master".
2026-07-01T16:52:12.749-03:00 TRACE 20444 --- [estoque] [http-nio-8383-exec-8] o.t.e.springsecurity6.auth.AuthUtils     : [THYMELEAF][http-nio-8383-exec-8] Checked authorization using access expression "hasAnyRole('CLIENTES','MASTER')" for user "master". Access GRANTED.
2026-07-01T16:52:12.749-03:00 TRACE 20444 --- [estoque] [http-nio-8383-exec-8] o.t.e.springsecurity6.auth.AuthUtils     : [THYMELEAF][http-nio-8383-exec-8] Obtaining authentication object.
2026-07-01T16:52:12.749-03:00 TRACE 20444 --- [estoque] [http-nio-8383-exec-8] o.t.e.springsecurity6.auth.AuthUtils     : [THYMELEAF][http-nio-8383-exec-8] Authentication object of class org.springframework.security.authentication.UsernamePasswordAuthenticationToken found in context for user "master".
2026-07-01T16:52:12.749-03:00 TRACE 20444 --- [estoque] [http-nio-8383-exec-8] o.t.e.springsecurity6.auth.AuthUtils     : [THYMELEAF][http-nio-8383-exec-8] Checking authorization using access expression "hasAnyRole('PRODUTO','MASTER')" for user "master".
2026-07-01T16:52:12.750-03:00 TRACE 20444 --- [estoque] [http-nio-8383-exec-8] o.t.e.springsecurity6.auth.AuthUtils     : [THYMELEAF][http-nio-8383-exec-8] Checked authorization using access expression "hasAnyRole('PRODUTO','MASTER')" for user "master". Access GRANTED.
2026-07-01T16:52:12.750-03:00 TRACE 20444 --- [estoque] [http-nio-8383-exec-8] o.t.e.springsecurity6.auth.AuthUtils     : [THYMELEAF][http-nio-8383-exec-8] Obtaining authentication object.
2026-07-01T16:52:12.750-03:00 TRACE 20444 --- [estoque] [http-nio-8383-exec-8] o.t.e.springsecurity6.auth.AuthUtils     : [THYMELEAF][http-nio-8383-exec-8] Authentication object of class org.springframework.security.authentication.UsernamePasswordAuthenticationToken found in context for user "master".
2026-07-01T16:52:12.750-03:00 TRACE 20444 --- [estoque] [http-nio-8383-exec-8] o.t.e.springsecurity6.auth.AuthUtils     : [THYMELEAF][http-nio-8383-exec-8] Checking authorization using access expression "hasAnyRole('ESTOQUE','MASTER')" for user "master".
2026-07-01T16:52:12.751-03:00 TRACE 20444 --- [estoque] [http-nio-8383-exec-8] o.t.e.springsecurity6.auth.AuthUtils     : [THYMELEAF][http-nio-8383-exec-8] Checked authorization using access expression "hasAnyRole('ESTOQUE','MASTER')" for user "master". Access GRANTED.
2026-07-01T16:52:12.751-03:00 TRACE 20444 --- [estoque] [http-nio-8383-exec-8] o.t.e.springsecurity6.auth.AuthUtils     : [THYMELEAF][http-nio-8383-exec-8] Obtaining authentication object.
2026-07-01T16:52:12.751-03:00 TRACE 20444 --- [estoque] [http-nio-8383-exec-8] o.t.e.springsecurity6.auth.AuthUtils     : [THYMELEAF][http-nio-8383-exec-8] Authentication object of class org.springframework.security.authentication.UsernamePasswordAuthenticationToken found in context for user "master".
2026-07-01T16:52:12.751-03:00 TRACE 20444 --- [estoque] [http-nio-8383-exec-8] o.t.e.springsecurity6.auth.AuthUtils     : [THYMELEAF][http-nio-8383-exec-8] Checking authorization using access expression "hasAnyRole('VENDAS','MASTER')" for user "master".
2026-07-01T16:52:12.752-03:00 TRACE 20444 --- [estoque] [http-nio-8383-exec-8] o.t.e.springsecurity6.auth.AuthUtils     : [THYMELEAF][http-nio-8383-exec-8] Checked authorization using access expression "hasAnyRole('VENDAS','MASTER')" for user "master". Access GRANTED.
2026-07-01T16:52:12.752-03:00 TRACE 20444 --- [estoque] [http-nio-8383-exec-8] o.t.e.springsecurity6.auth.AuthUtils     : [THYMELEAF][http-nio-8383-exec-8] Obtaining authentication object.
2026-07-01T16:52:12.752-03:00 TRACE 20444 --- [estoque] [http-nio-8383-exec-8] o.t.e.springsecurity6.auth.AuthUtils     : [THYMELEAF][http-nio-8383-exec-8] Authentication object of class org.springframework.security.authentication.UsernamePasswordAuthenticationToken found in context for user "master".
2026-07-01T16:52:12.753-03:00 TRACE 20444 --- [estoque] [http-nio-8383-exec-8] o.t.e.springsecurity6.auth.AuthUtils     : [THYMELEAF][http-nio-8383-exec-8] Checking authorization using access expression "hasAnyRole('FINANCEIRO','MASTER')" for user "master".
2026-07-01T16:52:12.753-03:00 TRACE 20444 --- [estoque] [http-nio-8383-exec-8] o.t.e.springsecurity6.auth.AuthUtils     : [THYMELEAF][http-nio-8383-exec-8] Checked authorization using access expression "hasAnyRole('FINANCEIRO','MASTER')" for user "master". Access GRANTED.
2026-07-01T16:52:12.754-03:00 TRACE 20444 --- [estoque] [http-nio-8383-exec-8] o.t.e.springsecurity6.auth.AuthUtils     : [THYMELEAF][http-nio-8383-exec-8] Obtaining authentication object.
2026-07-01T16:52:12.754-03:00 TRACE 20444 --- [estoque] [http-nio-8383-exec-8] o.t.e.springsecurity6.auth.AuthUtils     : [THYMELEAF][http-nio-8383-exec-8] Authentication object of class org.springframework.security.authentication.UsernamePasswordAuthenticationToken found in context for user "master".
2026-07-01T16:52:12.754-03:00 TRACE 20444 --- [estoque] [http-nio-8383-exec-8] o.t.e.springsecurity6.auth.AuthUtils     : [THYMELEAF][http-nio-8383-exec-8] Checking authorization using access expression "hasAnyRole('FINANCEIRO','MASTER')" for user "master".
2026-07-01T16:52:12.755-03:00 TRACE 20444 --- [estoque] [http-nio-8383-exec-8] o.t.e.springsecurity6.auth.AuthUtils     : [THYMELEAF][http-nio-8383-exec-8] Checked authorization using access expression "hasAnyRole('FINANCEIRO','MASTER')" for user "master". Access GRANTED.
2026-07-01T16:52:12.756-03:00 TRACE 20444 --- [estoque] [http-nio-8383-exec-8] o.t.T.cache.EXPRESSION_CACHE             : [THYMELEAF][http-nio-8383-exec-8][EXPRESSION_CACHE][CACHE_HIT] Cache hit in cache "EXPRESSION_CACHE" for key "expr|@{/logout}".
2026-07-01T16:52:12.756-03:00 TRACE 20444 --- [estoque] [http-nio-8383-exec-8] o.t.standard.expression.LinkExpression   : [THYMELEAF][http-nio-8383-exec-8] Evaluating link: "@{'/logout'}"
2026-07-01T16:52:12.756-03:00 TRACE 20444 --- [estoque] [http-nio-8383-exec-8] o.t.s.expression.TextLiteralExpression   : [THYMELEAF][http-nio-8383-exec-8] Evaluating text literal: "'/logout'"
2026-07-01T16:52:12.757-03:00 TRACE 20444 --- [estoque] [http-nio-8383-exec-8] o.t.e.springsecurity6.auth.AuthUtils     : [THYMELEAF][http-nio-8383-exec-8] Obtaining authentication object.
2026-07-01T16:52:12.758-03:00 TRACE 20444 --- [estoque] [http-nio-8383-exec-8] o.t.e.springsecurity6.auth.AuthUtils     : [THYMELEAF][http-nio-8383-exec-8] Authentication object of class org.springframework.security.authentication.UsernamePasswordAuthenticationToken found in context for user "master".
2026-07-01T16:52:12.758-03:00 TRACE 20444 --- [estoque] [http-nio-8383-exec-8] o.t.e.springsecurity6.auth.AuthUtils     : [THYMELEAF][http-nio-8383-exec-8] Checking authorization using access expression "hasRole('MASTER')" for user "master".
2026-07-01T16:52:12.759-03:00 TRACE 20444 --- [estoque] [http-nio-8383-exec-8] o.t.e.springsecurity6.auth.AuthUtils     : [THYMELEAF][http-nio-8383-exec-8] Checked authorization using access expression "hasRole('MASTER')" for user "master". Access GRANTED.
2026-07-01T16:52:12.761-03:00 TRACE 20444 --- [estoque] [http-nio-8383-exec-8] o.t.T.cache.EXPRESSION_CACHE             : [THYMELEAF][http-nio-8383-exec-8][EXPRESSION_CACHE][CACHE_MISS] Cache miss in cache "EXPRESSION_CACHE" for key "each|u : ${usuarios}".
2026-07-01T16:52:12.762-03:00 TRACE 20444 --- [estoque] [http-nio-8383-exec-8] o.t.T.cache.EXPRESSION_CACHE             : [THYMELEAF][http-nio-8383-exec-8][EXPRESSION_CACHE][CACHE_ADD][230] Adding cache entry in cache "EXPRESSION_CACHE" for key "each|u : ${usuarios}". New size is 230.
2026-07-01T16:52:12.763-03:00 TRACE 20444 --- [estoque] [http-nio-8383-exec-8] o.t.s.expression.GenericTokenExpression  : [THYMELEAF][http-nio-8383-exec-8] Evaluating generic token: "u"
2026-07-01T16:52:12.763-03:00 TRACE 20444 --- [estoque] [http-nio-8383-exec-8] o.t.s.expression.VariableExpression      : [THYMELEAF][http-nio-8383-exec-8] Evaluating variable expression: "${usuarios}"
2026-07-01T16:52:12.764-03:00 TRACE 20444 --- [estoque] [http-nio-8383-exec-8] o.t.s.e.SPELVariableExpressionEvaluator  : [THYMELEAF][http-nio-8383-exec-8] SpringEL expression: evaluating expression "usuarios" on target
2026-07-01T16:52:12.764-03:00 TRACE 20444 --- [estoque] [http-nio-8383-exec-8] o.t.T.cache.EXPRESSION_CACHE             : [THYMELEAF][http-nio-8383-exec-8][EXPRESSION_CACHE][CACHE_MISS] Cache miss in cache "EXPRESSION_CACHE" for key "spel|usuarios".
2026-07-01T16:52:12.764-03:00 TRACE 20444 --- [estoque] [http-nio-8383-exec-8] o.t.T.cache.EXPRESSION_CACHE             : [THYMELEAF][http-nio-8383-exec-8][EXPRESSION_CACHE][CACHE_ADD][231] Adding cache entry in cache "EXPRESSION_CACHE" for key "spel|usuarios". New size is 231.
2026-07-01T16:52:12.765-03:00 TRACE 20444 --- [estoque] [http-nio-8383-exec-8] o.t.T.cache.EXPRESSION_CACHE             : [THYMELEAF][http-nio-8383-exec-8][EXPRESSION_CACHE][CACHE_MISS] Cache miss in cache "EXPRESSION_CACHE" for key "expr|${u.username}".
2026-07-01T16:52:12.765-03:00 TRACE 20444 --- [estoque] [http-nio-8383-exec-8] o.t.T.cache.EXPRESSION_CACHE             : [THYMELEAF][http-nio-8383-exec-8][EXPRESSION_CACHE][CACHE_ADD][232] Adding cache entry in cache "EXPRESSION_CACHE" for key "expr|${u.username}". New size is 232.
2026-07-01T16:52:12.765-03:00 TRACE 20444 --- [estoque] [http-nio-8383-exec-8] o.t.s.expression.VariableExpression      : [THYMELEAF][http-nio-8383-exec-8] Evaluating variable expression: "${u.username}"
2026-07-01T16:52:12.765-03:00 TRACE 20444 --- [estoque] [http-nio-8383-exec-8] o.t.s.e.SPELVariableExpressionEvaluator  : [THYMELEAF][http-nio-8383-exec-8] SpringEL expression: evaluating expression "u.username" on target
2026-07-01T16:52:12.765-03:00 TRACE 20444 --- [estoque] [http-nio-8383-exec-8] o.t.T.cache.EXPRESSION_CACHE             : [THYMELEAF][http-nio-8383-exec-8][EXPRESSION_CACHE][CACHE_MISS] Cache miss in cache "EXPRESSION_CACHE" for key "spel|u.username".
2026-07-01T16:52:12.766-03:00 TRACE 20444 --- [estoque] [http-nio-8383-exec-8] o.t.T.cache.EXPRESSION_CACHE             : [THYMELEAF][http-nio-8383-exec-8][EXPRESSION_CACHE][CACHE_ADD][233] Adding cache entry in cache "EXPRESSION_CACHE" for key "spel|u.username". New size is 233.
2026-07-01T16:52:12.766-03:00 TRACE 20444 --- [estoque] [http-nio-8383-exec-8] o.t.T.cache.EXPRESSION_CACHE             : [THYMELEAF][http-nio-8383-exec-8][EXPRESSION_CACHE][CACHE_MISS] Cache miss in cache "EXPRESSION_CACHE" for key "each|p : ${u.perfis}".
2026-07-01T16:52:12.766-03:00 TRACE 20444 --- [estoque] [http-nio-8383-exec-8] o.t.T.cache.EXPRESSION_CACHE             : [THYMELEAF][http-nio-8383-exec-8][EXPRESSION_CACHE][CACHE_ADD][234] Adding cache entry in cache "EXPRESSION_CACHE" for key "each|p : ${u.perfis}". New size is 234.
2026-07-01T16:52:12.766-03:00 TRACE 20444 --- [estoque] [http-nio-8383-exec-8] o.t.s.expression.GenericTokenExpression  : [THYMELEAF][http-nio-8383-exec-8] Evaluating generic token: "p"
2026-07-01T16:52:12.766-03:00 TRACE 20444 --- [estoque] [http-nio-8383-exec-8] o.t.s.expression.VariableExpression      : [THYMELEAF][http-nio-8383-exec-8] Evaluating variable expression: "${u.perfis}"
2026-07-01T16:52:12.767-03:00 TRACE 20444 --- [estoque] [http-nio-8383-exec-8] o.t.s.e.SPELVariableExpressionEvaluator  : [THYMELEAF][http-nio-8383-exec-8] SpringEL expression: evaluating expression "u.perfis" on target
2026-07-01T16:52:12.767-03:00 TRACE 20444 --- [estoque] [http-nio-8383-exec-8] o.t.T.cache.EXPRESSION_CACHE             : [THYMELEAF][http-nio-8383-exec-8][EXPRESSION_CACHE][CACHE_MISS] Cache miss in cache "EXPRESSION_CACHE" for key "spel|u.perfis".
2026-07-01T16:52:12.767-03:00 TRACE 20444 --- [estoque] [http-nio-8383-exec-8] o.t.T.cache.EXPRESSION_CACHE             : [THYMELEAF][http-nio-8383-exec-8][EXPRESSION_CACHE][CACHE_ADD][235] Adding cache entry in cache "EXPRESSION_CACHE" for key "spel|u.perfis". New size is 235.
2026-07-01T16:52:12.767-03:00 TRACE 20444 --- [estoque] [http-nio-8383-exec-8] o.t.T.cache.EXPRESSION_CACHE             : [THYMELEAF][http-nio-8383-exec-8][EXPRESSION_CACHE][CACHE_HIT] Cache hit in cache "EXPRESSION_CACHE" for key "expr|${p.nome}".
2026-07-01T16:52:12.767-03:00 TRACE 20444 --- [estoque] [http-nio-8383-exec-8] o.t.s.expression.VariableExpression      : [THYMELEAF][http-nio-8383-exec-8] Evaluating variable expression: "${p.nome}"
2026-07-01T16:52:12.768-03:00 TRACE 20444 --- [estoque] [http-nio-8383-exec-8] o.t.s.e.SPELVariableExpressionEvaluator  : [THYMELEAF][http-nio-8383-exec-8] SpringEL expression: evaluating expression "p.nome" on target
2026-07-01T16:52:12.768-03:00 TRACE 20444 --- [estoque] [http-nio-8383-exec-8] o.t.T.cache.EXPRESSION_CACHE             : [THYMELEAF][http-nio-8383-exec-8][EXPRESSION_CACHE][CACHE_MISS] Cache miss in cache "EXPRESSION_CACHE" for key "expr|${u.ativo} ? 'badge badge-success' : 'badge badge-danger'".
2026-07-01T16:52:12.768-03:00 TRACE 20444 --- [estoque] [http-nio-8383-exec-8] o.t.T.cache.EXPRESSION_CACHE             : [THYMELEAF][http-nio-8383-exec-8][EXPRESSION_CACHE][CACHE_ADD][236] Adding cache entry in cache "EXPRESSION_CACHE" for key "expr|${u.ativo} ? 'badge badge-success' : 'badge badge-danger'". New size is 236.
2026-07-01T16:52:12.768-03:00 TRACE 20444 --- [estoque] [http-nio-8383-exec-8] o.t.s.expression.ConditionalExpression   : [THYMELEAF][http-nio-8383-exec-8] Evaluating conditional expression: "${u.ativo}? 'badge badge-success' : 'badge badge-danger'"
2026-07-01T16:52:12.768-03:00 TRACE 20444 --- [estoque] [http-nio-8383-exec-8] o.t.s.expression.VariableExpression      : [THYMELEAF][http-nio-8383-exec-8] Evaluating variable expression: "${u.ativo}"
2026-07-01T16:52:12.768-03:00 TRACE 20444 --- [estoque] [http-nio-8383-exec-8] o.t.s.e.SPELVariableExpressionEvaluator  : [THYMELEAF][http-nio-8383-exec-8] SpringEL expression: evaluating expression "u.ativo" on target
2026-07-01T16:52:12.769-03:00 TRACE 20444 --- [estoque] [http-nio-8383-exec-8] o.t.T.cache.EXPRESSION_CACHE             : [THYMELEAF][http-nio-8383-exec-8][EXPRESSION_CACHE][CACHE_MISS] Cache miss in cache "EXPRESSION_CACHE" for key "spel|u.ativo".
2026-07-01T16:52:12.769-03:00 TRACE 20444 --- [estoque] [http-nio-8383-exec-8] o.t.T.cache.EXPRESSION_CACHE             : [THYMELEAF][http-nio-8383-exec-8][EXPRESSION_CACHE][CACHE_ADD][237] Adding cache entry in cache "EXPRESSION_CACHE" for key "spel|u.ativo". New size is 237.
2026-07-01T16:52:12.769-03:00 TRACE 20444 --- [estoque] [http-nio-8383-exec-8] o.t.s.expression.TextLiteralExpression   : [THYMELEAF][http-nio-8383-exec-8] Evaluating text literal: "'badge badge-success'"
2026-07-01T16:52:12.769-03:00 TRACE 20444 --- [estoque] [http-nio-8383-exec-8] o.t.T.cache.EXPRESSION_CACHE             : [THYMELEAF][http-nio-8383-exec-8][EXPRESSION_CACHE][CACHE_MISS] Cache miss in cache "EXPRESSION_CACHE" for key "expr|${u.ativo ? 'Ativo' : 'Inativo'}".
2026-07-01T16:52:12.770-03:00 TRACE 20444 --- [estoque] [http-nio-8383-exec-8] o.t.T.cache.EXPRESSION_CACHE             : [THYMELEAF][http-nio-8383-exec-8][EXPRESSION_CACHE][CACHE_ADD][238] Adding cache entry in cache "EXPRESSION_CACHE" for key "expr|${u.ativo ? 'Ativo' : 'Inativo'}". New size is 238.
2026-07-01T16:52:12.770-03:00 TRACE 20444 --- [estoque] [http-nio-8383-exec-8] o.t.s.expression.VariableExpression      : [THYMELEAF][http-nio-8383-exec-8] Evaluating variable expression: "${u.ativo ? 'Ativo' : 'Inativo'}"
2026-07-01T16:52:12.770-03:00 TRACE 20444 --- [estoque] [http-nio-8383-exec-8] o.t.s.e.SPELVariableExpressionEvaluator  : [THYMELEAF][http-nio-8383-exec-8] SpringEL expression: evaluating expression "u.ativo ? 'Ativo' : 'Inativo'" on target
2026-07-01T16:52:12.770-03:00 TRACE 20444 --- [estoque] [http-nio-8383-exec-8] o.t.T.cache.EXPRESSION_CACHE             : [THYMELEAF][http-nio-8383-exec-8][EXPRESSION_CACHE][CACHE_MISS] Cache miss in cache "EXPRESSION_CACHE" for key "spel|u.ativo ? 'Ativo' : 'Inativo'".
2026-07-01T16:52:12.770-03:00 TRACE 20444 --- [estoque] [http-nio-8383-exec-8] o.t.T.cache.EXPRESSION_CACHE             : [THYMELEAF][http-nio-8383-exec-8][EXPRESSION_CACHE][CACHE_ADD][239] Adding cache entry in cache "EXPRESSION_CACHE" for key "spel|u.ativo ? 'Ativo' : 'Inativo'". New size is 239.
2026-07-01T16:52:12.770-03:00 TRACE 20444 --- [estoque] [http-nio-8383-exec-8] o.t.s.expression.VariableExpression      : [THYMELEAF][http-nio-8383-exec-8] Evaluating variable expression: "${u.username}"
2026-07-01T16:52:12.770-03:00 TRACE 20444 --- [estoque] [http-nio-8383-exec-8] o.t.s.e.SPELVariableExpressionEvaluator  : [THYMELEAF][http-nio-8383-exec-8] SpringEL expression: evaluating expression "u.username" on target
2026-07-01T16:52:12.771-03:00 TRACE 20444 --- [estoque] [http-nio-8383-exec-8] o.t.T.cache.EXPRESSION_CACHE             : [THYMELEAF][http-nio-8383-exec-8][EXPRESSION_CACHE][CACHE_HIT] Cache hit in cache "EXPRESSION_CACHE" for key "each|p : ${u.perfis}".
2026-07-01T16:52:12.771-03:00 TRACE 20444 --- [estoque] [http-nio-8383-exec-8] o.t.s.expression.GenericTokenExpression  : [THYMELEAF][http-nio-8383-exec-8] Evaluating generic token: "p"
2026-07-01T16:52:12.771-03:00 TRACE 20444 --- [estoque] [http-nio-8383-exec-8] o.t.s.expression.VariableExpression      : [THYMELEAF][http-nio-8383-exec-8] Evaluating variable expression: "${u.perfis}"
2026-07-01T16:52:12.771-03:00 TRACE 20444 --- [estoque] [http-nio-8383-exec-8] o.t.s.e.SPELVariableExpressionEvaluator  : [THYMELEAF][http-nio-8383-exec-8] SpringEL expression: evaluating expression "u.perfis" on target
2026-07-01T16:52:12.771-03:00 TRACE 20444 --- [estoque] [http-nio-8383-exec-8] o.t.s.expression.VariableExpression      : [THYMELEAF][http-nio-8383-exec-8] Evaluating variable expression: "${p.nome}"
2026-07-01T16:52:12.771-03:00 TRACE 20444 --- [estoque] [http-nio-8383-exec-8] o.t.s.e.SPELVariableExpressionEvaluator  : [THYMELEAF][http-nio-8383-exec-8] SpringEL expression: evaluating expression "p.nome" on target
2026-07-01T16:52:12.772-03:00 TRACE 20444 --- [estoque] [http-nio-8383-exec-8] o.t.s.expression.ConditionalExpression   : [THYMELEAF][http-nio-8383-exec-8] Evaluating conditional expression: "${u.ativo}? 'badge badge-success' : 'badge badge-danger'"
2026-07-01T16:52:12.772-03:00 TRACE 20444 --- [estoque] [http-nio-8383-exec-8] o.t.s.expression.VariableExpression      : [THYMELEAF][http-nio-8383-exec-8] Evaluating variable expression: "${u.ativo}"
2026-07-01T16:52:12.772-03:00 TRACE 20444 --- [estoque] [http-nio-8383-exec-8] o.t.s.e.SPELVariableExpressionEvaluator  : [THYMELEAF][http-nio-8383-exec-8] SpringEL expression: evaluating expression "u.ativo" on target
2026-07-01T16:52:12.772-03:00 TRACE 20444 --- [estoque] [http-nio-8383-exec-8] o.t.s.expression.TextLiteralExpression   : [THYMELEAF][http-nio-8383-exec-8] Evaluating text literal: "'badge badge-success'"
2026-07-01T16:52:12.772-03:00 TRACE 20444 --- [estoque] [http-nio-8383-exec-8] o.t.s.expression.VariableExpression      : [THYMELEAF][http-nio-8383-exec-8] Evaluating variable expression: "${u.ativo ? 'Ativo' : 'Inativo'}"
2026-07-01T16:52:12.772-03:00 TRACE 20444 --- [estoque] [http-nio-8383-exec-8] o.t.s.e.SPELVariableExpressionEvaluator  : [THYMELEAF][http-nio-8383-exec-8] SpringEL expression: evaluating expression "u.ativo ? 'Ativo' : 'Inativo'" on target
2026-07-01T16:52:12.772-03:00 TRACE 20444 --- [estoque] [http-nio-8383-exec-8] o.t.T.cache.EXPRESSION_CACHE             : [THYMELEAF][http-nio-8383-exec-8][EXPRESSION_CACHE][CACHE_MISS] Cache miss in cache "EXPRESSION_CACHE" for key "expr|${#lists.isEmpty(usuarios)}".
2026-07-01T16:52:12.773-03:00 TRACE 20444 --- [estoque] [http-nio-8383-exec-8] o.t.T.cache.EXPRESSION_CACHE             : [THYMELEAF][http-nio-8383-exec-8][EXPRESSION_CACHE][CACHE_ADD][240] Adding cache entry in cache "EXPRESSION_CACHE" for key "expr|${#lists.isEmpty(usuarios)}". New size is 240.
2026-07-01T16:52:12.773-03:00 TRACE 20444 --- [estoque] [http-nio-8383-exec-8] o.t.s.expression.VariableExpression      : [THYMELEAF][http-nio-8383-exec-8] Evaluating variable expression: "${#lists.isEmpty(usuarios)}"
2026-07-01T16:52:12.773-03:00 TRACE 20444 --- [estoque] [http-nio-8383-exec-8] o.t.s.e.SPELVariableExpressionEvaluator  : [THYMELEAF][http-nio-8383-exec-8] SpringEL expression: evaluating expression "#lists.isEmpty(usuarios)" on target
2026-07-01T16:52:12.773-03:00 TRACE 20444 --- [estoque] [http-nio-8383-exec-8] o.t.T.cache.EXPRESSION_CACHE             : [THYMELEAF][http-nio-8383-exec-8][EXPRESSION_CACHE][CACHE_MISS] Cache miss in cache "EXPRESSION_CACHE" for key "spel|#lists.isEmpty(usuarios)".
2026-07-01T16:52:12.773-03:00 TRACE 20444 --- [estoque] [http-nio-8383-exec-8] o.t.T.cache.EXPRESSION_CACHE             : [THYMELEAF][http-nio-8383-exec-8][EXPRESSION_CACHE][CACHE_ADD][241] Adding cache entry in cache "EXPRESSION_CACHE" for key "spel|#lists.isEmpty(usuarios)". New size is 241.
2026-07-01T16:52:12.775-03:00 TRACE 20444 --- [estoque] [http-nio-8383-exec-8] org.thymeleaf.TemplateEngine             : [THYMELEAF][http-nio-8383-exec-8] FINISHED PROCESS AND OUTPUT OF TEMPLATE "usuarios/lista" WITH LOCALE pt_BR
2026-07-01T16:52:12.775-03:00 TRACE 20444 --- [estoque] [http-nio-8383-exec-8] org.thymeleaf.TemplateEngine.TIMER       : [THYMELEAF][http-nio-8383-exec-8][usuarios/lista][pt_BR][35714900][36] TEMPLATE "usuarios/lista" WITH LOCALE pt_BR PROCESSED IN 35714900 nanoseconds (approx. 36ms)
2026-07-01T16:52:12.778-03:00 DEBUG 20444 --- [estoque] [http-nio-8383-exec-8] o.s.web.servlet.DispatcherServlet        : Completed 200 OK
2026-07-01T16:52:18.442-03:00 DEBUG 20444 --- [estoque] [http-nio-8383-exec-9] o.s.web.servlet.DispatcherServlet        : GET "/financeiro", parameters={}
2026-07-01T16:52:18.443-03:00 DEBUG 20444 --- [estoque] [http-nio-8383-exec-9] s.w.s.m.m.a.RequestMappingHandlerMapping : Mapped to com.expedicao.estoque.controller.FinanceiroController#financeiro()
2026-07-01T16:52:18.444-03:00 TRACE 20444 --- [estoque] [http-nio-8383-exec-9] o.t.spring6.view.ThymeleafViewResolver   : [THYMELEAF] View financeiro will be handled by ThymeleafViewResolver and a ThymeleafView instance will be created for it
2026-07-01T16:52:18.446-03:00 TRACE 20444 --- [estoque] [http-nio-8383-exec-9] o.t.spring6.view.ThymeleafViewResolver   : [THYMELEAF] View financeiro.xml will be handled by ThymeleafViewResolver and a ThymeleafView instance will be created for it
2026-07-01T16:52:18.446-03:00 DEBUG 20444 --- [estoque] [http-nio-8383-exec-9] o.s.w.s.v.ContentNegotiatingViewResolver : Selected 'text/html' given [text/html, application/xhtml+xml, image/avif, image/webp, image/apng, application/xml;q=0.9, */*;q=0.8, application/signed-exchange;v=b3;q=0.7]
2026-07-01T16:52:18.447-03:00 TRACE 20444 --- [estoque] [http-nio-8383-exec-9] org.thymeleaf.TemplateEngine             : [THYMELEAF][http-nio-8383-exec-9] STARTING PROCESS OF TEMPLATE "financeiro" WITH LOCALE pt_BR
2026-07-01T16:52:18.447-03:00 TRACE 20444 --- [estoque] [http-nio-8383-exec-9] o.t.TemplateEngine.cache.TEMPLATE_CACHE  : [THYMELEAF][http-nio-8383-exec-9][TEMPLATE_CACHE][CACHE_MISS] Cache miss in cache "TEMPLATE_CACHE" for key "financeiro".
2026-07-01T16:52:18.447-03:00 TRACE 20444 --- [estoque] [http-nio-8383-exec-9] org.thymeleaf.engine.TemplateManager     : [THYMELEAF][http-nio-8383-exec-9] Template resolver match! Resolver "org.thymeleaf.spring6.templateresolver.SpringResourceTemplateResolver" will resolve template "financeiro"
2026-07-01T16:52:18.449-03:00 TRACE 20444 --- [estoque] [http-nio-8383-exec-9] o.t.e.springsecurity6.auth.AuthUtils     : [THYMELEAF][http-nio-8383-exec-9] Obtaining authentication object.
2026-07-01T16:52:18.450-03:00 TRACE 20444 --- [estoque] [http-nio-8383-exec-9] o.t.e.springsecurity6.auth.AuthUtils     : [THYMELEAF][http-nio-8383-exec-9] Authentication object of class org.springframework.security.authentication.UsernamePasswordAuthenticationToken found in context for user "master".
2026-07-01T16:52:18.450-03:00 TRACE 20444 --- [estoque] [http-nio-8383-exec-9] o.t.e.springsecurity6.auth.AuthUtils     : [THYMELEAF][http-nio-8383-exec-9] Checking authorization using access expression "hasRole('MASTER')" for user "master".
2026-07-01T16:52:18.451-03:00 TRACE 20444 --- [estoque] [http-nio-8383-exec-9] o.t.e.springsecurity6.auth.AuthUtils     : [THYMELEAF][http-nio-8383-exec-9] Checked authorization using access expression "hasRole('MASTER')" for user "master". Access GRANTED.
2026-07-01T16:52:18.451-03:00 TRACE 20444 --- [estoque] [http-nio-8383-exec-9] o.t.e.springsecurity6.auth.AuthUtils     : [THYMELEAF][http-nio-8383-exec-9] Obtaining authentication object.
2026-07-01T16:52:18.452-03:00 TRACE 20444 --- [estoque] [http-nio-8383-exec-9] o.t.e.springsecurity6.auth.AuthUtils     : [THYMELEAF][http-nio-8383-exec-9] Authentication object of class org.springframework.security.authentication.UsernamePasswordAuthenticationToken found in context for user "master".
2026-07-01T16:52:18.452-03:00 TRACE 20444 --- [estoque] [http-nio-8383-exec-9] o.t.e.springsecurity6.auth.AuthUtils     : [THYMELEAF][http-nio-8383-exec-9] Checking authorization using access expression "hasAnyRole('CLIENTES','MASTER')" for user "master".
2026-07-01T16:52:18.453-03:00 TRACE 20444 --- [estoque] [http-nio-8383-exec-9] o.t.e.springsecurity6.auth.AuthUtils     : [THYMELEAF][http-nio-8383-exec-9] Checked authorization using access expression "hasAnyRole('CLIENTES','MASTER')" for user "master". Access GRANTED.
2026-07-01T16:52:18.453-03:00 TRACE 20444 --- [estoque] [http-nio-8383-exec-9] o.t.e.springsecurity6.auth.AuthUtils     : [THYMELEAF][http-nio-8383-exec-9] Obtaining authentication object.
2026-07-01T16:52:18.453-03:00 TRACE 20444 --- [estoque] [http-nio-8383-exec-9] o.t.e.springsecurity6.auth.AuthUtils     : [THYMELEAF][http-nio-8383-exec-9] Authentication object of class org.springframework.security.authentication.UsernamePasswordAuthenticationToken found in context for user "master".
2026-07-01T16:52:18.454-03:00 TRACE 20444 --- [estoque] [http-nio-8383-exec-9] o.t.e.springsecurity6.auth.AuthUtils     : [THYMELEAF][http-nio-8383-exec-9] Checking authorization using access expression "hasAnyRole('PRODUTO','MASTER')" for user "master".
2026-07-01T16:52:18.454-03:00 TRACE 20444 --- [estoque] [http-nio-8383-exec-9] o.t.e.springsecurity6.auth.AuthUtils     : [THYMELEAF][http-nio-8383-exec-9] Checked authorization using access expression "hasAnyRole('PRODUTO','MASTER')" for user "master". Access GRANTED.
2026-07-01T16:52:18.455-03:00 TRACE 20444 --- [estoque] [http-nio-8383-exec-9] o.t.e.springsecurity6.auth.AuthUtils     : [THYMELEAF][http-nio-8383-exec-9] Obtaining authentication object.
2026-07-01T16:52:18.455-03:00 TRACE 20444 --- [estoque] [http-nio-8383-exec-9] o.t.e.springsecurity6.auth.AuthUtils     : [THYMELEAF][http-nio-8383-exec-9] Authentication object of class org.springframework.security.authentication.UsernamePasswordAuthenticationToken found in context for user "master".
2026-07-01T16:52:18.455-03:00 TRACE 20444 --- [estoque] [http-nio-8383-exec-9] o.t.e.springsecurity6.auth.AuthUtils     : [THYMELEAF][http-nio-8383-exec-9] Checking authorization using access expression "hasAnyRole('ESTOQUE','MASTER')" for user "master".
2026-07-01T16:52:18.457-03:00 TRACE 20444 --- [estoque] [http-nio-8383-exec-9] o.t.e.springsecurity6.auth.AuthUtils     : [THYMELEAF][http-nio-8383-exec-9] Checked authorization using access expression "hasAnyRole('ESTOQUE','MASTER')" for user "master". Access GRANTED.
2026-07-01T16:52:18.457-03:00 TRACE 20444 --- [estoque] [http-nio-8383-exec-9] o.t.e.springsecurity6.auth.AuthUtils     : [THYMELEAF][http-nio-8383-exec-9] Obtaining authentication object.
2026-07-01T16:52:18.457-03:00 TRACE 20444 --- [estoque] [http-nio-8383-exec-9] o.t.e.springsecurity6.auth.AuthUtils     : [THYMELEAF][http-nio-8383-exec-9] Authentication object of class org.springframework.security.authentication.UsernamePasswordAuthenticationToken found in context for user "master".
2026-07-01T16:52:18.457-03:00 TRACE 20444 --- [estoque] [http-nio-8383-exec-9] o.t.e.springsecurity6.auth.AuthUtils     : [THYMELEAF][http-nio-8383-exec-9] Checking authorization using access expression "hasAnyRole('VENDAS','MASTER')" for user "master".
2026-07-01T16:52:18.458-03:00 TRACE 20444 --- [estoque] [http-nio-8383-exec-9] o.t.e.springsecurity6.auth.AuthUtils     : [THYMELEAF][http-nio-8383-exec-9] Checked authorization using access expression "hasAnyRole('VENDAS','MASTER')" for user "master". Access GRANTED.
2026-07-01T16:52:18.458-03:00 TRACE 20444 --- [estoque] [http-nio-8383-exec-9] o.t.e.springsecurity6.auth.AuthUtils     : [THYMELEAF][http-nio-8383-exec-9] Obtaining authentication object.
2026-07-01T16:52:18.459-03:00 TRACE 20444 --- [estoque] [http-nio-8383-exec-9] o.t.e.springsecurity6.auth.AuthUtils     : [THYMELEAF][http-nio-8383-exec-9] Authentication object of class org.springframework.security.authentication.UsernamePasswordAuthenticationToken found in context for user "master".
2026-07-01T16:52:18.459-03:00 TRACE 20444 --- [estoque] [http-nio-8383-exec-9] o.t.e.springsecurity6.auth.AuthUtils     : [THYMELEAF][http-nio-8383-exec-9] Checking authorization using access expression "hasAnyRole('FINANCEIRO','MASTER')" for user "master".
2026-07-01T16:52:18.459-03:00 TRACE 20444 --- [estoque] [http-nio-8383-exec-9] o.t.e.springsecurity6.auth.AuthUtils     : [THYMELEAF][http-nio-8383-exec-9] Checked authorization using access expression "hasAnyRole('FINANCEIRO','MASTER')" for user "master". Access GRANTED.
2026-07-01T16:52:18.460-03:00 TRACE 20444 --- [estoque] [http-nio-8383-exec-9] o.t.e.springsecurity6.auth.AuthUtils     : [THYMELEAF][http-nio-8383-exec-9] Obtaining authentication object.
2026-07-01T16:52:18.460-03:00 TRACE 20444 --- [estoque] [http-nio-8383-exec-9] o.t.e.springsecurity6.auth.AuthUtils     : [THYMELEAF][http-nio-8383-exec-9] Authentication object of class org.springframework.security.authentication.UsernamePasswordAuthenticationToken found in context for user "master".
2026-07-01T16:52:18.462-03:00 TRACE 20444 --- [estoque] [http-nio-8383-exec-9] o.t.e.springsecurity6.auth.AuthUtils     : [THYMELEAF][http-nio-8383-exec-9] Checking authorization using access expression "hasAnyRole('FINANCEIRO','MASTER')" for user "master".
2026-07-01T16:52:18.465-03:00 TRACE 20444 --- [estoque] [http-nio-8383-exec-9] o.t.e.springsecurity6.auth.AuthUtils     : [THYMELEAF][http-nio-8383-exec-9] Checked authorization using access expression "hasAnyRole('FINANCEIRO','MASTER')" for user "master". Access GRANTED.
2026-07-01T16:52:18.467-03:00 TRACE 20444 --- [estoque] [http-nio-8383-exec-9] o.t.T.cache.EXPRESSION_CACHE             : [THYMELEAF][http-nio-8383-exec-9][EXPRESSION_CACHE][CACHE_HIT] Cache hit in cache "EXPRESSION_CACHE" for key "expr|@{/logout}".
2026-07-01T16:52:18.467-03:00 TRACE 20444 --- [estoque] [http-nio-8383-exec-9] o.t.standard.expression.LinkExpression   : [THYMELEAF][http-nio-8383-exec-9] Evaluating link: "@{'/logout'}"
2026-07-01T16:52:18.467-03:00 TRACE 20444 --- [estoque] [http-nio-8383-exec-9] o.t.s.expression.TextLiteralExpression   : [THYMELEAF][http-nio-8383-exec-9] Evaluating text literal: "'/logout'"
2026-07-01T16:52:18.469-03:00 TRACE 20444 --- [estoque] [http-nio-8383-exec-9] org.thymeleaf.TemplateEngine             : [THYMELEAF][http-nio-8383-exec-9] FINISHED PROCESS AND OUTPUT OF TEMPLATE "financeiro" WITH LOCALE pt_BR
2026-07-01T16:52:18.469-03:00 TRACE 20444 --- [estoque] [http-nio-8383-exec-9] org.thymeleaf.TemplateEngine.TIMER       : [THYMELEAF][http-nio-8383-exec-9][financeiro][pt_BR][21812400][22] TEMPLATE "financeiro" WITH LOCALE pt_BR PROCESSED IN 21812400 nanoseconds (approx. 22ms)
2026-07-01T16:52:18.469-03:00 DEBUG 20444 --- [estoque] [http-nio-8383-exec-9] o.s.web.servlet.DispatcherServlet        : Completed 200 OK
2026-07-01T16:52:18.500-03:00 DEBUG 20444 --- [estoque] [http-nio-8383-exec-10] o.s.web.servlet.DispatcherServlet        : GET "/financeiro/api/clientes", parameters={}
2026-07-01T16:52:18.501-03:00 DEBUG 20444 --- [estoque] [http-nio-8383-exec-10] s.w.s.m.m.a.RequestMappingHandlerMapping : Mapped to com.expedicao.estoque.controller.FinanceiroController#listarClientes()
2026-07-01T16:52:18.503-03:00 DEBUG 20444 --- [estoque] [http-nio-8383-exec-10] m.m.a.RequestResponseBodyMethodProcessor : Using 'application/json', given [*/*] and supported [application/json, application/*+json]
2026-07-01T16:52:18.504-03:00 DEBUG 20444 --- [estoque] [http-nio-8383-exec-10] m.m.a.RequestResponseBodyMethodProcessor : Writing [[Cliente 1, Cliente10, Pablo, Teste2, Teste3]]
2026-07-01T16:52:18.505-03:00 DEBUG 20444 --- [estoque] [http-nio-8383-exec-10] o.s.web.servlet.DispatcherServlet        : Completed 200 OK
2026-07-01T16:52:18.572-03:00 DEBUG 20444 --- [estoque] [http-nio-8383-exec-1] o.s.web.servlet.DispatcherServlet        : GET "/financeiro/api/filtrar", parameters={}
2026-07-01T16:52:18.573-03:00 DEBUG 20444 --- [estoque] [http-nio-8383-exec-1] s.w.s.m.m.a.RequestMappingHandlerMapping : Mapped to com.expedicao.estoque.controller.FinanceiroController#filtrar(String, String)
2026-07-01T16:52:18.609-03:00 DEBUG 20444 --- [estoque] [http-nio-8383-exec-1] m.m.a.RequestResponseBodyMethodProcessor : Using 'application/json', given [*/*] and supported [application/json, application/*+json]
2026-07-01T16:52:18.609-03:00 DEBUG 20444 --- [estoque] [http-nio-8383-exec-1] m.m.a.RequestResponseBodyMethodProcessor : Writing [[com.expedicao.estoque.dto.ContaReceberDTO@522a6947, com.expedicao.estoque.dto.ContaReceberDTO@712a8 (truncated)...]
2026-07-01T16:52:18.613-03:00 DEBUG 20444 --- [estoque] [http-nio-8383-exec-1] o.s.web.servlet.DispatcherServlet        : Completed 200 OK
2026-07-01T16:52:31.802-03:00 DEBUG 20444 --- [estoque] [http-nio-8383-exec-2] o.s.web.servlet.DispatcherServlet        : GET "/relatorios", parameters={}
2026-07-01T16:52:31.803-03:00 DEBUG 20444 --- [estoque] [http-nio-8383-exec-2] s.w.s.m.m.a.RequestMappingHandlerMapping : Mapped to com.expedicao.estoque.controller.RelatorioController#menuRelatorios()
2026-07-01T16:52:31.803-03:00 TRACE 20444 --- [estoque] [http-nio-8383-exec-2] o.t.spring6.view.ThymeleafViewResolver   : [THYMELEAF] View relatorios will be handled by ThymeleafViewResolver and a ThymeleafView instance will be created for it
2026-07-01T16:52:31.804-03:00 TRACE 20444 --- [estoque] [http-nio-8383-exec-2] o.t.spring6.view.ThymeleafViewResolver   : [THYMELEAF] View relatorios.xml will be handled by ThymeleafViewResolver and a ThymeleafView instance will be created for it
2026-07-01T16:52:31.804-03:00 DEBUG 20444 --- [estoque] [http-nio-8383-exec-2] o.s.w.s.v.ContentNegotiatingViewResolver : Selected 'text/html' given [text/html, application/xhtml+xml, image/avif, image/webp, image/apng, application/xml;q=0.9, */*;q=0.8, application/signed-exchange;v=b3;q=0.7]
2026-07-01T16:52:31.804-03:00 TRACE 20444 --- [estoque] [http-nio-8383-exec-2] org.thymeleaf.TemplateEngine             : [THYMELEAF][http-nio-8383-exec-2] STARTING PROCESS OF TEMPLATE "relatorios" WITH LOCALE pt_BR
2026-07-01T16:52:31.805-03:00 TRACE 20444 --- [estoque] [http-nio-8383-exec-2] o.t.TemplateEngine.cache.TEMPLATE_CACHE  : [THYMELEAF][http-nio-8383-exec-2][TEMPLATE_CACHE][CACHE_MISS] Cache miss in cache "TEMPLATE_CACHE" for key "relatorios".
2026-07-01T16:52:31.805-03:00 TRACE 20444 --- [estoque] [http-nio-8383-exec-2] org.thymeleaf.engine.TemplateManager     : [THYMELEAF][http-nio-8383-exec-2] Template resolver match! Resolver "org.thymeleaf.spring6.templateresolver.SpringResourceTemplateResolver" will resolve template "relatorios"
2026-07-01T16:52:31.807-03:00 TRACE 20444 --- [estoque] [http-nio-8383-exec-2] o.t.e.springsecurity6.auth.AuthUtils     : [THYMELEAF][http-nio-8383-exec-2] Obtaining authentication object.
2026-07-01T16:52:31.807-03:00 TRACE 20444 --- [estoque] [http-nio-8383-exec-2] o.t.e.springsecurity6.auth.AuthUtils     : [THYMELEAF][http-nio-8383-exec-2] Authentication object of class org.springframework.security.authentication.UsernamePasswordAuthenticationToken found in context for user "master".
2026-07-01T16:52:31.807-03:00 TRACE 20444 --- [estoque] [http-nio-8383-exec-2] o.t.e.springsecurity6.auth.AuthUtils     : [THYMELEAF][http-nio-8383-exec-2] Checking authorization using access expression "hasRole('MASTER')" for user "master".
2026-07-01T16:52:31.808-03:00 TRACE 20444 --- [estoque] [http-nio-8383-exec-2] o.t.e.springsecurity6.auth.AuthUtils     : [THYMELEAF][http-nio-8383-exec-2] Checked authorization using access expression "hasRole('MASTER')" for user "master". Access GRANTED.
2026-07-01T16:52:31.808-03:00 TRACE 20444 --- [estoque] [http-nio-8383-exec-2] o.t.e.springsecurity6.auth.AuthUtils     : [THYMELEAF][http-nio-8383-exec-2] Obtaining authentication object.
2026-07-01T16:52:31.808-03:00 TRACE 20444 --- [estoque] [http-nio-8383-exec-2] o.t.e.springsecurity6.auth.AuthUtils     : [THYMELEAF][http-nio-8383-exec-2] Authentication object of class org.springframework.security.authentication.UsernamePasswordAuthenticationToken found in context for user "master".
2026-07-01T16:52:31.808-03:00 TRACE 20444 --- [estoque] [http-nio-8383-exec-2] o.t.e.springsecurity6.auth.AuthUtils     : [THYMELEAF][http-nio-8383-exec-2] Checking authorization using access expression "hasAnyRole('CLIENTES','MASTER')" for user "master".
2026-07-01T16:52:31.809-03:00 TRACE 20444 --- [estoque] [http-nio-8383-exec-2] o.t.e.springsecurity6.auth.AuthUtils     : [THYMELEAF][http-nio-8383-exec-2] Checked authorization using access expression "hasAnyRole('CLIENTES','MASTER')" for user "master". Access GRANTED.
2026-07-01T16:52:31.810-03:00 TRACE 20444 --- [estoque] [http-nio-8383-exec-2] o.t.e.springsecurity6.auth.AuthUtils     : [THYMELEAF][http-nio-8383-exec-2] Obtaining authentication object.
2026-07-01T16:52:31.810-03:00 TRACE 20444 --- [estoque] [http-nio-8383-exec-2] o.t.e.springsecurity6.auth.AuthUtils     : [THYMELEAF][http-nio-8383-exec-2] Authentication object of class org.springframework.security.authentication.UsernamePasswordAuthenticationToken found in context for user "master".
2026-07-01T16:52:31.810-03:00 TRACE 20444 --- [estoque] [http-nio-8383-exec-2] o.t.e.springsecurity6.auth.AuthUtils     : [THYMELEAF][http-nio-8383-exec-2] Checking authorization using access expression "hasAnyRole('PRODUTO','MASTER')" for user "master".
2026-07-01T16:52:31.811-03:00 TRACE 20444 --- [estoque] [http-nio-8383-exec-2] o.t.e.springsecurity6.auth.AuthUtils     : [THYMELEAF][http-nio-8383-exec-2] Checked authorization using access expression "hasAnyRole('PRODUTO','MASTER')" for user "master". Access GRANTED.
2026-07-01T16:52:31.812-03:00 TRACE 20444 --- [estoque] [http-nio-8383-exec-2] o.t.e.springsecurity6.auth.AuthUtils     : [THYMELEAF][http-nio-8383-exec-2] Obtaining authentication object.
2026-07-01T16:52:31.813-03:00 TRACE 20444 --- [estoque] [http-nio-8383-exec-2] o.t.e.springsecurity6.auth.AuthUtils     : [THYMELEAF][http-nio-8383-exec-2] Authentication object of class org.springframework.security.authentication.UsernamePasswordAuthenticationToken found in context for user "master".
2026-07-01T16:52:31.813-03:00 TRACE 20444 --- [estoque] [http-nio-8383-exec-2] o.t.e.springsecurity6.auth.AuthUtils     : [THYMELEAF][http-nio-8383-exec-2] Checking authorization using access expression "hasAnyRole('ESTOQUE','MASTER')" for user "master".
2026-07-01T16:52:31.814-03:00 TRACE 20444 --- [estoque] [http-nio-8383-exec-2] o.t.e.springsecurity6.auth.AuthUtils     : [THYMELEAF][http-nio-8383-exec-2] Checked authorization using access expression "hasAnyRole('ESTOQUE','MASTER')" for user "master". Access GRANTED.
2026-07-01T16:52:31.814-03:00 TRACE 20444 --- [estoque] [http-nio-8383-exec-2] o.t.e.springsecurity6.auth.AuthUtils     : [THYMELEAF][http-nio-8383-exec-2] Obtaining authentication object.
2026-07-01T16:52:31.815-03:00 TRACE 20444 --- [estoque] [http-nio-8383-exec-2] o.t.e.springsecurity6.auth.AuthUtils     : [THYMELEAF][http-nio-8383-exec-2] Authentication object of class org.springframework.security.authentication.UsernamePasswordAuthenticationToken found in context for user "master".
2026-07-01T16:52:31.815-03:00 TRACE 20444 --- [estoque] [http-nio-8383-exec-2] o.t.e.springsecurity6.auth.AuthUtils     : [THYMELEAF][http-nio-8383-exec-2] Checking authorization using access expression "hasAnyRole('VENDAS','MASTER')" for user "master".
2026-07-01T16:52:31.816-03:00 TRACE 20444 --- [estoque] [http-nio-8383-exec-2] o.t.e.springsecurity6.auth.AuthUtils     : [THYMELEAF][http-nio-8383-exec-2] Checked authorization using access expression "hasAnyRole('VENDAS','MASTER')" for user "master". Access GRANTED.
2026-07-01T16:52:31.817-03:00 TRACE 20444 --- [estoque] [http-nio-8383-exec-2] o.t.e.springsecurity6.auth.AuthUtils     : [THYMELEAF][http-nio-8383-exec-2] Obtaining authentication object.
2026-07-01T16:52:31.817-03:00 TRACE 20444 --- [estoque] [http-nio-8383-exec-2] o.t.e.springsecurity6.auth.AuthUtils     : [THYMELEAF][http-nio-8383-exec-2] Authentication object of class org.springframework.security.authentication.UsernamePasswordAuthenticationToken found in context for user "master".
2026-07-01T16:52:31.817-03:00 TRACE 20444 --- [estoque] [http-nio-8383-exec-2] o.t.e.springsecurity6.auth.AuthUtils     : [THYMELEAF][http-nio-8383-exec-2] Checking authorization using access expression "hasAnyRole('FINANCEIRO','MASTER')" for user "master".
2026-07-01T16:52:31.820-03:00 TRACE 20444 --- [estoque] [http-nio-8383-exec-2] o.t.e.springsecurity6.auth.AuthUtils     : [THYMELEAF][http-nio-8383-exec-2] Checked authorization using access expression "hasAnyRole('FINANCEIRO','MASTER')" for user "master". Access GRANTED.
2026-07-01T16:52:31.824-03:00 TRACE 20444 --- [estoque] [http-nio-8383-exec-2] o.t.e.springsecurity6.auth.AuthUtils     : [THYMELEAF][http-nio-8383-exec-2] Obtaining authentication object.
2026-07-01T16:52:31.825-03:00 TRACE 20444 --- [estoque] [http-nio-8383-exec-2] o.t.e.springsecurity6.auth.AuthUtils     : [THYMELEAF][http-nio-8383-exec-2] Authentication object of class org.springframework.security.authentication.UsernamePasswordAuthenticationToken found in context for user "master".
2026-07-01T16:52:31.825-03:00 TRACE 20444 --- [estoque] [http-nio-8383-exec-2] o.t.e.springsecurity6.auth.AuthUtils     : [THYMELEAF][http-nio-8383-exec-2] Checking authorization using access expression "hasAnyRole('FINANCEIRO','MASTER')" for user "master".
2026-07-01T16:52:31.826-03:00 TRACE 20444 --- [estoque] [http-nio-8383-exec-2] o.t.e.springsecurity6.auth.AuthUtils     : [THYMELEAF][http-nio-8383-exec-2] Checked authorization using access expression "hasAnyRole('FINANCEIRO','MASTER')" for user "master". Access GRANTED.
2026-07-01T16:52:31.826-03:00 TRACE 20444 --- [estoque] [http-nio-8383-exec-2] o.t.T.cache.EXPRESSION_CACHE             : [THYMELEAF][http-nio-8383-exec-2][EXPRESSION_CACHE][CACHE_HIT] Cache hit in cache "EXPRESSION_CACHE" for key "expr|@{/logout}".
2026-07-01T16:52:31.826-03:00 TRACE 20444 --- [estoque] [http-nio-8383-exec-2] o.t.standard.expression.LinkExpression   : [THYMELEAF][http-nio-8383-exec-2] Evaluating link: "@{'/logout'}"
2026-07-01T16:52:31.826-03:00 TRACE 20444 --- [estoque] [http-nio-8383-exec-2] o.t.s.expression.TextLiteralExpression   : [THYMELEAF][http-nio-8383-exec-2] Evaluating text literal: "'/logout'"
2026-07-01T16:52:31.828-03:00 TRACE 20444 --- [estoque] [http-nio-8383-exec-2] org.thymeleaf.TemplateEngine             : [THYMELEAF][http-nio-8383-exec-2] FINISHED PROCESS AND OUTPUT OF TEMPLATE "relatorios" WITH LOCALE pt_BR
2026-07-01T16:52:31.828-03:00 TRACE 20444 --- [estoque] [http-nio-8383-exec-2] org.thymeleaf.TemplateEngine.TIMER       : [THYMELEAF][http-nio-8383-exec-2][relatorios][pt_BR][23937200][24] TEMPLATE "relatorios" WITH LOCALE pt_BR PROCESSED IN 23937200 nanoseconds (approx. 24ms)
2026-07-01T16:52:31.829-03:00 DEBUG 20444 --- [estoque] [http-nio-8383-exec-2] o.s.web.servlet.DispatcherServlet        : Completed 200 OK
2026-07-01T16:52:33.161-03:00 DEBUG 20444 --- [estoque] [http-nio-8383-exec-3] o.s.web.servlet.DispatcherServlet        : GET "/financeiro/relatorio", parameters={}
2026-07-01T16:52:33.162-03:00 DEBUG 20444 --- [estoque] [http-nio-8383-exec-3] s.w.s.m.m.a.RequestMappingHandlerMapping : Mapped to com.expedicao.estoque.controller.FinanceiroController#relatorioFinanceiroTela()
2026-07-01T16:52:33.163-03:00 TRACE 20444 --- [estoque] [http-nio-8383-exec-3] o.t.spring6.view.ThymeleafViewResolver   : [THYMELEAF] View relatorio-financeiro will be handled by ThymeleafViewResolver and a ThymeleafView instance will be created for it
2026-07-01T16:52:33.163-03:00 TRACE 20444 --- [estoque] [http-nio-8383-exec-3] o.t.spring6.view.ThymeleafViewResolver   : [THYMELEAF] View relatorio-financeiro.xml will be handled by ThymeleafViewResolver and a ThymeleafView instance will be created for it
2026-07-01T16:52:33.163-03:00 DEBUG 20444 --- [estoque] [http-nio-8383-exec-3] o.s.w.s.v.ContentNegotiatingViewResolver : Selected 'text/html' given [text/html, application/xhtml+xml, image/avif, image/webp, image/apng, application/xml;q=0.9, */*;q=0.8, application/signed-exchange;v=b3;q=0.7]
2026-07-01T16:52:33.163-03:00 TRACE 20444 --- [estoque] [http-nio-8383-exec-3] org.thymeleaf.TemplateEngine             : [THYMELEAF][http-nio-8383-exec-3] STARTING PROCESS OF TEMPLATE "relatorio-financeiro" WITH LOCALE pt_BR
2026-07-01T16:52:33.164-03:00 TRACE 20444 --- [estoque] [http-nio-8383-exec-3] o.t.TemplateEngine.cache.TEMPLATE_CACHE  : [THYMELEAF][http-nio-8383-exec-3][TEMPLATE_CACHE][CACHE_MISS] Cache miss in cache "TEMPLATE_CACHE" for key "relatorio-financeiro".
2026-07-01T16:52:33.164-03:00 TRACE 20444 --- [estoque] [http-nio-8383-exec-3] org.thymeleaf.engine.TemplateManager     : [THYMELEAF][http-nio-8383-exec-3] Template resolver match! Resolver "org.thymeleaf.spring6.templateresolver.SpringResourceTemplateResolver" will resolve template "relatorio-financeiro"
2026-07-01T16:52:33.166-03:00 TRACE 20444 --- [estoque] [http-nio-8383-exec-3] o.t.e.springsecurity6.auth.AuthUtils     : [THYMELEAF][http-nio-8383-exec-3] Obtaining authentication object.
2026-07-01T16:52:33.166-03:00 TRACE 20444 --- [estoque] [http-nio-8383-exec-3] o.t.e.springsecurity6.auth.AuthUtils     : [THYMELEAF][http-nio-8383-exec-3] Authentication object of class org.springframework.security.authentication.UsernamePasswordAuthenticationToken found in context for user "master".
2026-07-01T16:52:33.166-03:00 TRACE 20444 --- [estoque] [http-nio-8383-exec-3] o.t.e.springsecurity6.auth.AuthUtils     : [THYMELEAF][http-nio-8383-exec-3] Checking authorization using access expression "hasRole('MASTER')" for user "master".
2026-07-01T16:52:33.167-03:00 TRACE 20444 --- [estoque] [http-nio-8383-exec-3] o.t.e.springsecurity6.auth.AuthUtils     : [THYMELEAF][http-nio-8383-exec-3] Checked authorization using access expression "hasRole('MASTER')" for user "master". Access GRANTED.
2026-07-01T16:52:33.167-03:00 TRACE 20444 --- [estoque] [http-nio-8383-exec-3] o.t.e.springsecurity6.auth.AuthUtils     : [THYMELEAF][http-nio-8383-exec-3] Obtaining authentication object.
2026-07-01T16:52:33.169-03:00 TRACE 20444 --- [estoque] [http-nio-8383-exec-3] o.t.e.springsecurity6.auth.AuthUtils     : [THYMELEAF][http-nio-8383-exec-3] Authentication object of class org.springframework.security.authentication.UsernamePasswordAuthenticationToken found in context for user "master".
2026-07-01T16:52:33.169-03:00 TRACE 20444 --- [estoque] [http-nio-8383-exec-3] o.t.e.springsecurity6.auth.AuthUtils     : [THYMELEAF][http-nio-8383-exec-3] Checking authorization using access expression "hasAnyRole('CLIENTES','MASTER')" for user "master".
2026-07-01T16:52:33.169-03:00 TRACE 20444 --- [estoque] [http-nio-8383-exec-3] o.t.e.springsecurity6.auth.AuthUtils     : [THYMELEAF][http-nio-8383-exec-3] Checked authorization using access expression "hasAnyRole('CLIENTES','MASTER')" for user "master". Access GRANTED.
2026-07-01T16:52:33.170-03:00 TRACE 20444 --- [estoque] [http-nio-8383-exec-3] o.t.e.springsecurity6.auth.AuthUtils     : [THYMELEAF][http-nio-8383-exec-3] Obtaining authentication object.
2026-07-01T16:52:33.170-03:00 TRACE 20444 --- [estoque] [http-nio-8383-exec-3] o.t.e.springsecurity6.auth.AuthUtils     : [THYMELEAF][http-nio-8383-exec-3] Authentication object of class org.springframework.security.authentication.UsernamePasswordAuthenticationToken found in context for user "master".
2026-07-01T16:52:33.170-03:00 TRACE 20444 --- [estoque] [http-nio-8383-exec-3] o.t.e.springsecurity6.auth.AuthUtils     : [THYMELEAF][http-nio-8383-exec-3] Checking authorization using access expression "hasAnyRole('PRODUTO','MASTER')" for user "master".
2026-07-01T16:52:33.171-03:00 TRACE 20444 --- [estoque] [http-nio-8383-exec-3] o.t.e.springsecurity6.auth.AuthUtils     : [THYMELEAF][http-nio-8383-exec-3] Checked authorization using access expression "hasAnyRole('PRODUTO','MASTER')" for user "master". Access GRANTED.
2026-07-01T16:52:33.171-03:00 TRACE 20444 --- [estoque] [http-nio-8383-exec-3] o.t.e.springsecurity6.auth.AuthUtils     : [THYMELEAF][http-nio-8383-exec-3] Obtaining authentication object.
2026-07-01T16:52:33.172-03:00 TRACE 20444 --- [estoque] [http-nio-8383-exec-3] o.t.e.springsecurity6.auth.AuthUtils     : [THYMELEAF][http-nio-8383-exec-3] Authentication object of class org.springframework.security.authentication.UsernamePasswordAuthenticationToken found in context for user "master".
2026-07-01T16:52:33.172-03:00 TRACE 20444 --- [estoque] [http-nio-8383-exec-3] o.t.e.springsecurity6.auth.AuthUtils     : [THYMELEAF][http-nio-8383-exec-3] Checking authorization using access expression "hasAnyRole('ESTOQUE','MASTER')" for user "master".
2026-07-01T16:52:33.173-03:00 TRACE 20444 --- [estoque] [http-nio-8383-exec-3] o.t.e.springsecurity6.auth.AuthUtils     : [THYMELEAF][http-nio-8383-exec-3] Checked authorization using access expression "hasAnyRole('ESTOQUE','MASTER')" for user "master". Access GRANTED.
2026-07-01T16:52:33.173-03:00 TRACE 20444 --- [estoque] [http-nio-8383-exec-3] o.t.e.springsecurity6.auth.AuthUtils     : [THYMELEAF][http-nio-8383-exec-3] Obtaining authentication object.
2026-07-01T16:52:33.173-03:00 TRACE 20444 --- [estoque] [http-nio-8383-exec-3] o.t.e.springsecurity6.auth.AuthUtils     : [THYMELEAF][http-nio-8383-exec-3] Authentication object of class org.springframework.security.authentication.UsernamePasswordAuthenticationToken found in context for user "master".
2026-07-01T16:52:33.173-03:00 TRACE 20444 --- [estoque] [http-nio-8383-exec-3] o.t.e.springsecurity6.auth.AuthUtils     : [THYMELEAF][http-nio-8383-exec-3] Checking authorization using access expression "hasAnyRole('VENDAS','MASTER')" for user "master".
2026-07-01T16:52:33.174-03:00 TRACE 20444 --- [estoque] [http-nio-8383-exec-3] o.t.e.springsecurity6.auth.AuthUtils     : [THYMELEAF][http-nio-8383-exec-3] Checked authorization using access expression "hasAnyRole('VENDAS','MASTER')" for user "master". Access GRANTED.
2026-07-01T16:52:33.174-03:00 TRACE 20444 --- [estoque] [http-nio-8383-exec-3] o.t.e.springsecurity6.auth.AuthUtils     : [THYMELEAF][http-nio-8383-exec-3] Obtaining authentication object.
2026-07-01T16:52:33.174-03:00 TRACE 20444 --- [estoque] [http-nio-8383-exec-3] o.t.e.springsecurity6.auth.AuthUtils     : [THYMELEAF][http-nio-8383-exec-3] Authentication object of class org.springframework.security.authentication.UsernamePasswordAuthenticationToken found in context for user "master".
2026-07-01T16:52:33.174-03:00 TRACE 20444 --- [estoque] [http-nio-8383-exec-3] o.t.e.springsecurity6.auth.AuthUtils     : [THYMELEAF][http-nio-8383-exec-3] Checking authorization using access expression "hasAnyRole('FINANCEIRO','MASTER')" for user "master".
2026-07-01T16:52:33.175-03:00 TRACE 20444 --- [estoque] [http-nio-8383-exec-3] o.t.e.springsecurity6.auth.AuthUtils     : [THYMELEAF][http-nio-8383-exec-3] Checked authorization using access expression "hasAnyRole('FINANCEIRO','MASTER')" for user "master". Access GRANTED.
2026-07-01T16:52:33.175-03:00 TRACE 20444 --- [estoque] [http-nio-8383-exec-3] o.t.e.springsecurity6.auth.AuthUtils     : [THYMELEAF][http-nio-8383-exec-3] Obtaining authentication object.
2026-07-01T16:52:33.175-03:00 TRACE 20444 --- [estoque] [http-nio-8383-exec-3] o.t.e.springsecurity6.auth.AuthUtils     : [THYMELEAF][http-nio-8383-exec-3] Authentication object of class org.springframework.security.authentication.UsernamePasswordAuthenticationToken found in context for user "master".
2026-07-01T16:52:33.175-03:00 TRACE 20444 --- [estoque] [http-nio-8383-exec-3] o.t.e.springsecurity6.auth.AuthUtils     : [THYMELEAF][http-nio-8383-exec-3] Checking authorization using access expression "hasAnyRole('FINANCEIRO','MASTER')" for user "master".
2026-07-01T16:52:33.175-03:00 TRACE 20444 --- [estoque] [http-nio-8383-exec-3] o.t.e.springsecurity6.auth.AuthUtils     : [THYMELEAF][http-nio-8383-exec-3] Checked authorization using access expression "hasAnyRole('FINANCEIRO','MASTER')" for user "master". Access GRANTED.
2026-07-01T16:52:33.176-03:00 TRACE 20444 --- [estoque] [http-nio-8383-exec-3] o.t.T.cache.EXPRESSION_CACHE             : [THYMELEAF][http-nio-8383-exec-3][EXPRESSION_CACHE][CACHE_HIT] Cache hit in cache "EXPRESSION_CACHE" for key "expr|@{/logout}".
2026-07-01T16:52:33.176-03:00 TRACE 20444 --- [estoque] [http-nio-8383-exec-3] o.t.standard.expression.LinkExpression   : [THYMELEAF][http-nio-8383-exec-3] Evaluating link: "@{'/logout'}"
2026-07-01T16:52:33.176-03:00 TRACE 20444 --- [estoque] [http-nio-8383-exec-3] o.t.s.expression.TextLiteralExpression   : [THYMELEAF][http-nio-8383-exec-3] Evaluating text literal: "'/logout'"
2026-07-01T16:52:33.177-03:00 TRACE 20444 --- [estoque] [http-nio-8383-exec-3] org.thymeleaf.TemplateEngine             : [THYMELEAF][http-nio-8383-exec-3] FINISHED PROCESS AND OUTPUT OF TEMPLATE "relatorio-financeiro" WITH LOCALE pt_BR
2026-07-01T16:52:33.177-03:00 TRACE 20444 --- [estoque] [http-nio-8383-exec-3] org.thymeleaf.TemplateEngine.TIMER       : [THYMELEAF][http-nio-8383-exec-3][relatorio-financeiro][pt_BR][13319100][13] TEMPLATE "relatorio-financeiro" WITH LOCALE pt_BR PROCESSED IN 13319100 nanoseconds (approx. 13ms)
2026-07-01T16:52:33.177-03:00 DEBUG 20444 --- [estoque] [http-nio-8383-exec-3] o.s.web.servlet.DispatcherServlet        : Completed 200 OK
2026-07-01T16:52:35.130-03:00 DEBUG 20444 --- [estoque] [http-nio-8383-exec-4] o.s.web.servlet.DispatcherServlet        : GET "/financeiro/relatorio", parameters={}
2026-07-01T16:52:35.134-03:00 DEBUG 20444 --- [estoque] [http-nio-8383-exec-4] s.w.s.m.m.a.RequestMappingHandlerMapping : Mapped to com.expedicao.estoque.controller.FinanceiroController#relatorioFinanceiroTela()
2026-07-01T16:52:35.135-03:00 TRACE 20444 --- [estoque] [http-nio-8383-exec-4] o.t.spring6.view.ThymeleafViewResolver   : [THYMELEAF] View relatorio-financeiro will be handled by ThymeleafViewResolver and a ThymeleafView instance will be created for it
2026-07-01T16:52:35.136-03:00 TRACE 20444 --- [estoque] [http-nio-8383-exec-4] o.t.spring6.view.ThymeleafViewResolver   : [THYMELEAF] View relatorio-financeiro.xml will be handled by ThymeleafViewResolver and a ThymeleafView instance will be created for it
2026-07-01T16:52:35.137-03:00 DEBUG 20444 --- [estoque] [http-nio-8383-exec-4] o.s.w.s.v.ContentNegotiatingViewResolver : Selected 'text/html' given [text/html, application/xhtml+xml, image/avif, image/webp, image/apng, application/xml;q=0.9, */*;q=0.8, application/signed-exchange;v=b3;q=0.7]
2026-07-01T16:52:35.138-03:00 TRACE 20444 --- [estoque] [http-nio-8383-exec-4] org.thymeleaf.TemplateEngine             : [THYMELEAF][http-nio-8383-exec-4] STARTING PROCESS OF TEMPLATE "relatorio-financeiro" WITH LOCALE pt_BR
2026-07-01T16:52:35.138-03:00 TRACE 20444 --- [estoque] [http-nio-8383-exec-4] o.t.TemplateEngine.cache.TEMPLATE_CACHE  : [THYMELEAF][http-nio-8383-exec-4][TEMPLATE_CACHE][CACHE_MISS] Cache miss in cache "TEMPLATE_CACHE" for key "relatorio-financeiro".
2026-07-01T16:52:35.138-03:00 TRACE 20444 --- [estoque] [http-nio-8383-exec-4] org.thymeleaf.engine.TemplateManager     : [THYMELEAF][http-nio-8383-exec-4] Template resolver match! Resolver "org.thymeleaf.spring6.templateresolver.SpringResourceTemplateResolver" will resolve template "relatorio-financeiro"
2026-07-01T16:52:35.142-03:00 TRACE 20444 --- [estoque] [http-nio-8383-exec-4] o.t.e.springsecurity6.auth.AuthUtils     : [THYMELEAF][http-nio-8383-exec-4] Obtaining authentication object.
2026-07-01T16:52:35.143-03:00 TRACE 20444 --- [estoque] [http-nio-8383-exec-4] o.t.e.springsecurity6.auth.AuthUtils     : [THYMELEAF][http-nio-8383-exec-4] Authentication object of class org.springframework.security.authentication.UsernamePasswordAuthenticationToken found in context for user "master".
2026-07-01T16:52:35.144-03:00 TRACE 20444 --- [estoque] [http-nio-8383-exec-4] o.t.e.springsecurity6.auth.AuthUtils     : [THYMELEAF][http-nio-8383-exec-4] Checking authorization using access expression "hasRole('MASTER')" for user "master".
2026-07-01T16:52:35.144-03:00 TRACE 20444 --- [estoque] [http-nio-8383-exec-4] o.t.e.springsecurity6.auth.AuthUtils     : [THYMELEAF][http-nio-8383-exec-4] Checked authorization using access expression "hasRole('MASTER')" for user "master". Access GRANTED.
2026-07-01T16:52:35.145-03:00 TRACE 20444 --- [estoque] [http-nio-8383-exec-4] o.t.e.springsecurity6.auth.AuthUtils     : [THYMELEAF][http-nio-8383-exec-4] Obtaining authentication object.
2026-07-01T16:52:35.146-03:00 TRACE 20444 --- [estoque] [http-nio-8383-exec-4] o.t.e.springsecurity6.auth.AuthUtils     : [THYMELEAF][http-nio-8383-exec-4] Authentication object of class org.springframework.security.authentication.UsernamePasswordAuthenticationToken found in context for user "master".
2026-07-01T16:52:35.146-03:00 TRACE 20444 --- [estoque] [http-nio-8383-exec-4] o.t.e.springsecurity6.auth.AuthUtils     : [THYMELEAF][http-nio-8383-exec-4] Checking authorization using access expression "hasAnyRole('CLIENTES','MASTER')" for user "master".
2026-07-01T16:52:35.147-03:00 TRACE 20444 --- [estoque] [http-nio-8383-exec-4] o.t.e.springsecurity6.auth.AuthUtils     : [THYMELEAF][http-nio-8383-exec-4] Checked authorization using access expression "hasAnyRole('CLIENTES','MASTER')" for user "master". Access GRANTED.
2026-07-01T16:52:35.147-03:00 TRACE 20444 --- [estoque] [http-nio-8383-exec-4] o.t.e.springsecurity6.auth.AuthUtils     : [THYMELEAF][http-nio-8383-exec-4] Obtaining authentication object.
2026-07-01T16:52:35.147-03:00 TRACE 20444 --- [estoque] [http-nio-8383-exec-4] o.t.e.springsecurity6.auth.AuthUtils     : [THYMELEAF][http-nio-8383-exec-4] Authentication object of class org.springframework.security.authentication.UsernamePasswordAuthenticationToken found in context for user "master".
2026-07-01T16:52:35.148-03:00 TRACE 20444 --- [estoque] [http-nio-8383-exec-4] o.t.e.springsecurity6.auth.AuthUtils     : [THYMELEAF][http-nio-8383-exec-4] Checking authorization using access expression "hasAnyRole('PRODUTO','MASTER')" for user "master".
2026-07-01T16:52:35.148-03:00 TRACE 20444 --- [estoque] [http-nio-8383-exec-4] o.t.e.springsecurity6.auth.AuthUtils     : [THYMELEAF][http-nio-8383-exec-4] Checked authorization using access expression "hasAnyRole('PRODUTO','MASTER')" for user "master". Access GRANTED.
2026-07-01T16:52:35.148-03:00 TRACE 20444 --- [estoque] [http-nio-8383-exec-4] o.t.e.springsecurity6.auth.AuthUtils     : [THYMELEAF][http-nio-8383-exec-4] Obtaining authentication object.
2026-07-01T16:52:35.148-03:00 TRACE 20444 --- [estoque] [http-nio-8383-exec-4] o.t.e.springsecurity6.auth.AuthUtils     : [THYMELEAF][http-nio-8383-exec-4] Authentication object of class org.springframework.security.authentication.UsernamePasswordAuthenticationToken found in context for user "master".
2026-07-01T16:52:35.149-03:00 TRACE 20444 --- [estoque] [http-nio-8383-exec-4] o.t.e.springsecurity6.auth.AuthUtils     : [THYMELEAF][http-nio-8383-exec-4] Checking authorization using access expression "hasAnyRole('ESTOQUE','MASTER')" for user "master".
2026-07-01T16:52:35.149-03:00 TRACE 20444 --- [estoque] [http-nio-8383-exec-4] o.t.e.springsecurity6.auth.AuthUtils     : [THYMELEAF][http-nio-8383-exec-4] Checked authorization using access expression "hasAnyRole('ESTOQUE','MASTER')" for user "master". Access GRANTED.
2026-07-01T16:52:35.149-03:00 TRACE 20444 --- [estoque] [http-nio-8383-exec-4] o.t.e.springsecurity6.auth.AuthUtils     : [THYMELEAF][http-nio-8383-exec-4] Obtaining authentication object.
2026-07-01T16:52:35.150-03:00 TRACE 20444 --- [estoque] [http-nio-8383-exec-4] o.t.e.springsecurity6.auth.AuthUtils     : [THYMELEAF][http-nio-8383-exec-4] Authentication object of class org.springframework.security.authentication.UsernamePasswordAuthenticationToken found in context for user "master".
2026-07-01T16:52:35.153-03:00 TRACE 20444 --- [estoque] [http-nio-8383-exec-4] o.t.e.springsecurity6.auth.AuthUtils     : [THYMELEAF][http-nio-8383-exec-4] Checking authorization using access expression "hasAnyRole('VENDAS','MASTER')" for user "master".
2026-07-01T16:52:35.154-03:00 TRACE 20444 --- [estoque] [http-nio-8383-exec-4] o.t.e.springsecurity6.auth.AuthUtils     : [THYMELEAF][http-nio-8383-exec-4] Checked authorization using access expression "hasAnyRole('VENDAS','MASTER')" for user "master". Access GRANTED.
2026-07-01T16:52:35.156-03:00 TRACE 20444 --- [estoque] [http-nio-8383-exec-4] o.t.e.springsecurity6.auth.AuthUtils     : [THYMELEAF][http-nio-8383-exec-4] Obtaining authentication object.
2026-07-01T16:52:35.157-03:00 TRACE 20444 --- [estoque] [http-nio-8383-exec-4] o.t.e.springsecurity6.auth.AuthUtils     : [THYMELEAF][http-nio-8383-exec-4] Authentication object of class org.springframework.security.authentication.UsernamePasswordAuthenticationToken found in context for user "master".
2026-07-01T16:52:35.157-03:00 TRACE 20444 --- [estoque] [http-nio-8383-exec-4] o.t.e.springsecurity6.auth.AuthUtils     : [THYMELEAF][http-nio-8383-exec-4] Checking authorization using access expression "hasAnyRole('FINANCEIRO','MASTER')" for user "master".
2026-07-01T16:52:35.158-03:00 TRACE 20444 --- [estoque] [http-nio-8383-exec-4] o.t.e.springsecurity6.auth.AuthUtils     : [THYMELEAF][http-nio-8383-exec-4] Checked authorization using access expression "hasAnyRole('FINANCEIRO','MASTER')" for user "master". Access GRANTED.
2026-07-01T16:52:35.158-03:00 TRACE 20444 --- [estoque] [http-nio-8383-exec-4] o.t.e.springsecurity6.auth.AuthUtils     : [THYMELEAF][http-nio-8383-exec-4] Obtaining authentication object.
2026-07-01T16:52:35.158-03:00 TRACE 20444 --- [estoque] [http-nio-8383-exec-4] o.t.e.springsecurity6.auth.AuthUtils     : [THYMELEAF][http-nio-8383-exec-4] Authentication object of class org.springframework.security.authentication.UsernamePasswordAuthenticationToken found in context for user "master".
2026-07-01T16:52:35.158-03:00 TRACE 20444 --- [estoque] [http-nio-8383-exec-4] o.t.e.springsecurity6.auth.AuthUtils     : [THYMELEAF][http-nio-8383-exec-4] Checking authorization using access expression "hasAnyRole('FINANCEIRO','MASTER')" for user "master".
2026-07-01T16:52:35.159-03:00 TRACE 20444 --- [estoque] [http-nio-8383-exec-4] o.t.e.springsecurity6.auth.AuthUtils     : [THYMELEAF][http-nio-8383-exec-4] Checked authorization using access expression "hasAnyRole('FINANCEIRO','MASTER')" for user "master". Access GRANTED.
2026-07-01T16:52:35.159-03:00 TRACE 20444 --- [estoque] [http-nio-8383-exec-4] o.t.T.cache.EXPRESSION_CACHE             : [THYMELEAF][http-nio-8383-exec-4][EXPRESSION_CACHE][CACHE_HIT] Cache hit in cache "EXPRESSION_CACHE" for key "expr|@{/logout}".
2026-07-01T16:52:35.159-03:00 TRACE 20444 --- [estoque] [http-nio-8383-exec-4] o.t.standard.expression.LinkExpression   : [THYMELEAF][http-nio-8383-exec-4] Evaluating link: "@{'/logout'}"
2026-07-01T16:52:35.159-03:00 TRACE 20444 --- [estoque] [http-nio-8383-exec-4] o.t.s.expression.TextLiteralExpression   : [THYMELEAF][http-nio-8383-exec-4] Evaluating text literal: "'/logout'"
2026-07-01T16:52:35.160-03:00 TRACE 20444 --- [estoque] [http-nio-8383-exec-4] org.thymeleaf.TemplateEngine             : [THYMELEAF][http-nio-8383-exec-4] FINISHED PROCESS AND OUTPUT OF TEMPLATE "relatorio-financeiro" WITH LOCALE pt_BR
2026-07-01T16:52:35.161-03:00 TRACE 20444 --- [estoque] [http-nio-8383-exec-4] org.thymeleaf.TemplateEngine.TIMER       : [THYMELEAF][http-nio-8383-exec-4][relatorio-financeiro][pt_BR][22396900][22] TEMPLATE "relatorio-financeiro" WITH LOCALE pt_BR PROCESSED IN 22396900 nanoseconds (approx. 22ms)
2026-07-01T16:52:35.161-03:00 DEBUG 20444 --- [estoque] [http-nio-8383-exec-4] o.s.web.servlet.DispatcherServlet        : Completed 200 OK
2026-07-01T16:52:35.263-03:00 DEBUG 20444 --- [estoque] [http-nio-8383-exec-6] o.s.web.servlet.DispatcherServlet        : GET "/financeiro/api/formas-pagamento", parameters={}
2026-07-01T16:52:35.263-03:00 DEBUG 20444 --- [estoque] [http-nio-8383-exec-5] o.s.web.servlet.DispatcherServlet        : GET "/financeiro/api/clientes", parameters={}
2026-07-01T16:52:35.264-03:00 DEBUG 20444 --- [estoque] [http-nio-8383-exec-6] s.w.s.m.m.a.RequestMappingHandlerMapping : Mapped to com.expedicao.estoque.controller.FinanceiroController#listarFormasPagamento()
2026-07-01T16:52:35.265-03:00 DEBUG 20444 --- [estoque] [http-nio-8383-exec-5] s.w.s.m.m.a.RequestMappingHandlerMapping : Mapped to com.expedicao.estoque.controller.FinanceiroController#listarClientes()
2026-07-01T16:52:35.277-03:00 DEBUG 20444 --- [estoque] [http-nio-8383-exec-5] m.m.a.RequestResponseBodyMethodProcessor : Using 'application/json', given [*/*] and supported [application/json, application/*+json]
2026-07-01T16:52:35.277-03:00 DEBUG 20444 --- [estoque] [http-nio-8383-exec-5] m.m.a.RequestResponseBodyMethodProcessor : Writing [[Cliente 1, Cliente10, Pablo, Teste2, Teste3]]
2026-07-01T16:52:35.279-03:00 DEBUG 20444 --- [estoque] [http-nio-8383-exec-5] o.s.web.servlet.DispatcherServlet        : Completed 200 OK
2026-07-01T16:52:35.283-03:00 DEBUG 20444 --- [estoque] [http-nio-8383-exec-7] o.s.web.servlet.DispatcherServlet        : GET "/financeiro/api/relatorio", parameters={}
2026-07-01T16:52:35.284-03:00 DEBUG 20444 --- [estoque] [http-nio-8383-exec-7] s.w.s.m.m.a.RequestMappingHandlerMapping : Mapped to com.expedicao.estoque.controller.FinanceiroController#relatorioFinanceiro(String, String, FormaPagamento)
2026-07-01T16:52:35.303-03:00 DEBUG 20444 --- [estoque] [http-nio-8383-exec-6] m.m.a.RequestResponseBodyMethodProcessor : Using 'application/json', given [*/*] and supported [application/json, application/*+json]
2026-07-01T16:52:35.305-03:00 DEBUG 20444 --- [estoque] [http-nio-8383-exec-6] m.m.a.RequestResponseBodyMethodProcessor : Writing [[PIX, CHEQUE, FRETE, OUTROS]]
2026-07-01T16:52:35.312-03:00 DEBUG 20444 --- [estoque] [http-nio-8383-exec-6] o.s.web.servlet.DispatcherServlet        : Completed 200 OK
2026-07-01T16:52:35.316-03:00 DEBUG 20444 --- [estoque] [http-nio-8383-exec-7] m.m.a.RequestResponseBodyMethodProcessor : Using 'application/json', given [*/*] and supported [application/json, application/*+json]
2026-07-01T16:52:35.316-03:00 DEBUG 20444 --- [estoque] [http-nio-8383-exec-7] m.m.a.RequestResponseBodyMethodProcessor : Writing [[com.expedicao.estoque.dto.ContaReceberDTO@7f5445da, com.expedicao.estoque.dto.ContaReceberDTO@75fa3 (truncated)...]
2026-07-01T16:52:35.318-03:00 DEBUG 20444 --- [estoque] [http-nio-8383-exec-7] o.s.web.servlet.DispatcherServlet        : Completed 200 OK
2026-07-01T16:54:55.223-03:00 DEBUG 20444 --- [estoque] [http-nio-8383-exec-1] o.s.web.servlet.DispatcherServlet        : GET "/relatorios", parameters={}
2026-07-01T16:54:55.224-03:00 DEBUG 20444 --- [estoque] [http-nio-8383-exec-1] s.w.s.m.m.a.RequestMappingHandlerMapping : Mapped to com.expedicao.estoque.controller.RelatorioController#menuRelatorios()
2026-07-01T16:54:55.225-03:00 TRACE 20444 --- [estoque] [http-nio-8383-exec-1] o.t.spring6.view.ThymeleafViewResolver   : [THYMELEAF] View relatorios will be handled by ThymeleafViewResolver and a ThymeleafView instance will be created for it
2026-07-01T16:54:55.226-03:00 TRACE 20444 --- [estoque] [http-nio-8383-exec-1] o.t.spring6.view.ThymeleafViewResolver   : [THYMELEAF] View relatorios.xml will be handled by ThymeleafViewResolver and a ThymeleafView instance will be created for it
2026-07-01T16:54:55.226-03:00 DEBUG 20444 --- [estoque] [http-nio-8383-exec-1] o.s.w.s.v.ContentNegotiatingViewResolver : Selected 'text/html' given [text/html, application/xhtml+xml, image/avif, image/webp, image/apng, application/xml;q=0.9, */*;q=0.8, application/signed-exchange;v=b3;q=0.7]
2026-07-01T16:54:55.227-03:00 TRACE 20444 --- [estoque] [http-nio-8383-exec-1] org.thymeleaf.TemplateEngine             : [THYMELEAF][http-nio-8383-exec-1] STARTING PROCESS OF TEMPLATE "relatorios" WITH LOCALE pt_BR
2026-07-01T16:54:55.227-03:00 TRACE 20444 --- [estoque] [http-nio-8383-exec-1] o.t.TemplateEngine.cache.TEMPLATE_CACHE  : [THYMELEAF][http-nio-8383-exec-1][TEMPLATE_CACHE][CACHE_MISS] Cache miss in cache "TEMPLATE_CACHE" for key "relatorios".
2026-07-01T16:54:55.227-03:00 TRACE 20444 --- [estoque] [http-nio-8383-exec-1] org.thymeleaf.engine.TemplateManager     : [THYMELEAF][http-nio-8383-exec-1] Template resolver match! Resolver "org.thymeleaf.spring6.templateresolver.SpringResourceTemplateResolver" will resolve template "relatorios"
2026-07-01T16:54:55.233-03:00 TRACE 20444 --- [estoque] [http-nio-8383-exec-1] o.t.e.springsecurity6.auth.AuthUtils     : [THYMELEAF][http-nio-8383-exec-1] Obtaining authentication object.
2026-07-01T16:54:55.237-03:00 TRACE 20444 --- [estoque] [http-nio-8383-exec-1] o.t.e.springsecurity6.auth.AuthUtils     : [THYMELEAF][http-nio-8383-exec-1] Authentication object of class org.springframework.security.authentication.UsernamePasswordAuthenticationToken found in context for user "master".
2026-07-01T16:54:55.238-03:00 TRACE 20444 --- [estoque] [http-nio-8383-exec-1] o.t.e.springsecurity6.auth.AuthUtils     : [THYMELEAF][http-nio-8383-exec-1] Checking authorization using access expression "hasRole('MASTER')" for user "master".
2026-07-01T16:54:55.239-03:00 TRACE 20444 --- [estoque] [http-nio-8383-exec-1] o.t.e.springsecurity6.auth.AuthUtils     : [THYMELEAF][http-nio-8383-exec-1] Checked authorization using access expression "hasRole('MASTER')" for user "master". Access GRANTED.
2026-07-01T16:54:55.240-03:00 TRACE 20444 --- [estoque] [http-nio-8383-exec-1] o.t.e.springsecurity6.auth.AuthUtils     : [THYMELEAF][http-nio-8383-exec-1] Obtaining authentication object.
2026-07-01T16:54:55.240-03:00 TRACE 20444 --- [estoque] [http-nio-8383-exec-1] o.t.e.springsecurity6.auth.AuthUtils     : [THYMELEAF][http-nio-8383-exec-1] Authentication object of class org.springframework.security.authentication.UsernamePasswordAuthenticationToken found in context for user "master".
2026-07-01T16:54:55.240-03:00 TRACE 20444 --- [estoque] [http-nio-8383-exec-1] o.t.e.springsecurity6.auth.AuthUtils     : [THYMELEAF][http-nio-8383-exec-1] Checking authorization using access expression "hasAnyRole('CLIENTES','MASTER')" for user "master".
2026-07-01T16:54:55.241-03:00 TRACE 20444 --- [estoque] [http-nio-8383-exec-1] o.t.e.springsecurity6.auth.AuthUtils     : [THYMELEAF][http-nio-8383-exec-1] Checked authorization using access expression "hasAnyRole('CLIENTES','MASTER')" for user "master". Access GRANTED.
2026-07-01T16:54:55.242-03:00 TRACE 20444 --- [estoque] [http-nio-8383-exec-1] o.t.e.springsecurity6.auth.AuthUtils     : [THYMELEAF][http-nio-8383-exec-1] Obtaining authentication object.
2026-07-01T16:54:55.242-03:00 TRACE 20444 --- [estoque] [http-nio-8383-exec-1] o.t.e.springsecurity6.auth.AuthUtils     : [THYMELEAF][http-nio-8383-exec-1] Authentication object of class org.springframework.security.authentication.UsernamePasswordAuthenticationToken found in context for user "master".
2026-07-01T16:54:55.242-03:00 TRACE 20444 --- [estoque] [http-nio-8383-exec-1] o.t.e.springsecurity6.auth.AuthUtils     : [THYMELEAF][http-nio-8383-exec-1] Checking authorization using access expression "hasAnyRole('PRODUTO','MASTER')" for user "master".
2026-07-01T16:54:55.243-03:00 TRACE 20444 --- [estoque] [http-nio-8383-exec-1] o.t.e.springsecurity6.auth.AuthUtils     : [THYMELEAF][http-nio-8383-exec-1] Checked authorization using access expression "hasAnyRole('PRODUTO','MASTER')" for user "master". Access GRANTED.
2026-07-01T16:54:55.244-03:00 TRACE 20444 --- [estoque] [http-nio-8383-exec-1] o.t.e.springsecurity6.auth.AuthUtils     : [THYMELEAF][http-nio-8383-exec-1] Obtaining authentication object.
2026-07-01T16:54:55.245-03:00 TRACE 20444 --- [estoque] [http-nio-8383-exec-1] o.t.e.springsecurity6.auth.AuthUtils     : [THYMELEAF][http-nio-8383-exec-1] Authentication object of class org.springframework.security.authentication.UsernamePasswordAuthenticationToken found in context for user "master".
2026-07-01T16:54:55.245-03:00 TRACE 20444 --- [estoque] [http-nio-8383-exec-1] o.t.e.springsecurity6.auth.AuthUtils     : [THYMELEAF][http-nio-8383-exec-1] Checking authorization using access expression "hasAnyRole('ESTOQUE','MASTER')" for user "master".
2026-07-01T16:54:55.246-03:00 TRACE 20444 --- [estoque] [http-nio-8383-exec-1] o.t.e.springsecurity6.auth.AuthUtils     : [THYMELEAF][http-nio-8383-exec-1] Checked authorization using access expression "hasAnyRole('ESTOQUE','MASTER')" for user "master". Access GRANTED.
2026-07-01T16:54:55.246-03:00 TRACE 20444 --- [estoque] [http-nio-8383-exec-1] o.t.e.springsecurity6.auth.AuthUtils     : [THYMELEAF][http-nio-8383-exec-1] Obtaining authentication object.
2026-07-01T16:54:55.246-03:00 TRACE 20444 --- [estoque] [http-nio-8383-exec-1] o.t.e.springsecurity6.auth.AuthUtils     : [THYMELEAF][http-nio-8383-exec-1] Authentication object of class org.springframework.security.authentication.UsernamePasswordAuthenticationToken found in context for user "master".
2026-07-01T16:54:55.246-03:00 TRACE 20444 --- [estoque] [http-nio-8383-exec-1] o.t.e.springsecurity6.auth.AuthUtils     : [THYMELEAF][http-nio-8383-exec-1] Checking authorization using access expression "hasAnyRole('VENDAS','MASTER')" for user "master".
2026-07-01T16:54:55.247-03:00 TRACE 20444 --- [estoque] [http-nio-8383-exec-1] o.t.e.springsecurity6.auth.AuthUtils     : [THYMELEAF][http-nio-8383-exec-1] Checked authorization using access expression "hasAnyRole('VENDAS','MASTER')" for user "master". Access GRANTED.
2026-07-01T16:54:55.247-03:00 TRACE 20444 --- [estoque] [http-nio-8383-exec-1] o.t.e.springsecurity6.auth.AuthUtils     : [THYMELEAF][http-nio-8383-exec-1] Obtaining authentication object.
2026-07-01T16:54:55.247-03:00 TRACE 20444 --- [estoque] [http-nio-8383-exec-1] o.t.e.springsecurity6.auth.AuthUtils     : [THYMELEAF][http-nio-8383-exec-1] Authentication object of class org.springframework.security.authentication.UsernamePasswordAuthenticationToken found in context for user "master".
2026-07-01T16:54:55.247-03:00 TRACE 20444 --- [estoque] [http-nio-8383-exec-1] o.t.e.springsecurity6.auth.AuthUtils     : [THYMELEAF][http-nio-8383-exec-1] Checking authorization using access expression "hasAnyRole('FINANCEIRO','MASTER')" for user "master".
2026-07-01T16:54:55.248-03:00 TRACE 20444 --- [estoque] [http-nio-8383-exec-1] o.t.e.springsecurity6.auth.AuthUtils     : [THYMELEAF][http-nio-8383-exec-1] Checked authorization using access expression "hasAnyRole('FINANCEIRO','MASTER')" for user "master". Access GRANTED.
2026-07-01T16:54:55.249-03:00 TRACE 20444 --- [estoque] [http-nio-8383-exec-1] o.t.e.springsecurity6.auth.AuthUtils     : [THYMELEAF][http-nio-8383-exec-1] Obtaining authentication object.
2026-07-01T16:54:55.250-03:00 TRACE 20444 --- [estoque] [http-nio-8383-exec-1] o.t.e.springsecurity6.auth.AuthUtils     : [THYMELEAF][http-nio-8383-exec-1] Authentication object of class org.springframework.security.authentication.UsernamePasswordAuthenticationToken found in context for user "master".
2026-07-01T16:54:55.250-03:00 TRACE 20444 --- [estoque] [http-nio-8383-exec-1] o.t.e.springsecurity6.auth.AuthUtils     : [THYMELEAF][http-nio-8383-exec-1] Checking authorization using access expression "hasAnyRole('FINANCEIRO','MASTER')" for user "master".
2026-07-01T16:54:55.251-03:00 TRACE 20444 --- [estoque] [http-nio-8383-exec-1] o.t.e.springsecurity6.auth.AuthUtils     : [THYMELEAF][http-nio-8383-exec-1] Checked authorization using access expression "hasAnyRole('FINANCEIRO','MASTER')" for user "master". Access GRANTED.
2026-07-01T16:54:55.251-03:00 TRACE 20444 --- [estoque] [http-nio-8383-exec-1] o.t.T.cache.EXPRESSION_CACHE             : [THYMELEAF][http-nio-8383-exec-1][EXPRESSION_CACHE][CACHE_HIT] Cache hit in cache "EXPRESSION_CACHE" for key "expr|@{/logout}".
2026-07-01T16:54:55.251-03:00 TRACE 20444 --- [estoque] [http-nio-8383-exec-1] o.t.standard.expression.LinkExpression   : [THYMELEAF][http-nio-8383-exec-1] Evaluating link: "@{'/logout'}"
2026-07-01T16:54:55.253-03:00 TRACE 20444 --- [estoque] [http-nio-8383-exec-1] o.t.s.expression.TextLiteralExpression   : [THYMELEAF][http-nio-8383-exec-1] Evaluating text literal: "'/logout'"
2026-07-01T16:54:55.255-03:00 TRACE 20444 --- [estoque] [http-nio-8383-exec-1] org.thymeleaf.TemplateEngine             : [THYMELEAF][http-nio-8383-exec-1] FINISHED PROCESS AND OUTPUT OF TEMPLATE "relatorios" WITH LOCALE pt_BR
2026-07-01T16:54:55.255-03:00 TRACE 20444 --- [estoque] [http-nio-8383-exec-1] org.thymeleaf.TemplateEngine.TIMER       : [THYMELEAF][http-nio-8383-exec-1][relatorios][pt_BR][28422300][28] TEMPLATE "relatorios" WITH LOCALE pt_BR PROCESSED IN 28422300 nanoseconds (approx. 28ms)
2026-07-01T16:54:55.260-03:00 DEBUG 20444 --- [estoque] [http-nio-8383-exec-1] o.s.web.servlet.DispatcherServlet        : Completed 200 OK
2026-07-01T16:54:56.189-03:00 DEBUG 20444 --- [estoque] [http-nio-8383-exec-2] o.s.web.servlet.DispatcherServlet        : GET "/relatorios/vendas", parameters={}
2026-07-01T16:54:56.190-03:00 DEBUG 20444 --- [estoque] [http-nio-8383-exec-2] s.w.s.m.m.a.RequestMappingHandlerMapping : Mapped to com.expedicao.estoque.controller.RelatorioController#relatorioVendas(String, String, String, String, String, LocalDate, LocalDate, Boolean, int, Model)
2026-07-01T16:54:56.277-03:00 TRACE 20444 --- [estoque] [http-nio-8383-exec-2] o.t.spring6.view.ThymeleafViewResolver   : [THYMELEAF] View relatorio-vendas will be handled by ThymeleafViewResolver and a ThymeleafView instance will be created for it
2026-07-01T16:54:56.277-03:00 TRACE 20444 --- [estoque] [http-nio-8383-exec-2] o.t.spring6.view.ThymeleafViewResolver   : [THYMELEAF] View relatorio-vendas.xml will be handled by ThymeleafViewResolver and a ThymeleafView instance will be created for it
2026-07-01T16:54:56.277-03:00 DEBUG 20444 --- [estoque] [http-nio-8383-exec-2] o.s.w.s.v.ContentNegotiatingViewResolver : Selected 'text/html' given [text/html, application/xhtml+xml, image/avif, image/webp, image/apng, application/xml;q=0.9, */*;q=0.8, application/signed-exchange;v=b3;q=0.7]
2026-07-01T16:54:56.278-03:00 TRACE 20444 --- [estoque] [http-nio-8383-exec-2] org.thymeleaf.TemplateEngine             : [THYMELEAF][http-nio-8383-exec-2] STARTING PROCESS OF TEMPLATE "relatorio-vendas" WITH LOCALE pt_BR
2026-07-01T16:54:56.278-03:00 TRACE 20444 --- [estoque] [http-nio-8383-exec-2] o.t.TemplateEngine.cache.TEMPLATE_CACHE  : [THYMELEAF][http-nio-8383-exec-2][TEMPLATE_CACHE][CACHE_MISS] Cache miss in cache "TEMPLATE_CACHE" for key "relatorio-vendas".
2026-07-01T16:54:56.278-03:00 TRACE 20444 --- [estoque] [http-nio-8383-exec-2] org.thymeleaf.engine.TemplateManager     : [THYMELEAF][http-nio-8383-exec-2] Template resolver match! Resolver "org.thymeleaf.spring6.templateresolver.SpringResourceTemplateResolver" will resolve template "relatorio-vendas"
2026-07-01T16:54:56.280-03:00 TRACE 20444 --- [estoque] [http-nio-8383-exec-2] o.t.e.springsecurity6.auth.AuthUtils     : [THYMELEAF][http-nio-8383-exec-2] Obtaining authentication object.
2026-07-01T16:54:56.280-03:00 TRACE 20444 --- [estoque] [http-nio-8383-exec-2] o.t.e.springsecurity6.auth.AuthUtils     : [THYMELEAF][http-nio-8383-exec-2] Authentication object of class org.springframework.security.authentication.UsernamePasswordAuthenticationToken found in context for user "master".
2026-07-01T16:54:56.280-03:00 TRACE 20444 --- [estoque] [http-nio-8383-exec-2] o.t.e.springsecurity6.auth.AuthUtils     : [THYMELEAF][http-nio-8383-exec-2] Checking authorization using access expression "hasRole('MASTER')" for user "master".
2026-07-01T16:54:56.281-03:00 TRACE 20444 --- [estoque] [http-nio-8383-exec-2] o.t.e.springsecurity6.auth.AuthUtils     : [THYMELEAF][http-nio-8383-exec-2] Checked authorization using access expression "hasRole('MASTER')" for user "master". Access GRANTED.
2026-07-01T16:54:56.281-03:00 TRACE 20444 --- [estoque] [http-nio-8383-exec-2] o.t.e.springsecurity6.auth.AuthUtils     : [THYMELEAF][http-nio-8383-exec-2] Obtaining authentication object.
2026-07-01T16:54:56.281-03:00 TRACE 20444 --- [estoque] [http-nio-8383-exec-2] o.t.e.springsecurity6.auth.AuthUtils     : [THYMELEAF][http-nio-8383-exec-2] Authentication object of class org.springframework.security.authentication.UsernamePasswordAuthenticationToken found in context for user "master".
2026-07-01T16:54:56.281-03:00 TRACE 20444 --- [estoque] [http-nio-8383-exec-2] o.t.e.springsecurity6.auth.AuthUtils     : [THYMELEAF][http-nio-8383-exec-2] Checking authorization using access expression "hasAnyRole('CLIENTES','MASTER')" for user "master".
2026-07-01T16:54:56.282-03:00 TRACE 20444 --- [estoque] [http-nio-8383-exec-2] o.t.e.springsecurity6.auth.AuthUtils     : [THYMELEAF][http-nio-8383-exec-2] Checked authorization using access expression "hasAnyRole('CLIENTES','MASTER')" for user "master". Access GRANTED.
2026-07-01T16:54:56.283-03:00 TRACE 20444 --- [estoque] [http-nio-8383-exec-2] o.t.e.springsecurity6.auth.AuthUtils     : [THYMELEAF][http-nio-8383-exec-2] Obtaining authentication object.
2026-07-01T16:54:56.284-03:00 TRACE 20444 --- [estoque] [http-nio-8383-exec-2] o.t.e.springsecurity6.auth.AuthUtils     : [THYMELEAF][http-nio-8383-exec-2] Authentication object of class org.springframework.security.authentication.UsernamePasswordAuthenticationToken found in context for user "master".
2026-07-01T16:54:56.285-03:00 TRACE 20444 --- [estoque] [http-nio-8383-exec-2] o.t.e.springsecurity6.auth.AuthUtils     : [THYMELEAF][http-nio-8383-exec-2] Checking authorization using access expression "hasAnyRole('PRODUTO','MASTER')" for user "master".
2026-07-01T16:54:56.286-03:00 TRACE 20444 --- [estoque] [http-nio-8383-exec-2] o.t.e.springsecurity6.auth.AuthUtils     : [THYMELEAF][http-nio-8383-exec-2] Checked authorization using access expression "hasAnyRole('PRODUTO','MASTER')" for user "master". Access GRANTED.
2026-07-01T16:54:56.286-03:00 TRACE 20444 --- [estoque] [http-nio-8383-exec-2] o.t.e.springsecurity6.auth.AuthUtils     : [THYMELEAF][http-nio-8383-exec-2] Obtaining authentication object.
2026-07-01T16:54:56.286-03:00 TRACE 20444 --- [estoque] [http-nio-8383-exec-2] o.t.e.springsecurity6.auth.AuthUtils     : [THYMELEAF][http-nio-8383-exec-2] Authentication object of class org.springframework.security.authentication.UsernamePasswordAuthenticationToken found in context for user "master".
2026-07-01T16:54:56.286-03:00 TRACE 20444 --- [estoque] [http-nio-8383-exec-2] o.t.e.springsecurity6.auth.AuthUtils     : [THYMELEAF][http-nio-8383-exec-2] Checking authorization using access expression "hasAnyRole('ESTOQUE','MASTER')" for user "master".
2026-07-01T16:54:56.287-03:00 TRACE 20444 --- [estoque] [http-nio-8383-exec-2] o.t.e.springsecurity6.auth.AuthUtils     : [THYMELEAF][http-nio-8383-exec-2] Checked authorization using access expression "hasAnyRole('ESTOQUE','MASTER')" for user "master". Access GRANTED.
2026-07-01T16:54:56.287-03:00 TRACE 20444 --- [estoque] [http-nio-8383-exec-2] o.t.e.springsecurity6.auth.AuthUtils     : [THYMELEAF][http-nio-8383-exec-2] Obtaining authentication object.
2026-07-01T16:54:56.287-03:00 TRACE 20444 --- [estoque] [http-nio-8383-exec-2] o.t.e.springsecurity6.auth.AuthUtils     : [THYMELEAF][http-nio-8383-exec-2] Authentication object of class org.springframework.security.authentication.UsernamePasswordAuthenticationToken found in context for user "master".
2026-07-01T16:54:56.288-03:00 TRACE 20444 --- [estoque] [http-nio-8383-exec-2] o.t.e.springsecurity6.auth.AuthUtils     : [THYMELEAF][http-nio-8383-exec-2] Checking authorization using access expression "hasAnyRole('VENDAS','MASTER')" for user "master".
2026-07-01T16:54:56.289-03:00 TRACE 20444 --- [estoque] [http-nio-8383-exec-2] o.t.e.springsecurity6.auth.AuthUtils     : [THYMELEAF][http-nio-8383-exec-2] Checked authorization using access expression "hasAnyRole('VENDAS','MASTER')" for user "master". Access GRANTED.
2026-07-01T16:54:56.289-03:00 TRACE 20444 --- [estoque] [http-nio-8383-exec-2] o.t.e.springsecurity6.auth.AuthUtils     : [THYMELEAF][http-nio-8383-exec-2] Obtaining authentication object.
2026-07-01T16:54:56.289-03:00 TRACE 20444 --- [estoque] [http-nio-8383-exec-2] o.t.e.springsecurity6.auth.AuthUtils     : [THYMELEAF][http-nio-8383-exec-2] Authentication object of class org.springframework.security.authentication.UsernamePasswordAuthenticationToken found in context for user "master".
2026-07-01T16:54:56.289-03:00 TRACE 20444 --- [estoque] [http-nio-8383-exec-2] o.t.e.springsecurity6.auth.AuthUtils     : [THYMELEAF][http-nio-8383-exec-2] Checking authorization using access expression "hasAnyRole('FINANCEIRO','MASTER')" for user "master".
2026-07-01T16:54:56.290-03:00 TRACE 20444 --- [estoque] [http-nio-8383-exec-2] o.t.e.springsecurity6.auth.AuthUtils     : [THYMELEAF][http-nio-8383-exec-2] Checked authorization using access expression "hasAnyRole('FINANCEIRO','MASTER')" for user "master". Access GRANTED.
2026-07-01T16:54:56.290-03:00 TRACE 20444 --- [estoque] [http-nio-8383-exec-2] o.t.e.springsecurity6.auth.AuthUtils     : [THYMELEAF][http-nio-8383-exec-2] Obtaining authentication object.
2026-07-01T16:54:56.290-03:00 TRACE 20444 --- [estoque] [http-nio-8383-exec-2] o.t.e.springsecurity6.auth.AuthUtils     : [THYMELEAF][http-nio-8383-exec-2] Authentication object of class org.springframework.security.authentication.UsernamePasswordAuthenticationToken found in context for user "master".
2026-07-01T16:54:56.290-03:00 TRACE 20444 --- [estoque] [http-nio-8383-exec-2] o.t.e.springsecurity6.auth.AuthUtils     : [THYMELEAF][http-nio-8383-exec-2] Checking authorization using access expression "hasAnyRole('FINANCEIRO','MASTER')" for user "master".
2026-07-01T16:54:56.290-03:00 TRACE 20444 --- [estoque] [http-nio-8383-exec-2] o.t.e.springsecurity6.auth.AuthUtils     : [THYMELEAF][http-nio-8383-exec-2] Checked authorization using access expression "hasAnyRole('FINANCEIRO','MASTER')" for user "master". Access GRANTED.
2026-07-01T16:54:56.291-03:00 TRACE 20444 --- [estoque] [http-nio-8383-exec-2] o.t.T.cache.EXPRESSION_CACHE             : [THYMELEAF][http-nio-8383-exec-2][EXPRESSION_CACHE][CACHE_HIT] Cache hit in cache "EXPRESSION_CACHE" for key "expr|@{/logout}".
2026-07-01T16:54:56.291-03:00 TRACE 20444 --- [estoque] [http-nio-8383-exec-2] o.t.standard.expression.LinkExpression   : [THYMELEAF][http-nio-8383-exec-2] Evaluating link: "@{'/logout'}"
2026-07-01T16:54:56.291-03:00 TRACE 20444 --- [estoque] [http-nio-8383-exec-2] o.t.s.expression.TextLiteralExpression   : [THYMELEAF][http-nio-8383-exec-2] Evaluating text literal: "'/logout'"
2026-07-01T16:54:56.292-03:00 TRACE 20444 --- [estoque] [http-nio-8383-exec-2] o.t.T.cache.EXPRESSION_CACHE             : [THYMELEAF][http-nio-8383-exec-2][EXPRESSION_CACHE][CACHE_HIT] Cache hit in cache "EXPRESSION_CACHE" for key "expr|${totalPedidos}".
2026-07-01T16:54:56.292-03:00 TRACE 20444 --- [estoque] [http-nio-8383-exec-2] o.t.s.expression.VariableExpression      : [THYMELEAF][http-nio-8383-exec-2] Evaluating variable expression: "${totalPedidos}"
2026-07-01T16:54:56.292-03:00 TRACE 20444 --- [estoque] [http-nio-8383-exec-2] o.t.s.e.SPELVariableExpressionEvaluator  : [THYMELEAF][http-nio-8383-exec-2] SpringEL expression: evaluating expression "totalPedidos" on target
2026-07-01T16:54:56.292-03:00 TRACE 20444 --- [estoque] [http-nio-8383-exec-2] o.t.T.cache.EXPRESSION_CACHE             : [THYMELEAF][http-nio-8383-exec-2][EXPRESSION_CACHE][CACHE_HIT] Cache hit in cache "EXPRESSION_CACHE" for key "expr|${totalItens}".
2026-07-01T16:54:56.292-03:00 TRACE 20444 --- [estoque] [http-nio-8383-exec-2] o.t.s.expression.VariableExpression      : [THYMELEAF][http-nio-8383-exec-2] Evaluating variable expression: "${totalItens}"
2026-07-01T16:54:56.293-03:00 TRACE 20444 --- [estoque] [http-nio-8383-exec-2] o.t.s.e.SPELVariableExpressionEvaluator  : [THYMELEAF][http-nio-8383-exec-2] SpringEL expression: evaluating expression "totalItens" on target
2026-07-01T16:54:56.293-03:00 TRACE 20444 --- [estoque] [http-nio-8383-exec-2] o.t.T.cache.EXPRESSION_CACHE             : [THYMELEAF][http-nio-8383-exec-2][EXPRESSION_CACHE][CACHE_HIT] Cache hit in cache "EXPRESSION_CACHE" for key "expr|${totalQuantidade}".
2026-07-01T16:54:56.293-03:00 TRACE 20444 --- [estoque] [http-nio-8383-exec-2] o.t.s.expression.VariableExpression      : [THYMELEAF][http-nio-8383-exec-2] Evaluating variable expression: "${totalQuantidade}"
2026-07-01T16:54:56.293-03:00 TRACE 20444 --- [estoque] [http-nio-8383-exec-2] o.t.s.e.SPELVariableExpressionEvaluator  : [THYMELEAF][http-nio-8383-exec-2] SpringEL expression: evaluating expression "totalQuantidade" on target
2026-07-01T16:54:56.293-03:00 TRACE 20444 --- [estoque] [http-nio-8383-exec-2] o.t.T.cache.EXPRESSION_CACHE             : [THYMELEAF][http-nio-8383-exec-2][EXPRESSION_CACHE][CACHE_HIT] Cache hit in cache "EXPRESSION_CACHE" for key "expr|@{/relatorios/vendas}".
2026-07-01T16:54:56.293-03:00 TRACE 20444 --- [estoque] [http-nio-8383-exec-2] o.t.standard.expression.LinkExpression   : [THYMELEAF][http-nio-8383-exec-2] Evaluating link: "@{'/relatorios/vendas'}"
2026-07-01T16:54:56.293-03:00 TRACE 20444 --- [estoque] [http-nio-8383-exec-2] o.t.s.expression.TextLiteralExpression   : [THYMELEAF][http-nio-8383-exec-2] Evaluating text literal: "'/relatorios/vendas'"
2026-07-01T16:54:56.294-03:00 TRACE 20444 --- [estoque] [http-nio-8383-exec-2] o.t.T.cache.EXPRESSION_CACHE             : [THYMELEAF][http-nio-8383-exec-2][EXPRESSION_CACHE][CACHE_HIT] Cache hit in cache "EXPRESSION_CACHE" for key "each|p : ${listaPedidos}".
2026-07-01T16:54:56.294-03:00 TRACE 20444 --- [estoque] [http-nio-8383-exec-2] o.t.s.expression.GenericTokenExpression  : [THYMELEAF][http-nio-8383-exec-2] Evaluating generic token: "p"
2026-07-01T16:54:56.294-03:00 TRACE 20444 --- [estoque] [http-nio-8383-exec-2] o.t.s.expression.VariableExpression      : [THYMELEAF][http-nio-8383-exec-2] Evaluating variable expression: "${listaPedidos}"
2026-07-01T16:54:56.294-03:00 TRACE 20444 --- [estoque] [http-nio-8383-exec-2] o.t.s.e.SPELVariableExpressionEvaluator  : [THYMELEAF][http-nio-8383-exec-2] SpringEL expression: evaluating expression "listaPedidos" on target
2026-07-01T16:54:56.294-03:00 TRACE 20444 --- [estoque] [http-nio-8383-exec-2] o.t.T.cache.EXPRESSION_CACHE             : [THYMELEAF][http-nio-8383-exec-2][EXPRESSION_CACHE][CACHE_HIT] Cache hit in cache "EXPRESSION_CACHE" for key "expr|${param.pedido == p}".
2026-07-01T16:54:56.294-03:00 TRACE 20444 --- [estoque] [http-nio-8383-exec-2] o.t.s.expression.VariableExpression      : [THYMELEAF][http-nio-8383-exec-2] Evaluating variable expression: "${param.pedido == p}"
2026-07-01T16:54:56.294-03:00 TRACE 20444 --- [estoque] [http-nio-8383-exec-2] o.t.s.e.SPELVariableExpressionEvaluator  : [THYMELEAF][http-nio-8383-exec-2] SpringEL expression: evaluating expression "param.pedido == p" on target
2026-07-01T16:54:56.295-03:00 TRACE 20444 --- [estoque] [http-nio-8383-exec-2] o.t.T.cache.EXPRESSION_CACHE             : [THYMELEAF][http-nio-8383-exec-2][EXPRESSION_CACHE][CACHE_HIT] Cache hit in cache "EXPRESSION_CACHE" for key "expr|${p}".
2026-07-01T16:54:56.295-03:00 TRACE 20444 --- [estoque] [http-nio-8383-exec-2] o.t.s.expression.VariableExpression      : [THYMELEAF][http-nio-8383-exec-2] Evaluating variable expression: "${p}"
2026-07-01T16:54:56.295-03:00 TRACE 20444 --- [estoque] [http-nio-8383-exec-2] o.t.s.e.SPELVariableExpressionEvaluator  : [THYMELEAF][http-nio-8383-exec-2] SpringEL expression: evaluating expression "p" on target
2026-07-01T16:54:56.295-03:00 TRACE 20444 --- [estoque] [http-nio-8383-exec-2] o.t.T.cache.EXPRESSION_CACHE             : [THYMELEAF][http-nio-8383-exec-2][EXPRESSION_CACHE][CACHE_HIT] Cache hit in cache "EXPRESSION_CACHE" for key "expr|${p}".
2026-07-01T16:54:56.295-03:00 TRACE 20444 --- [estoque] [http-nio-8383-exec-2] o.t.s.expression.VariableExpression      : [THYMELEAF][http-nio-8383-exec-2] Evaluating variable expression: "${p}"
2026-07-01T16:54:56.295-03:00 TRACE 20444 --- [estoque] [http-nio-8383-exec-2] o.t.s.e.SPELVariableExpressionEvaluator  : [THYMELEAF][http-nio-8383-exec-2] SpringEL expression: evaluating expression "p" on target
2026-07-01T16:54:56.295-03:00 TRACE 20444 --- [estoque] [http-nio-8383-exec-2] o.t.s.expression.VariableExpression      : [THYMELEAF][http-nio-8383-exec-2] Evaluating variable expression: "${param.pedido == p}"
2026-07-01T16:54:56.295-03:00 TRACE 20444 --- [estoque] [http-nio-8383-exec-2] o.t.s.e.SPELVariableExpressionEvaluator  : [THYMELEAF][http-nio-8383-exec-2] SpringEL expression: evaluating expression "param.pedido == p" on target
2026-07-01T16:54:56.296-03:00 TRACE 20444 --- [estoque] [http-nio-8383-exec-2] o.t.s.expression.VariableExpression      : [THYMELEAF][http-nio-8383-exec-2] Evaluating variable expression: "${p}"
2026-07-01T16:54:56.296-03:00 TRACE 20444 --- [estoque] [http-nio-8383-exec-2] o.t.s.e.SPELVariableExpressionEvaluator  : [THYMELEAF][http-nio-8383-exec-2] SpringEL expression: evaluating expression "p" on target
2026-07-01T16:54:56.296-03:00 TRACE 20444 --- [estoque] [http-nio-8383-exec-2] o.t.s.expression.VariableExpression      : [THYMELEAF][http-nio-8383-exec-2] Evaluating variable expression: "${p}"
2026-07-01T16:54:56.296-03:00 TRACE 20444 --- [estoque] [http-nio-8383-exec-2] o.t.s.e.SPELVariableExpressionEvaluator  : [THYMELEAF][http-nio-8383-exec-2] SpringEL expression: evaluating expression "p" on target
2026-07-01T16:54:56.296-03:00 TRACE 20444 --- [estoque] [http-nio-8383-exec-2] o.t.s.expression.VariableExpression      : [THYMELEAF][http-nio-8383-exec-2] Evaluating variable expression: "${param.pedido == p}"
2026-07-01T16:54:56.307-03:00 TRACE 20444 --- [estoque] [http-nio-8383-exec-2] o.t.s.e.SPELVariableExpressionEvaluator  : [THYMELEAF][http-nio-8383-exec-2] SpringEL expression: evaluating expression "param.pedido == p" on target
2026-07-01T16:54:56.307-03:00 TRACE 20444 --- [estoque] [http-nio-8383-exec-2] o.t.s.expression.VariableExpression      : [THYMELEAF][http-nio-8383-exec-2] Evaluating variable expression: "${p}"
2026-07-01T16:54:56.308-03:00 TRACE 20444 --- [estoque] [http-nio-8383-exec-2] o.t.s.e.SPELVariableExpressionEvaluator  : [THYMELEAF][http-nio-8383-exec-2] SpringEL expression: evaluating expression "p" on target
2026-07-01T16:54:56.308-03:00 TRACE 20444 --- [estoque] [http-nio-8383-exec-2] o.t.s.expression.VariableExpression      : [THYMELEAF][http-nio-8383-exec-2] Evaluating variable expression: "${p}"
2026-07-01T16:54:56.308-03:00 TRACE 20444 --- [estoque] [http-nio-8383-exec-2] o.t.s.e.SPELVariableExpressionEvaluator  : [THYMELEAF][http-nio-8383-exec-2] SpringEL expression: evaluating expression "p" on target
2026-07-01T16:54:56.308-03:00 TRACE 20444 --- [estoque] [http-nio-8383-exec-2] o.t.s.expression.VariableExpression      : [THYMELEAF][http-nio-8383-exec-2] Evaluating variable expression: "${param.pedido == p}"
2026-07-01T16:54:56.308-03:00 TRACE 20444 --- [estoque] [http-nio-8383-exec-2] o.t.s.e.SPELVariableExpressionEvaluator  : [THYMELEAF][http-nio-8383-exec-2] SpringEL expression: evaluating expression "param.pedido == p" on target
2026-07-01T16:54:56.308-03:00 TRACE 20444 --- [estoque] [http-nio-8383-exec-2] o.t.s.expression.VariableExpression      : [THYMELEAF][http-nio-8383-exec-2] Evaluating variable expression: "${p}"
2026-07-01T16:54:56.308-03:00 TRACE 20444 --- [estoque] [http-nio-8383-exec-2] o.t.s.e.SPELVariableExpressionEvaluator  : [THYMELEAF][http-nio-8383-exec-2] SpringEL expression: evaluating expression "p" on target
2026-07-01T16:54:56.309-03:00 TRACE 20444 --- [estoque] [http-nio-8383-exec-2] o.t.s.expression.VariableExpression      : [THYMELEAF][http-nio-8383-exec-2] Evaluating variable expression: "${p}"
2026-07-01T16:54:56.309-03:00 TRACE 20444 --- [estoque] [http-nio-8383-exec-2] o.t.s.e.SPELVariableExpressionEvaluator  : [THYMELEAF][http-nio-8383-exec-2] SpringEL expression: evaluating expression "p" on target
2026-07-01T16:54:56.309-03:00 TRACE 20444 --- [estoque] [http-nio-8383-exec-2] o.t.s.expression.VariableExpression      : [THYMELEAF][http-nio-8383-exec-2] Evaluating variable expression: "${param.pedido == p}"
2026-07-01T16:54:56.309-03:00 TRACE 20444 --- [estoque] [http-nio-8383-exec-2] o.t.s.e.SPELVariableExpressionEvaluator  : [THYMELEAF][http-nio-8383-exec-2] SpringEL expression: evaluating expression "param.pedido == p" on target
2026-07-01T16:54:56.309-03:00 TRACE 20444 --- [estoque] [http-nio-8383-exec-2] o.t.s.expression.VariableExpression      : [THYMELEAF][http-nio-8383-exec-2] Evaluating variable expression: "${p}"
2026-07-01T16:54:56.309-03:00 TRACE 20444 --- [estoque] [http-nio-8383-exec-2] o.t.s.e.SPELVariableExpressionEvaluator  : [THYMELEAF][http-nio-8383-exec-2] SpringEL expression: evaluating expression "p" on target
2026-07-01T16:54:56.309-03:00 TRACE 20444 --- [estoque] [http-nio-8383-exec-2] o.t.s.expression.VariableExpression      : [THYMELEAF][http-nio-8383-exec-2] Evaluating variable expression: "${p}"
2026-07-01T16:54:56.309-03:00 TRACE 20444 --- [estoque] [http-nio-8383-exec-2] o.t.s.e.SPELVariableExpressionEvaluator  : [THYMELEAF][http-nio-8383-exec-2] SpringEL expression: evaluating expression "p" on target
2026-07-01T16:54:56.309-03:00 TRACE 20444 --- [estoque] [http-nio-8383-exec-2] o.t.s.expression.VariableExpression      : [THYMELEAF][http-nio-8383-exec-2] Evaluating variable expression: "${param.pedido == p}"
2026-07-01T16:54:56.310-03:00 TRACE 20444 --- [estoque] [http-nio-8383-exec-2] o.t.s.e.SPELVariableExpressionEvaluator  : [THYMELEAF][http-nio-8383-exec-2] SpringEL expression: evaluating expression "param.pedido == p" on target
2026-07-01T16:54:56.310-03:00 TRACE 20444 --- [estoque] [http-nio-8383-exec-2] o.t.s.expression.VariableExpression      : [THYMELEAF][http-nio-8383-exec-2] Evaluating variable expression: "${p}"
2026-07-01T16:54:56.310-03:00 TRACE 20444 --- [estoque] [http-nio-8383-exec-2] o.t.s.e.SPELVariableExpressionEvaluator  : [THYMELEAF][http-nio-8383-exec-2] SpringEL expression: evaluating expression "p" on target
2026-07-01T16:54:56.310-03:00 TRACE 20444 --- [estoque] [http-nio-8383-exec-2] o.t.s.expression.VariableExpression      : [THYMELEAF][http-nio-8383-exec-2] Evaluating variable expression: "${p}"
2026-07-01T16:54:56.310-03:00 TRACE 20444 --- [estoque] [http-nio-8383-exec-2] o.t.s.e.SPELVariableExpressionEvaluator  : [THYMELEAF][http-nio-8383-exec-2] SpringEL expression: evaluating expression "p" on target
2026-07-01T16:54:56.310-03:00 TRACE 20444 --- [estoque] [http-nio-8383-exec-2] o.t.T.cache.EXPRESSION_CACHE             : [THYMELEAF][http-nio-8383-exec-2][EXPRESSION_CACHE][CACHE_HIT] Cache hit in cache "EXPRESSION_CACHE" for key "each|p : ${listaProdutos}".
2026-07-01T16:54:56.310-03:00 TRACE 20444 --- [estoque] [http-nio-8383-exec-2] o.t.s.expression.GenericTokenExpression  : [THYMELEAF][http-nio-8383-exec-2] Evaluating generic token: "p"
2026-07-01T16:54:56.310-03:00 TRACE 20444 --- [estoque] [http-nio-8383-exec-2] o.t.s.expression.VariableExpression      : [THYMELEAF][http-nio-8383-exec-2] Evaluating variable expression: "${listaProdutos}"
2026-07-01T16:54:56.310-03:00 TRACE 20444 --- [estoque] [http-nio-8383-exec-2] o.t.s.e.SPELVariableExpressionEvaluator  : [THYMELEAF][http-nio-8383-exec-2] SpringEL expression: evaluating expression "listaProdutos" on target
2026-07-01T16:54:56.311-03:00 TRACE 20444 --- [estoque] [http-nio-8383-exec-2] o.t.T.cache.EXPRESSION_CACHE             : [THYMELEAF][http-nio-8383-exec-2][EXPRESSION_CACHE][CACHE_HIT] Cache hit in cache "EXPRESSION_CACHE" for key "expr|${param.produto == p}".
2026-07-01T16:54:56.311-03:00 TRACE 20444 --- [estoque] [http-nio-8383-exec-2] o.t.s.expression.VariableExpression      : [THYMELEAF][http-nio-8383-exec-2] Evaluating variable expression: "${param.produto == p}"
2026-07-01T16:54:56.311-03:00 TRACE 20444 --- [estoque] [http-nio-8383-exec-2] o.t.s.e.SPELVariableExpressionEvaluator  : [THYMELEAF][http-nio-8383-exec-2] SpringEL expression: evaluating expression "param.produto == p" on target
2026-07-01T16:54:56.311-03:00 TRACE 20444 --- [estoque] [http-nio-8383-exec-2] o.t.T.cache.EXPRESSION_CACHE             : [THYMELEAF][http-nio-8383-exec-2][EXPRESSION_CACHE][CACHE_HIT] Cache hit in cache "EXPRESSION_CACHE" for key "expr|${p}".
2026-07-01T16:54:56.311-03:00 TRACE 20444 --- [estoque] [http-nio-8383-exec-2] o.t.s.expression.VariableExpression      : [THYMELEAF][http-nio-8383-exec-2] Evaluating variable expression: "${p}"
2026-07-01T16:54:56.311-03:00 TRACE 20444 --- [estoque] [http-nio-8383-exec-2] o.t.s.e.SPELVariableExpressionEvaluator  : [THYMELEAF][http-nio-8383-exec-2] SpringEL expression: evaluating expression "p" on target
2026-07-01T16:54:56.311-03:00 TRACE 20444 --- [estoque] [http-nio-8383-exec-2] o.t.T.cache.EXPRESSION_CACHE             : [THYMELEAF][http-nio-8383-exec-2][EXPRESSION_CACHE][CACHE_HIT] Cache hit in cache "EXPRESSION_CACHE" for key "expr|${p}".
2026-07-01T16:54:56.311-03:00 TRACE 20444 --- [estoque] [http-nio-8383-exec-2] o.t.s.expression.VariableExpression      : [THYMELEAF][http-nio-8383-exec-2] Evaluating variable expression: "${p}"
2026-07-01T16:54:56.311-03:00 TRACE 20444 --- [estoque] [http-nio-8383-exec-2] o.t.s.e.SPELVariableExpressionEvaluator  : [THYMELEAF][http-nio-8383-exec-2] SpringEL expression: evaluating expression "p" on target
2026-07-01T16:54:56.312-03:00 TRACE 20444 --- [estoque] [http-nio-8383-exec-2] o.t.T.cache.EXPRESSION_CACHE             : [THYMELEAF][http-nio-8383-exec-2][EXPRESSION_CACHE][CACHE_HIT] Cache hit in cache "EXPRESSION_CACHE" for key "each|c : ${listaClientes}".
2026-07-01T16:54:56.312-03:00 TRACE 20444 --- [estoque] [http-nio-8383-exec-2] o.t.s.expression.GenericTokenExpression  : [THYMELEAF][http-nio-8383-exec-2] Evaluating generic token: "c"
2026-07-01T16:54:56.312-03:00 TRACE 20444 --- [estoque] [http-nio-8383-exec-2] o.t.s.expression.VariableExpression      : [THYMELEAF][http-nio-8383-exec-2] Evaluating variable expression: "${listaClientes}"
2026-07-01T16:54:56.312-03:00 TRACE 20444 --- [estoque] [http-nio-8383-exec-2] o.t.s.e.SPELVariableExpressionEvaluator  : [THYMELEAF][http-nio-8383-exec-2] SpringEL expression: evaluating expression "listaClientes" on target
2026-07-01T16:54:56.312-03:00 TRACE 20444 --- [estoque] [http-nio-8383-exec-2] o.t.T.cache.EXPRESSION_CACHE             : [THYMELEAF][http-nio-8383-exec-2][EXPRESSION_CACHE][CACHE_HIT] Cache hit in cache "EXPRESSION_CACHE" for key "expr|${param.cliente == c}".
2026-07-01T16:54:56.312-03:00 TRACE 20444 --- [estoque] [http-nio-8383-exec-2] o.t.s.expression.VariableExpression      : [THYMELEAF][http-nio-8383-exec-2] Evaluating variable expression: "${param.cliente == c}"
2026-07-01T16:54:56.312-03:00 TRACE 20444 --- [estoque] [http-nio-8383-exec-2] o.t.s.e.SPELVariableExpressionEvaluator  : [THYMELEAF][http-nio-8383-exec-2] SpringEL expression: evaluating expression "param.cliente == c" on target
2026-07-01T16:54:56.312-03:00 TRACE 20444 --- [estoque] [http-nio-8383-exec-2] o.t.T.cache.EXPRESSION_CACHE             : [THYMELEAF][http-nio-8383-exec-2][EXPRESSION_CACHE][CACHE_HIT] Cache hit in cache "EXPRESSION_CACHE" for key "expr|${c}".
2026-07-01T16:54:56.313-03:00 TRACE 20444 --- [estoque] [http-nio-8383-exec-2] o.t.s.expression.VariableExpression      : [THYMELEAF][http-nio-8383-exec-2] Evaluating variable expression: "${c}"
2026-07-01T16:54:56.313-03:00 TRACE 20444 --- [estoque] [http-nio-8383-exec-2] o.t.s.e.SPELVariableExpressionEvaluator  : [THYMELEAF][http-nio-8383-exec-2] SpringEL expression: evaluating expression "c" on target
2026-07-01T16:54:56.313-03:00 TRACE 20444 --- [estoque] [http-nio-8383-exec-2] o.t.T.cache.EXPRESSION_CACHE             : [THYMELEAF][http-nio-8383-exec-2][EXPRESSION_CACHE][CACHE_HIT] Cache hit in cache "EXPRESSION_CACHE" for key "expr|${c}".
2026-07-01T16:54:56.313-03:00 TRACE 20444 --- [estoque] [http-nio-8383-exec-2] o.t.s.expression.VariableExpression      : [THYMELEAF][http-nio-8383-exec-2] Evaluating variable expression: "${c}"
2026-07-01T16:54:56.313-03:00 TRACE 20444 --- [estoque] [http-nio-8383-exec-2] o.t.s.e.SPELVariableExpressionEvaluator  : [THYMELEAF][http-nio-8383-exec-2] SpringEL expression: evaluating expression "c" on target
2026-07-01T16:54:56.313-03:00 TRACE 20444 --- [estoque] [http-nio-8383-exec-2] o.t.s.expression.VariableExpression      : [THYMELEAF][http-nio-8383-exec-2] Evaluating variable expression: "${param.cliente == c}"
2026-07-01T16:54:56.313-03:00 TRACE 20444 --- [estoque] [http-nio-8383-exec-2] o.t.s.e.SPELVariableExpressionEvaluator  : [THYMELEAF][http-nio-8383-exec-2] SpringEL expression: evaluating expression "param.cliente == c" on target
2026-07-01T16:54:56.313-03:00 TRACE 20444 --- [estoque] [http-nio-8383-exec-2] o.t.s.expression.VariableExpression      : [THYMELEAF][http-nio-8383-exec-2] Evaluating variable expression: "${c}"
2026-07-01T16:54:56.313-03:00 TRACE 20444 --- [estoque] [http-nio-8383-exec-2] o.t.s.e.SPELVariableExpressionEvaluator  : [THYMELEAF][http-nio-8383-exec-2] SpringEL expression: evaluating expression "c" on target
2026-07-01T16:54:56.314-03:00 TRACE 20444 --- [estoque] [http-nio-8383-exec-2] o.t.s.expression.VariableExpression      : [THYMELEAF][http-nio-8383-exec-2] Evaluating variable expression: "${c}"
2026-07-01T16:54:56.314-03:00 TRACE 20444 --- [estoque] [http-nio-8383-exec-2] o.t.s.e.SPELVariableExpressionEvaluator  : [THYMELEAF][http-nio-8383-exec-2] SpringEL expression: evaluating expression "c" on target
2026-07-01T16:54:56.314-03:00 TRACE 20444 --- [estoque] [http-nio-8383-exec-2] o.t.s.expression.VariableExpression      : [THYMELEAF][http-nio-8383-exec-2] Evaluating variable expression: "${param.cliente == c}"
2026-07-01T16:54:56.314-03:00 TRACE 20444 --- [estoque] [http-nio-8383-exec-2] o.t.s.e.SPELVariableExpressionEvaluator  : [THYMELEAF][http-nio-8383-exec-2] SpringEL expression: evaluating expression "param.cliente == c" on target
2026-07-01T16:54:56.314-03:00 TRACE 20444 --- [estoque] [http-nio-8383-exec-2] o.t.s.expression.VariableExpression      : [THYMELEAF][http-nio-8383-exec-2] Evaluating variable expression: "${c}"
2026-07-01T16:54:56.314-03:00 TRACE 20444 --- [estoque] [http-nio-8383-exec-2] o.t.s.e.SPELVariableExpressionEvaluator  : [THYMELEAF][http-nio-8383-exec-2] SpringEL expression: evaluating expression "c" on target
2026-07-01T16:54:56.314-03:00 TRACE 20444 --- [estoque] [http-nio-8383-exec-2] o.t.s.expression.VariableExpression      : [THYMELEAF][http-nio-8383-exec-2] Evaluating variable expression: "${c}"
2026-07-01T16:54:56.314-03:00 TRACE 20444 --- [estoque] [http-nio-8383-exec-2] o.t.s.e.SPELVariableExpressionEvaluator  : [THYMELEAF][http-nio-8383-exec-2] SpringEL expression: evaluating expression "c" on target
2026-07-01T16:54:56.315-03:00 TRACE 20444 --- [estoque] [http-nio-8383-exec-2] o.t.s.expression.VariableExpression      : [THYMELEAF][http-nio-8383-exec-2] Evaluating variable expression: "${param.cliente == c}"
2026-07-01T16:54:56.315-03:00 TRACE 20444 --- [estoque] [http-nio-8383-exec-2] o.t.s.e.SPELVariableExpressionEvaluator  : [THYMELEAF][http-nio-8383-exec-2] SpringEL expression: evaluating expression "param.cliente == c" on target
2026-07-01T16:54:56.315-03:00 TRACE 20444 --- [estoque] [http-nio-8383-exec-2] o.t.s.expression.VariableExpression      : [THYMELEAF][http-nio-8383-exec-2] Evaluating variable expression: "${c}"
2026-07-01T16:54:56.315-03:00 TRACE 20444 --- [estoque] [http-nio-8383-exec-2] o.t.s.e.SPELVariableExpressionEvaluator  : [THYMELEAF][http-nio-8383-exec-2] SpringEL expression: evaluating expression "c" on target
2026-07-01T16:54:56.315-03:00 TRACE 20444 --- [estoque] [http-nio-8383-exec-2] o.t.s.expression.VariableExpression      : [THYMELEAF][http-nio-8383-exec-2] Evaluating variable expression: "${c}"
2026-07-01T16:54:56.315-03:00 TRACE 20444 --- [estoque] [http-nio-8383-exec-2] o.t.s.e.SPELVariableExpressionEvaluator  : [THYMELEAF][http-nio-8383-exec-2] SpringEL expression: evaluating expression "c" on target
2026-07-01T16:54:56.315-03:00 TRACE 20444 --- [estoque] [http-nio-8383-exec-2] o.t.s.expression.VariableExpression      : [THYMELEAF][http-nio-8383-exec-2] Evaluating variable expression: "${param.cliente == c}"
2026-07-01T16:54:56.316-03:00 TRACE 20444 --- [estoque] [http-nio-8383-exec-2] o.t.s.e.SPELVariableExpressionEvaluator  : [THYMELEAF][http-nio-8383-exec-2] SpringEL expression: evaluating expression "param.cliente == c" on target
2026-07-01T16:54:56.316-03:00 TRACE 20444 --- [estoque] [http-nio-8383-exec-2] o.t.s.expression.VariableExpression      : [THYMELEAF][http-nio-8383-exec-2] Evaluating variable expression: "${c}"
2026-07-01T16:54:56.317-03:00 TRACE 20444 --- [estoque] [http-nio-8383-exec-2] o.t.s.e.SPELVariableExpressionEvaluator  : [THYMELEAF][http-nio-8383-exec-2] SpringEL expression: evaluating expression "c" on target
2026-07-01T16:54:56.318-03:00 TRACE 20444 --- [estoque] [http-nio-8383-exec-2] o.t.s.expression.VariableExpression      : [THYMELEAF][http-nio-8383-exec-2] Evaluating variable expression: "${c}"
2026-07-01T16:54:56.318-03:00 TRACE 20444 --- [estoque] [http-nio-8383-exec-2] o.t.s.e.SPELVariableExpressionEvaluator  : [THYMELEAF][http-nio-8383-exec-2] SpringEL expression: evaluating expression "c" on target
2026-07-01T16:54:56.319-03:00 TRACE 20444 --- [estoque] [http-nio-8383-exec-2] o.t.T.cache.EXPRESSION_CACHE             : [THYMELEAF][http-nio-8383-exec-2][EXPRESSION_CACHE][CACHE_HIT] Cache hit in cache "EXPRESSION_CACHE" for key "each|e : ${listaEstados}".
2026-07-01T16:54:56.320-03:00 TRACE 20444 --- [estoque] [http-nio-8383-exec-2] o.t.s.expression.GenericTokenExpression  : [THYMELEAF][http-nio-8383-exec-2] Evaluating generic token: "e"
2026-07-01T16:54:56.320-03:00 TRACE 20444 --- [estoque] [http-nio-8383-exec-2] o.t.s.expression.VariableExpression      : [THYMELEAF][http-nio-8383-exec-2] Evaluating variable expression: "${listaEstados}"
2026-07-01T16:54:56.320-03:00 TRACE 20444 --- [estoque] [http-nio-8383-exec-2] o.t.s.e.SPELVariableExpressionEvaluator  : [THYMELEAF][http-nio-8383-exec-2] SpringEL expression: evaluating expression "listaEstados" on target
2026-07-01T16:54:56.320-03:00 TRACE 20444 --- [estoque] [http-nio-8383-exec-2] o.t.T.cache.EXPRESSION_CACHE             : [THYMELEAF][http-nio-8383-exec-2][EXPRESSION_CACHE][CACHE_HIT] Cache hit in cache "EXPRESSION_CACHE" for key "expr|${param.estado == e}".
2026-07-01T16:54:56.320-03:00 TRACE 20444 --- [estoque] [http-nio-8383-exec-2] o.t.s.expression.VariableExpression      : [THYMELEAF][http-nio-8383-exec-2] Evaluating variable expression: "${param.estado == e}"
2026-07-01T16:54:56.320-03:00 TRACE 20444 --- [estoque] [http-nio-8383-exec-2] o.t.s.e.SPELVariableExpressionEvaluator  : [THYMELEAF][http-nio-8383-exec-2] SpringEL expression: evaluating expression "param.estado == e" on target
2026-07-01T16:54:56.321-03:00 TRACE 20444 --- [estoque] [http-nio-8383-exec-2] o.t.T.cache.EXPRESSION_CACHE             : [THYMELEAF][http-nio-8383-exec-2][EXPRESSION_CACHE][CACHE_HIT] Cache hit in cache "EXPRESSION_CACHE" for key "expr|${e}".
2026-07-01T16:54:56.321-03:00 TRACE 20444 --- [estoque] [http-nio-8383-exec-2] o.t.s.expression.VariableExpression      : [THYMELEAF][http-nio-8383-exec-2] Evaluating variable expression: "${e}"
2026-07-01T16:54:56.321-03:00 TRACE 20444 --- [estoque] [http-nio-8383-exec-2] o.t.s.e.SPELVariableExpressionEvaluator  : [THYMELEAF][http-nio-8383-exec-2] SpringEL expression: evaluating expression "e" on target
2026-07-01T16:54:56.321-03:00 TRACE 20444 --- [estoque] [http-nio-8383-exec-2] o.t.T.cache.EXPRESSION_CACHE             : [THYMELEAF][http-nio-8383-exec-2][EXPRESSION_CACHE][CACHE_HIT] Cache hit in cache "EXPRESSION_CACHE" for key "expr|${e}".
2026-07-01T16:54:56.321-03:00 TRACE 20444 --- [estoque] [http-nio-8383-exec-2] o.t.s.expression.VariableExpression      : [THYMELEAF][http-nio-8383-exec-2] Evaluating variable expression: "${e}"
2026-07-01T16:54:56.321-03:00 TRACE 20444 --- [estoque] [http-nio-8383-exec-2] o.t.s.e.SPELVariableExpressionEvaluator  : [THYMELEAF][http-nio-8383-exec-2] SpringEL expression: evaluating expression "e" on target
2026-07-01T16:54:56.321-03:00 TRACE 20444 --- [estoque] [http-nio-8383-exec-2] o.t.s.expression.VariableExpression      : [THYMELEAF][http-nio-8383-exec-2] Evaluating variable expression: "${param.estado == e}"
2026-07-01T16:54:56.321-03:00 TRACE 20444 --- [estoque] [http-nio-8383-exec-2] o.t.s.e.SPELVariableExpressionEvaluator  : [THYMELEAF][http-nio-8383-exec-2] SpringEL expression: evaluating expression "param.estado == e" on target
2026-07-01T16:54:56.322-03:00 TRACE 20444 --- [estoque] [http-nio-8383-exec-2] o.t.s.expression.VariableExpression      : [THYMELEAF][http-nio-8383-exec-2] Evaluating variable expression: "${e}"
2026-07-01T16:54:56.322-03:00 TRACE 20444 --- [estoque] [http-nio-8383-exec-2] o.t.s.e.SPELVariableExpressionEvaluator  : [THYMELEAF][http-nio-8383-exec-2] SpringEL expression: evaluating expression "e" on target
2026-07-01T16:54:56.322-03:00 TRACE 20444 --- [estoque] [http-nio-8383-exec-2] o.t.s.expression.VariableExpression      : [THYMELEAF][http-nio-8383-exec-2] Evaluating variable expression: "${e}"
2026-07-01T16:54:56.322-03:00 TRACE 20444 --- [estoque] [http-nio-8383-exec-2] o.t.s.e.SPELVariableExpressionEvaluator  : [THYMELEAF][http-nio-8383-exec-2] SpringEL expression: evaluating expression "e" on target
2026-07-01T16:54:56.322-03:00 TRACE 20444 --- [estoque] [http-nio-8383-exec-2] o.t.T.cache.EXPRESSION_CACHE             : [THYMELEAF][http-nio-8383-exec-2][EXPRESSION_CACHE][CACHE_HIT] Cache hit in cache "EXPRESSION_CACHE" for key "each|t : ${listaTipos}".
2026-07-01T16:54:56.322-03:00 TRACE 20444 --- [estoque] [http-nio-8383-exec-2] o.t.s.expression.GenericTokenExpression  : [THYMELEAF][http-nio-8383-exec-2] Evaluating generic token: "t"
2026-07-01T16:54:56.322-03:00 TRACE 20444 --- [estoque] [http-nio-8383-exec-2] o.t.s.expression.VariableExpression      : [THYMELEAF][http-nio-8383-exec-2] Evaluating variable expression: "${listaTipos}"
2026-07-01T16:54:56.322-03:00 TRACE 20444 --- [estoque] [http-nio-8383-exec-2] o.t.s.e.SPELVariableExpressionEvaluator  : [THYMELEAF][http-nio-8383-exec-2] SpringEL expression: evaluating expression "listaTipos" on target
2026-07-01T16:54:56.323-03:00 TRACE 20444 --- [estoque] [http-nio-8383-exec-2] o.t.T.cache.EXPRESSION_CACHE             : [THYMELEAF][http-nio-8383-exec-2][EXPRESSION_CACHE][CACHE_HIT] Cache hit in cache "EXPRESSION_CACHE" for key "expr|${param.tipo == t.name()}".
2026-07-01T16:54:56.323-03:00 TRACE 20444 --- [estoque] [http-nio-8383-exec-2] o.t.s.expression.VariableExpression      : [THYMELEAF][http-nio-8383-exec-2] Evaluating variable expression: "${param.tipo == t.name()}"
2026-07-01T16:54:56.323-03:00 TRACE 20444 --- [estoque] [http-nio-8383-exec-2] o.t.s.e.SPELVariableExpressionEvaluator  : [THYMELEAF][http-nio-8383-exec-2] SpringEL expression: evaluating expression "param.tipo == t.name()" on target
2026-07-01T16:54:56.323-03:00 TRACE 20444 --- [estoque] [http-nio-8383-exec-2] o.t.T.cache.EXPRESSION_CACHE             : [THYMELEAF][http-nio-8383-exec-2][EXPRESSION_CACHE][CACHE_HIT] Cache hit in cache "EXPRESSION_CACHE" for key "expr|${t.name()}".
2026-07-01T16:54:56.323-03:00 TRACE 20444 --- [estoque] [http-nio-8383-exec-2] o.t.s.expression.VariableExpression      : [THYMELEAF][http-nio-8383-exec-2] Evaluating variable expression: "${t.name()}"
2026-07-01T16:54:56.323-03:00 TRACE 20444 --- [estoque] [http-nio-8383-exec-2] o.t.s.e.SPELVariableExpressionEvaluator  : [THYMELEAF][http-nio-8383-exec-2] SpringEL expression: evaluating expression "t.name()" on target
2026-07-01T16:54:56.323-03:00 TRACE 20444 --- [estoque] [http-nio-8383-exec-2] o.t.T.cache.EXPRESSION_CACHE             : [THYMELEAF][http-nio-8383-exec-2][EXPRESSION_CACHE][CACHE_HIT] Cache hit in cache "EXPRESSION_CACHE" for key "expr|${t.name() == 'V' ? 'Venda' : 'Transferência'}".
2026-07-01T16:54:56.324-03:00 TRACE 20444 --- [estoque] [http-nio-8383-exec-2] o.t.s.expression.VariableExpression      : [THYMELEAF][http-nio-8383-exec-2] Evaluating variable expression: "${t.name() == 'V' ? 'Venda' : 'Transferência'}"
2026-07-01T16:54:56.324-03:00 TRACE 20444 --- [estoque] [http-nio-8383-exec-2] o.t.s.e.SPELVariableExpressionEvaluator  : [THYMELEAF][http-nio-8383-exec-2] SpringEL expression: evaluating expression "t.name() == 'V' ? 'Venda' : 'Transferência'" on target
2026-07-01T16:54:56.324-03:00 TRACE 20444 --- [estoque] [http-nio-8383-exec-2] o.t.s.expression.VariableExpression      : [THYMELEAF][http-nio-8383-exec-2] Evaluating variable expression: "${param.tipo == t.name()}"
2026-07-01T16:54:56.324-03:00 TRACE 20444 --- [estoque] [http-nio-8383-exec-2] o.t.s.e.SPELVariableExpressionEvaluator  : [THYMELEAF][http-nio-8383-exec-2] SpringEL expression: evaluating expression "param.tipo == t.name()" on target
2026-07-01T16:54:56.324-03:00 TRACE 20444 --- [estoque] [http-nio-8383-exec-2] o.t.s.expression.VariableExpression      : [THYMELEAF][http-nio-8383-exec-2] Evaluating variable expression: "${t.name()}"
2026-07-01T16:54:56.324-03:00 TRACE 20444 --- [estoque] [http-nio-8383-exec-2] o.t.s.e.SPELVariableExpressionEvaluator  : [THYMELEAF][http-nio-8383-exec-2] SpringEL expression: evaluating expression "t.name()" on target
2026-07-01T16:54:56.325-03:00 TRACE 20444 --- [estoque] [http-nio-8383-exec-2] o.t.s.expression.VariableExpression      : [THYMELEAF][http-nio-8383-exec-2] Evaluating variable expression: "${t.name() == 'V' ? 'Venda' : 'Transferência'}"
2026-07-01T16:54:56.325-03:00 TRACE 20444 --- [estoque] [http-nio-8383-exec-2] o.t.s.e.SPELVariableExpressionEvaluator  : [THYMELEAF][http-nio-8383-exec-2] SpringEL expression: evaluating expression "t.name() == 'V' ? 'Venda' : 'Transferência'" on target
2026-07-01T16:54:56.325-03:00 TRACE 20444 --- [estoque] [http-nio-8383-exec-2] o.t.T.cache.EXPRESSION_CACHE             : [THYMELEAF][http-nio-8383-exec-2][EXPRESSION_CACHE][CACHE_HIT] Cache hit in cache "EXPRESSION_CACHE" for key "expr|${param.notaFiscal == 'true'}".
2026-07-01T16:54:56.325-03:00 TRACE 20444 --- [estoque] [http-nio-8383-exec-2] o.t.s.expression.VariableExpression      : [THYMELEAF][http-nio-8383-exec-2] Evaluating variable expression: "${param.notaFiscal == 'true'}"
2026-07-01T16:54:56.325-03:00 TRACE 20444 --- [estoque] [http-nio-8383-exec-2] o.t.s.e.SPELVariableExpressionEvaluator  : [THYMELEAF][http-nio-8383-exec-2] SpringEL expression: evaluating expression "param.notaFiscal == 'true'" on target
2026-07-01T16:54:56.325-03:00 TRACE 20444 --- [estoque] [http-nio-8383-exec-2] o.t.T.cache.EXPRESSION_CACHE             : [THYMELEAF][http-nio-8383-exec-2][EXPRESSION_CACHE][CACHE_HIT] Cache hit in cache "EXPRESSION_CACHE" for key "expr|${param.notaFiscal == 'false'}".
2026-07-01T16:54:56.325-03:00 TRACE 20444 --- [estoque] [http-nio-8383-exec-2] o.t.s.expression.VariableExpression      : [THYMELEAF][http-nio-8383-exec-2] Evaluating variable expression: "${param.notaFiscal == 'false'}"
2026-07-01T16:54:56.326-03:00 TRACE 20444 --- [estoque] [http-nio-8383-exec-2] o.t.s.e.SPELVariableExpressionEvaluator  : [THYMELEAF][http-nio-8383-exec-2] SpringEL expression: evaluating expression "param.notaFiscal == 'false'" on target
2026-07-01T16:54:56.326-03:00 TRACE 20444 --- [estoque] [http-nio-8383-exec-2] o.t.T.cache.EXPRESSION_CACHE             : [THYMELEAF][http-nio-8383-exec-2][EXPRESSION_CACHE][CACHE_HIT] Cache hit in cache "EXPRESSION_CACHE" for key "expr|${param.dataInicio}".
2026-07-01T16:54:56.326-03:00 TRACE 20444 --- [estoque] [http-nio-8383-exec-2] o.t.s.expression.VariableExpression      : [THYMELEAF][http-nio-8383-exec-2] Evaluating variable expression: "${param.dataInicio}"
2026-07-01T16:54:56.326-03:00 TRACE 20444 --- [estoque] [http-nio-8383-exec-2] o.t.s.e.SPELVariableExpressionEvaluator  : [THYMELEAF][http-nio-8383-exec-2] SpringEL expression: evaluating expression "param.dataInicio" on target
2026-07-01T16:54:56.327-03:00 TRACE 20444 --- [estoque] [http-nio-8383-exec-2] o.t.T.cache.EXPRESSION_CACHE             : [THYMELEAF][http-nio-8383-exec-2][EXPRESSION_CACHE][CACHE_HIT] Cache hit in cache "EXPRESSION_CACHE" for key "expr|${param.dataFim}".
2026-07-01T16:54:56.327-03:00 TRACE 20444 --- [estoque] [http-nio-8383-exec-2] o.t.s.expression.VariableExpression      : [THYMELEAF][http-nio-8383-exec-2] Evaluating variable expression: "${param.dataFim}"
2026-07-01T16:54:56.327-03:00 TRACE 20444 --- [estoque] [http-nio-8383-exec-2] o.t.s.e.SPELVariableExpressionEvaluator  : [THYMELEAF][http-nio-8383-exec-2] SpringEL expression: evaluating expression "param.dataFim" on target
2026-07-01T16:54:56.327-03:00 TRACE 20444 --- [estoque] [http-nio-8383-exec-2] o.t.T.cache.EXPRESSION_CACHE             : [THYMELEAF][http-nio-8383-exec-2][EXPRESSION_CACHE][CACHE_HIT] Cache hit in cache "EXPRESSION_CACHE" for key "each|item : ${itens}".
2026-07-01T16:54:56.327-03:00 TRACE 20444 --- [estoque] [http-nio-8383-exec-2] o.t.s.expression.GenericTokenExpression  : [THYMELEAF][http-nio-8383-exec-2] Evaluating generic token: "item"
2026-07-01T16:54:56.327-03:00 TRACE 20444 --- [estoque] [http-nio-8383-exec-2] o.t.s.expression.VariableExpression      : [THYMELEAF][http-nio-8383-exec-2] Evaluating variable expression: "${itens}"
2026-07-01T16:54:56.328-03:00 TRACE 20444 --- [estoque] [http-nio-8383-exec-2] o.t.s.e.SPELVariableExpressionEvaluator  : [THYMELEAF][http-nio-8383-exec-2] SpringEL expression: evaluating expression "itens" on target
2026-07-01T16:54:56.328-03:00 TRACE 20444 --- [estoque] [http-nio-8383-exec-2] o.t.T.cache.EXPRESSION_CACHE             : [THYMELEAF][http-nio-8383-exec-2][EXPRESSION_CACHE][CACHE_HIT] Cache hit in cache "EXPRESSION_CACHE" for key "expr|${item.venda.id}".
2026-07-01T16:54:56.328-03:00 TRACE 20444 --- [estoque] [http-nio-8383-exec-2] o.t.s.expression.VariableExpression      : [THYMELEAF][http-nio-8383-exec-2] Evaluating variable expression: "${item.venda.id}"
2026-07-01T16:54:56.328-03:00 TRACE 20444 --- [estoque] [http-nio-8383-exec-2] o.t.s.e.SPELVariableExpressionEvaluator  : [THYMELEAF][http-nio-8383-exec-2] SpringEL expression: evaluating expression "item.venda.id" on target
2026-07-01T16:54:56.328-03:00 TRACE 20444 --- [estoque] [http-nio-8383-exec-2] o.t.T.cache.EXPRESSION_CACHE             : [THYMELEAF][http-nio-8383-exec-2][EXPRESSION_CACHE][CACHE_HIT] Cache hit in cache "EXPRESSION_CACHE" for key "expr|${item.produto.nome}".
2026-07-01T16:54:56.328-03:00 TRACE 20444 --- [estoque] [http-nio-8383-exec-2] o.t.s.expression.VariableExpression      : [THYMELEAF][http-nio-8383-exec-2] Evaluating variable expression: "${item.produto.nome}"
2026-07-01T16:54:56.329-03:00 TRACE 20444 --- [estoque] [http-nio-8383-exec-2] o.t.s.e.SPELVariableExpressionEvaluator  : [THYMELEAF][http-nio-8383-exec-2] SpringEL expression: evaluating expression "item.produto.nome" on target
2026-07-01T16:54:56.329-03:00 TRACE 20444 --- [estoque] [http-nio-8383-exec-2] o.t.T.cache.EXPRESSION_CACHE             : [THYMELEAF][http-nio-8383-exec-2][EXPRESSION_CACHE][CACHE_HIT] Cache hit in cache "EXPRESSION_CACHE" for key "expr|${item.quantidade}".
2026-07-01T16:54:56.329-03:00 TRACE 20444 --- [estoque] [http-nio-8383-exec-2] o.t.s.expression.VariableExpression      : [THYMELEAF][http-nio-8383-exec-2] Evaluating variable expression: "${item.quantidade}"
2026-07-01T16:54:56.329-03:00 TRACE 20444 --- [estoque] [http-nio-8383-exec-2] o.t.s.e.SPELVariableExpressionEvaluator  : [THYMELEAF][http-nio-8383-exec-2] SpringEL expression: evaluating expression "item.quantidade" on target
2026-07-01T16:54:56.329-03:00 TRACE 20444 --- [estoque] [http-nio-8383-exec-2] o.t.T.cache.EXPRESSION_CACHE             : [THYMELEAF][http-nio-8383-exec-2][EXPRESSION_CACHE][CACHE_HIT] Cache hit in cache "EXPRESSION_CACHE" for key "expr|${#numbers.formatCurrency(item.valorPorCaixa)}".
2026-07-01T16:54:56.329-03:00 TRACE 20444 --- [estoque] [http-nio-8383-exec-2] o.t.s.expression.VariableExpression      : [THYMELEAF][http-nio-8383-exec-2] Evaluating variable expression: "${#numbers.formatCurrency(item.valorPorCaixa)}"
2026-07-01T16:54:56.329-03:00 TRACE 20444 --- [estoque] [http-nio-8383-exec-2] o.t.s.e.SPELVariableExpressionEvaluator  : [THYMELEAF][http-nio-8383-exec-2] SpringEL expression: evaluating expression "#numbers.formatCurrency(item.valorPorCaixa)" on target
2026-07-01T16:54:56.330-03:00 TRACE 20444 --- [estoque] [http-nio-8383-exec-2] o.t.T.cache.EXPRESSION_CACHE             : [THYMELEAF][http-nio-8383-exec-2][EXPRESSION_CACHE][CACHE_HIT] Cache hit in cache "EXPRESSION_CACHE" for key "expr|${#numbers.formatCurrency(item.subtotal)}".
2026-07-01T16:54:56.330-03:00 TRACE 20444 --- [estoque] [http-nio-8383-exec-2] o.t.s.expression.VariableExpression      : [THYMELEAF][http-nio-8383-exec-2] Evaluating variable expression: "${#numbers.formatCurrency(item.subtotal)}"
2026-07-01T16:54:56.330-03:00 TRACE 20444 --- [estoque] [http-nio-8383-exec-2] o.t.s.e.SPELVariableExpressionEvaluator  : [THYMELEAF][http-nio-8383-exec-2] SpringEL expression: evaluating expression "#numbers.formatCurrency(item.subtotal)" on target
2026-07-01T16:54:56.331-03:00 TRACE 20444 --- [estoque] [http-nio-8383-exec-2] o.t.T.cache.EXPRESSION_CACHE             : [THYMELEAF][http-nio-8383-exec-2][EXPRESSION_CACHE][CACHE_HIT] Cache hit in cache "EXPRESSION_CACHE" for key "expr|${item.venda.clienteNome}".
2026-07-01T16:54:56.331-03:00 TRACE 20444 --- [estoque] [http-nio-8383-exec-2] o.t.s.expression.VariableExpression      : [THYMELEAF][http-nio-8383-exec-2] Evaluating variable expression: "${item.venda.clienteNome}"
2026-07-01T16:54:56.331-03:00 TRACE 20444 --- [estoque] [http-nio-8383-exec-2] o.t.s.e.SPELVariableExpressionEvaluator  : [THYMELEAF][http-nio-8383-exec-2] SpringEL expression: evaluating expression "item.venda.clienteNome" on target
2026-07-01T16:54:56.331-03:00 TRACE 20444 --- [estoque] [http-nio-8383-exec-2] o.t.T.cache.EXPRESSION_CACHE             : [THYMELEAF][http-nio-8383-exec-2][EXPRESSION_CACHE][CACHE_HIT] Cache hit in cache "EXPRESSION_CACHE" for key "expr|${item.venda.clienteEstado}".
2026-07-01T16:54:56.331-03:00 TRACE 20444 --- [estoque] [http-nio-8383-exec-2] o.t.s.expression.VariableExpression      : [THYMELEAF][http-nio-8383-exec-2] Evaluating variable expression: "${item.venda.clienteEstado}"
2026-07-01T16:54:56.331-03:00 TRACE 20444 --- [estoque] [http-nio-8383-exec-2] o.t.s.e.SPELVariableExpressionEvaluator  : [THYMELEAF][http-nio-8383-exec-2] SpringEL expression: evaluating expression "item.venda.clienteEstado" on target
2026-07-01T16:54:56.332-03:00 TRACE 20444 --- [estoque] [http-nio-8383-exec-2] o.t.T.cache.EXPRESSION_CACHE             : [THYMELEAF][http-nio-8383-exec-2][EXPRESSION_CACHE][CACHE_HIT] Cache hit in cache "EXPRESSION_CACHE" for key "expr|${#temporals.format(item.venda.dataSaida, 'dd/MM/yyyy')}".
2026-07-01T16:54:56.333-03:00 TRACE 20444 --- [estoque] [http-nio-8383-exec-2] o.t.s.expression.VariableExpression      : [THYMELEAF][http-nio-8383-exec-2] Evaluating variable expression: "${#temporals.format(item.venda.dataSaida, 'dd/MM/yyyy')}"
2026-07-01T16:54:56.334-03:00 TRACE 20444 --- [estoque] [http-nio-8383-exec-2] o.t.s.e.SPELVariableExpressionEvaluator  : [THYMELEAF][http-nio-8383-exec-2] SpringEL expression: evaluating expression "#temporals.format(item.venda.dataSaida, 'dd/MM/yyyy')" on target
2026-07-01T16:54:56.336-03:00 TRACE 20444 --- [estoque] [http-nio-8383-exec-2] o.t.T.cache.EXPRESSION_CACHE             : [THYMELEAF][http-nio-8383-exec-2][EXPRESSION_CACHE][CACHE_HIT] Cache hit in cache "EXPRESSION_CACHE" for key "expr|${item.tipoMovimentacao == 'V'}".
2026-07-01T16:54:56.336-03:00 TRACE 20444 --- [estoque] [http-nio-8383-exec-2] o.t.s.expression.VariableExpression      : [THYMELEAF][http-nio-8383-exec-2] Evaluating variable expression: "${item.tipoMovimentacao == 'V'}"
2026-07-01T16:54:56.336-03:00 TRACE 20444 --- [estoque] [http-nio-8383-exec-2] o.t.s.e.SPELVariableExpressionEvaluator  : [THYMELEAF][http-nio-8383-exec-2] SpringEL expression: evaluating expression "item.tipoMovimentacao == 'V'" on target
2026-07-01T16:54:56.336-03:00 TRACE 20444 --- [estoque] [http-nio-8383-exec-2] o.t.T.cache.EXPRESSION_CACHE             : [THYMELEAF][http-nio-8383-exec-2][EXPRESSION_CACHE][CACHE_HIT] Cache hit in cache "EXPRESSION_CACHE" for key "expr|${item.tipoMovimentacao == 'T'}".
2026-07-01T16:54:56.337-03:00 TRACE 20444 --- [estoque] [http-nio-8383-exec-2] o.t.s.expression.VariableExpression      : [THYMELEAF][http-nio-8383-exec-2] Evaluating variable expression: "${item.tipoMovimentacao == 'T'}"
2026-07-01T16:54:56.337-03:00 TRACE 20444 --- [estoque] [http-nio-8383-exec-2] o.t.s.e.SPELVariableExpressionEvaluator  : [THYMELEAF][http-nio-8383-exec-2] SpringEL expression: evaluating expression "item.tipoMovimentacao == 'T'" on target
2026-07-01T16:54:56.337-03:00 TRACE 20444 --- [estoque] [http-nio-8383-exec-2] o.t.T.cache.EXPRESSION_CACHE             : [THYMELEAF][http-nio-8383-exec-2][EXPRESSION_CACHE][CACHE_HIT] Cache hit in cache "EXPRESSION_CACHE" for key "expr|${item.venda.comNotaFiscal}".
2026-07-01T16:54:56.337-03:00 TRACE 20444 --- [estoque] [http-nio-8383-exec-2] o.t.s.expression.VariableExpression      : [THYMELEAF][http-nio-8383-exec-2] Evaluating variable expression: "${item.venda.comNotaFiscal}"
2026-07-01T16:54:56.337-03:00 TRACE 20444 --- [estoque] [http-nio-8383-exec-2] o.t.s.e.SPELVariableExpressionEvaluator  : [THYMELEAF][http-nio-8383-exec-2] SpringEL expression: evaluating expression "item.venda.comNotaFiscal" on target
2026-07-01T16:54:56.337-03:00 TRACE 20444 --- [estoque] [http-nio-8383-exec-2] o.t.T.cache.EXPRESSION_CACHE             : [THYMELEAF][http-nio-8383-exec-2][EXPRESSION_CACHE][CACHE_HIT] Cache hit in cache "EXPRESSION_CACHE" for key "expr|${item.venda.comNotaFiscal}".
2026-07-01T16:54:56.337-03:00 TRACE 20444 --- [estoque] [http-nio-8383-exec-2] o.t.s.expression.VariableExpression      : [THYMELEAF][http-nio-8383-exec-2] Evaluating variable expression: "${item.venda.comNotaFiscal}"
2026-07-01T16:54:56.337-03:00 TRACE 20444 --- [estoque] [http-nio-8383-exec-2] o.t.s.e.SPELVariableExpressionEvaluator  : [THYMELEAF][http-nio-8383-exec-2] SpringEL expression: evaluating expression "item.venda.comNotaFiscal" on target
2026-07-01T16:54:56.338-03:00 TRACE 20444 --- [estoque] [http-nio-8383-exec-2] o.t.T.cache.EXPRESSION_CACHE             : [THYMELEAF][http-nio-8383-exec-2][EXPRESSION_CACHE][CACHE_HIT] Cache hit in cache "EXPRESSION_CACHE" for key "expr|@{/vendas/editar/{id}(id=${item.venda.id})}".
2026-07-01T16:54:56.338-03:00 TRACE 20444 --- [estoque] [http-nio-8383-exec-2] o.t.standard.expression.LinkExpression   : [THYMELEAF][http-nio-8383-exec-2] Evaluating link: "@{'/vendas/editar/{id}'(id=${item.venda.id})}"
2026-07-01T16:54:56.338-03:00 TRACE 20444 --- [estoque] [http-nio-8383-exec-2] o.t.s.expression.TextLiteralExpression   : [THYMELEAF][http-nio-8383-exec-2] Evaluating text literal: "'/vendas/editar/{id}'"
2026-07-01T16:54:56.338-03:00 TRACE 20444 --- [estoque] [http-nio-8383-exec-2] o.t.s.expression.GenericTokenExpression  : [THYMELEAF][http-nio-8383-exec-2] Evaluating generic token: "id"
2026-07-01T16:54:56.338-03:00 TRACE 20444 --- [estoque] [http-nio-8383-exec-2] o.t.s.expression.VariableExpression      : [THYMELEAF][http-nio-8383-exec-2] Evaluating variable expression: "${item.venda.id}"
2026-07-01T16:54:56.338-03:00 TRACE 20444 --- [estoque] [http-nio-8383-exec-2] o.t.s.e.SPELVariableExpressionEvaluator  : [THYMELEAF][http-nio-8383-exec-2] SpringEL expression: evaluating expression "item.venda.id" on target
2026-07-01T16:54:56.338-03:00 TRACE 20444 --- [estoque] [http-nio-8383-exec-2] o.t.T.cache.EXPRESSION_CACHE             : [THYMELEAF][http-nio-8383-exec-2][EXPRESSION_CACHE][CACHE_HIT] Cache hit in cache "EXPRESSION_CACHE" for key "expr|@{/vendas/excluir/{id}(id=${item.venda.id})}".
2026-07-01T16:54:56.339-03:00 TRACE 20444 --- [estoque] [http-nio-8383-exec-2] o.t.standard.expression.LinkExpression   : [THYMELEAF][http-nio-8383-exec-2] Evaluating link: "@{'/vendas/excluir/{id}'(id=${item.venda.id})}"
2026-07-01T16:54:56.339-03:00 TRACE 20444 --- [estoque] [http-nio-8383-exec-2] o.t.s.expression.TextLiteralExpression   : [THYMELEAF][http-nio-8383-exec-2] Evaluating text literal: "'/vendas/excluir/{id}'"
2026-07-01T16:54:56.339-03:00 TRACE 20444 --- [estoque] [http-nio-8383-exec-2] o.t.s.expression.GenericTokenExpression  : [THYMELEAF][http-nio-8383-exec-2] Evaluating generic token: "id"
2026-07-01T16:54:56.339-03:00 TRACE 20444 --- [estoque] [http-nio-8383-exec-2] o.t.s.expression.VariableExpression      : [THYMELEAF][http-nio-8383-exec-2] Evaluating variable expression: "${item.venda.id}"
2026-07-01T16:54:56.339-03:00 TRACE 20444 --- [estoque] [http-nio-8383-exec-2] o.t.s.e.SPELVariableExpressionEvaluator  : [THYMELEAF][http-nio-8383-exec-2] SpringEL expression: evaluating expression "item.venda.id" on target
2026-07-01T16:54:56.339-03:00 TRACE 20444 --- [estoque] [http-nio-8383-exec-2] o.t.s.expression.VariableExpression      : [THYMELEAF][http-nio-8383-exec-2] Evaluating variable expression: "${item.venda.id}"
2026-07-01T16:54:56.339-03:00 TRACE 20444 --- [estoque] [http-nio-8383-exec-2] o.t.s.e.SPELVariableExpressionEvaluator  : [THYMELEAF][http-nio-8383-exec-2] SpringEL expression: evaluating expression "item.venda.id" on target
2026-07-01T16:54:56.339-03:00 TRACE 20444 --- [estoque] [http-nio-8383-exec-2] o.t.s.expression.VariableExpression      : [THYMELEAF][http-nio-8383-exec-2] Evaluating variable expression: "${item.produto.nome}"
2026-07-01T16:54:56.339-03:00 TRACE 20444 --- [estoque] [http-nio-8383-exec-2] o.t.s.e.SPELVariableExpressionEvaluator  : [THYMELEAF][http-nio-8383-exec-2] SpringEL expression: evaluating expression "item.produto.nome" on target
2026-07-01T16:54:56.340-03:00 TRACE 20444 --- [estoque] [http-nio-8383-exec-2] o.t.s.expression.VariableExpression      : [THYMELEAF][http-nio-8383-exec-2] Evaluating variable expression: "${item.quantidade}"
2026-07-01T16:54:56.340-03:00 TRACE 20444 --- [estoque] [http-nio-8383-exec-2] o.t.s.e.SPELVariableExpressionEvaluator  : [THYMELEAF][http-nio-8383-exec-2] SpringEL expression: evaluating expression "item.quantidade" on target
2026-07-01T16:54:56.340-03:00 TRACE 20444 --- [estoque] [http-nio-8383-exec-2] o.t.s.expression.VariableExpression      : [THYMELEAF][http-nio-8383-exec-2] Evaluating variable expression: "${#numbers.formatCurrency(item.valorPorCaixa)}"
2026-07-01T16:54:56.340-03:00 TRACE 20444 --- [estoque] [http-nio-8383-exec-2] o.t.s.e.SPELVariableExpressionEvaluator  : [THYMELEAF][http-nio-8383-exec-2] SpringEL expression: evaluating expression "#numbers.formatCurrency(item.valorPorCaixa)" on target
2026-07-01T16:54:56.341-03:00 TRACE 20444 --- [estoque] [http-nio-8383-exec-2] o.t.s.expression.VariableExpression      : [THYMELEAF][http-nio-8383-exec-2] Evaluating variable expression: "${#numbers.formatCurrency(item.subtotal)}"
2026-07-01T16:54:56.341-03:00 TRACE 20444 --- [estoque] [http-nio-8383-exec-2] o.t.s.e.SPELVariableExpressionEvaluator  : [THYMELEAF][http-nio-8383-exec-2] SpringEL expression: evaluating expression "#numbers.formatCurrency(item.subtotal)" on target
2026-07-01T16:54:56.341-03:00 TRACE 20444 --- [estoque] [http-nio-8383-exec-2] o.t.s.expression.VariableExpression      : [THYMELEAF][http-nio-8383-exec-2] Evaluating variable expression: "${item.venda.clienteNome}"
2026-07-01T16:54:56.341-03:00 TRACE 20444 --- [estoque] [http-nio-8383-exec-2] o.t.s.e.SPELVariableExpressionEvaluator  : [THYMELEAF][http-nio-8383-exec-2] SpringEL expression: evaluating expression "item.venda.clienteNome" on target
2026-07-01T16:54:56.342-03:00 TRACE 20444 --- [estoque] [http-nio-8383-exec-2] o.t.s.expression.VariableExpression      : [THYMELEAF][http-nio-8383-exec-2] Evaluating variable expression: "${item.venda.clienteEstado}"
2026-07-01T16:54:56.342-03:00 TRACE 20444 --- [estoque] [http-nio-8383-exec-2] o.t.s.e.SPELVariableExpressionEvaluator  : [THYMELEAF][http-nio-8383-exec-2] SpringEL expression: evaluating expression "item.venda.clienteEstado" on target
2026-07-01T16:54:56.342-03:00 TRACE 20444 --- [estoque] [http-nio-8383-exec-2] o.t.s.expression.VariableExpression      : [THYMELEAF][http-nio-8383-exec-2] Evaluating variable expression: "${#temporals.format(item.venda.dataSaida, 'dd/MM/yyyy')}"
2026-07-01T16:54:56.342-03:00 TRACE 20444 --- [estoque] [http-nio-8383-exec-2] o.t.s.e.SPELVariableExpressionEvaluator  : [THYMELEAF][http-nio-8383-exec-2] SpringEL expression: evaluating expression "#temporals.format(item.venda.dataSaida, 'dd/MM/yyyy')" on target
2026-07-01T16:54:56.343-03:00 TRACE 20444 --- [estoque] [http-nio-8383-exec-2] o.t.T.cache.EXPRESSION_CACHE             : [THYMELEAF][http-nio-8383-exec-2][EXPRESSION_CACHE][CACHE_HIT] Cache hit in cache "EXPRESSION_CACHE" for key "expr|${item.tipoMovimentacao == 'V'}".
2026-07-01T16:54:56.343-03:00 TRACE 20444 --- [estoque] [http-nio-8383-exec-2] o.t.s.expression.VariableExpression      : [THYMELEAF][http-nio-8383-exec-2] Evaluating variable expression: "${item.tipoMovimentacao == 'V'}"
2026-07-01T16:54:56.343-03:00 TRACE 20444 --- [estoque] [http-nio-8383-exec-2] o.t.s.e.SPELVariableExpressionEvaluator  : [THYMELEAF][http-nio-8383-exec-2] SpringEL expression: evaluating expression "item.tipoMovimentacao == 'V'" on target
2026-07-01T16:54:56.343-03:00 TRACE 20444 --- [estoque] [http-nio-8383-exec-2] o.t.T.cache.EXPRESSION_CACHE             : [THYMELEAF][http-nio-8383-exec-2][EXPRESSION_CACHE][CACHE_HIT] Cache hit in cache "EXPRESSION_CACHE" for key "expr|${item.tipoMovimentacao == 'T'}".
2026-07-01T16:54:56.343-03:00 TRACE 20444 --- [estoque] [http-nio-8383-exec-2] o.t.s.expression.VariableExpression      : [THYMELEAF][http-nio-8383-exec-2] Evaluating variable expression: "${item.tipoMovimentacao == 'T'}"
2026-07-01T16:54:56.343-03:00 TRACE 20444 --- [estoque] [http-nio-8383-exec-2] o.t.s.e.SPELVariableExpressionEvaluator  : [THYMELEAF][http-nio-8383-exec-2] SpringEL expression: evaluating expression "item.tipoMovimentacao == 'T'" on target
2026-07-01T16:54:56.343-03:00 TRACE 20444 --- [estoque] [http-nio-8383-exec-2] o.t.T.cache.EXPRESSION_CACHE             : [THYMELEAF][http-nio-8383-exec-2][EXPRESSION_CACHE][CACHE_HIT] Cache hit in cache "EXPRESSION_CACHE" for key "expr|${item.venda.comNotaFiscal}".
2026-07-01T16:54:56.344-03:00 TRACE 20444 --- [estoque] [http-nio-8383-exec-2] o.t.s.expression.VariableExpression      : [THYMELEAF][http-nio-8383-exec-2] Evaluating variable expression: "${item.venda.comNotaFiscal}"
2026-07-01T16:54:56.344-03:00 TRACE 20444 --- [estoque] [http-nio-8383-exec-2] o.t.s.e.SPELVariableExpressionEvaluator  : [THYMELEAF][http-nio-8383-exec-2] SpringEL expression: evaluating expression "item.venda.comNotaFiscal" on target
2026-07-01T16:54:56.344-03:00 TRACE 20444 --- [estoque] [http-nio-8383-exec-2] o.t.T.cache.EXPRESSION_CACHE             : [THYMELEAF][http-nio-8383-exec-2][EXPRESSION_CACHE][CACHE_HIT] Cache hit in cache "EXPRESSION_CACHE" for key "expr|${item.venda.comNotaFiscal}".
2026-07-01T16:54:56.344-03:00 TRACE 20444 --- [estoque] [http-nio-8383-exec-2] o.t.s.expression.VariableExpression      : [THYMELEAF][http-nio-8383-exec-2] Evaluating variable expression: "${item.venda.comNotaFiscal}"
2026-07-01T16:54:56.344-03:00 TRACE 20444 --- [estoque] [http-nio-8383-exec-2] o.t.s.e.SPELVariableExpressionEvaluator  : [THYMELEAF][http-nio-8383-exec-2] SpringEL expression: evaluating expression "item.venda.comNotaFiscal" on target
2026-07-01T16:54:56.344-03:00 TRACE 20444 --- [estoque] [http-nio-8383-exec-2] o.t.standard.expression.LinkExpression   : [THYMELEAF][http-nio-8383-exec-2] Evaluating link: "@{'/vendas/editar/{id}'(id=${item.venda.id})}"
2026-07-01T16:54:56.344-03:00 TRACE 20444 --- [estoque] [http-nio-8383-exec-2] o.t.s.expression.TextLiteralExpression   : [THYMELEAF][http-nio-8383-exec-2] Evaluating text literal: "'/vendas/editar/{id}'"
2026-07-01T16:54:56.344-03:00 TRACE 20444 --- [estoque] [http-nio-8383-exec-2] o.t.s.expression.GenericTokenExpression  : [THYMELEAF][http-nio-8383-exec-2] Evaluating generic token: "id"
2026-07-01T16:54:56.344-03:00 TRACE 20444 --- [estoque] [http-nio-8383-exec-2] o.t.s.expression.VariableExpression      : [THYMELEAF][http-nio-8383-exec-2] Evaluating variable expression: "${item.venda.id}"
2026-07-01T16:54:56.345-03:00 TRACE 20444 --- [estoque] [http-nio-8383-exec-2] o.t.s.e.SPELVariableExpressionEvaluator  : [THYMELEAF][http-nio-8383-exec-2] SpringEL expression: evaluating expression "item.venda.id" on target
2026-07-01T16:54:56.345-03:00 TRACE 20444 --- [estoque] [http-nio-8383-exec-2] o.t.standard.expression.LinkExpression   : [THYMELEAF][http-nio-8383-exec-2] Evaluating link: "@{'/vendas/excluir/{id}'(id=${item.venda.id})}"
2026-07-01T16:54:56.345-03:00 TRACE 20444 --- [estoque] [http-nio-8383-exec-2] o.t.s.expression.TextLiteralExpression   : [THYMELEAF][http-nio-8383-exec-2] Evaluating text literal: "'/vendas/excluir/{id}'"
2026-07-01T16:54:56.345-03:00 TRACE 20444 --- [estoque] [http-nio-8383-exec-2] o.t.s.expression.GenericTokenExpression  : [THYMELEAF][http-nio-8383-exec-2] Evaluating generic token: "id"
2026-07-01T16:54:56.345-03:00 TRACE 20444 --- [estoque] [http-nio-8383-exec-2] o.t.s.expression.VariableExpression      : [THYMELEAF][http-nio-8383-exec-2] Evaluating variable expression: "${item.venda.id}"
2026-07-01T16:54:56.345-03:00 TRACE 20444 --- [estoque] [http-nio-8383-exec-2] o.t.s.e.SPELVariableExpressionEvaluator  : [THYMELEAF][http-nio-8383-exec-2] SpringEL expression: evaluating expression "item.venda.id" on target
2026-07-01T16:54:56.346-03:00 TRACE 20444 --- [estoque] [http-nio-8383-exec-2] o.t.s.expression.VariableExpression      : [THYMELEAF][http-nio-8383-exec-2] Evaluating variable expression: "${item.venda.id}"
2026-07-01T16:54:56.346-03:00 TRACE 20444 --- [estoque] [http-nio-8383-exec-2] o.t.s.e.SPELVariableExpressionEvaluator  : [THYMELEAF][http-nio-8383-exec-2] SpringEL expression: evaluating expression "item.venda.id" on target
2026-07-01T16:54:56.346-03:00 TRACE 20444 --- [estoque] [http-nio-8383-exec-2] o.t.s.expression.VariableExpression      : [THYMELEAF][http-nio-8383-exec-2] Evaluating variable expression: "${item.produto.nome}"
2026-07-01T16:54:56.346-03:00 TRACE 20444 --- [estoque] [http-nio-8383-exec-2] o.t.s.e.SPELVariableExpressionEvaluator  : [THYMELEAF][http-nio-8383-exec-2] SpringEL expression: evaluating expression "item.produto.nome" on target
2026-07-01T16:54:56.346-03:00 TRACE 20444 --- [estoque] [http-nio-8383-exec-2] o.t.s.expression.VariableExpression      : [THYMELEAF][http-nio-8383-exec-2] Evaluating variable expression: "${item.quantidade}"
2026-07-01T16:54:56.346-03:00 TRACE 20444 --- [estoque] [http-nio-8383-exec-2] o.t.s.e.SPELVariableExpressionEvaluator  : [THYMELEAF][http-nio-8383-exec-2] SpringEL expression: evaluating expression "item.quantidade" on target
2026-07-01T16:54:56.346-03:00 TRACE 20444 --- [estoque] [http-nio-8383-exec-2] o.t.s.expression.VariableExpression      : [THYMELEAF][http-nio-8383-exec-2] Evaluating variable expression: "${#numbers.formatCurrency(item.valorPorCaixa)}"
2026-07-01T16:54:56.346-03:00 TRACE 20444 --- [estoque] [http-nio-8383-exec-2] o.t.s.e.SPELVariableExpressionEvaluator  : [THYMELEAF][http-nio-8383-exec-2] SpringEL expression: evaluating expression "#numbers.formatCurrency(item.valorPorCaixa)" on target
2026-07-01T16:54:56.347-03:00 TRACE 20444 --- [estoque] [http-nio-8383-exec-2] o.t.s.expression.VariableExpression      : [THYMELEAF][http-nio-8383-exec-2] Evaluating variable expression: "${#numbers.formatCurrency(item.subtotal)}"
2026-07-01T16:54:56.347-03:00 TRACE 20444 --- [estoque] [http-nio-8383-exec-2] o.t.s.e.SPELVariableExpressionEvaluator  : [THYMELEAF][http-nio-8383-exec-2] SpringEL expression: evaluating expression "#numbers.formatCurrency(item.subtotal)" on target
2026-07-01T16:54:56.348-03:00 TRACE 20444 --- [estoque] [http-nio-8383-exec-2] o.t.s.expression.VariableExpression      : [THYMELEAF][http-nio-8383-exec-2] Evaluating variable expression: "${item.venda.clienteNome}"
2026-07-01T16:54:56.348-03:00 TRACE 20444 --- [estoque] [http-nio-8383-exec-2] o.t.s.e.SPELVariableExpressionEvaluator  : [THYMELEAF][http-nio-8383-exec-2] SpringEL expression: evaluating expression "item.venda.clienteNome" on target
2026-07-01T16:54:56.348-03:00 TRACE 20444 --- [estoque] [http-nio-8383-exec-2] o.t.s.expression.VariableExpression      : [THYMELEAF][http-nio-8383-exec-2] Evaluating variable expression: "${item.venda.clienteEstado}"
2026-07-01T16:54:56.348-03:00 TRACE 20444 --- [estoque] [http-nio-8383-exec-2] o.t.s.e.SPELVariableExpressionEvaluator  : [THYMELEAF][http-nio-8383-exec-2] SpringEL expression: evaluating expression "item.venda.clienteEstado" on target
2026-07-01T16:54:56.349-03:00 TRACE 20444 --- [estoque] [http-nio-8383-exec-2] o.t.s.expression.VariableExpression      : [THYMELEAF][http-nio-8383-exec-2] Evaluating variable expression: "${#temporals.format(item.venda.dataSaida, 'dd/MM/yyyy')}"
2026-07-01T16:54:56.349-03:00 TRACE 20444 --- [estoque] [http-nio-8383-exec-2] o.t.s.e.SPELVariableExpressionEvaluator  : [THYMELEAF][http-nio-8383-exec-2] SpringEL expression: evaluating expression "#temporals.format(item.venda.dataSaida, 'dd/MM/yyyy')" on target
2026-07-01T16:54:56.351-03:00 TRACE 20444 --- [estoque] [http-nio-8383-exec-2] o.t.T.cache.EXPRESSION_CACHE             : [THYMELEAF][http-nio-8383-exec-2][EXPRESSION_CACHE][CACHE_HIT] Cache hit in cache "EXPRESSION_CACHE" for key "expr|${item.tipoMovimentacao == 'V'}".
2026-07-01T16:54:56.351-03:00 TRACE 20444 --- [estoque] [http-nio-8383-exec-2] o.t.s.expression.VariableExpression      : [THYMELEAF][http-nio-8383-exec-2] Evaluating variable expression: "${item.tipoMovimentacao == 'V'}"
2026-07-01T16:54:56.351-03:00 TRACE 20444 --- [estoque] [http-nio-8383-exec-2] o.t.s.e.SPELVariableExpressionEvaluator  : [THYMELEAF][http-nio-8383-exec-2] SpringEL expression: evaluating expression "item.tipoMovimentacao == 'V'" on target
2026-07-01T16:54:56.353-03:00 TRACE 20444 --- [estoque] [http-nio-8383-exec-2] o.t.T.cache.EXPRESSION_CACHE             : [THYMELEAF][http-nio-8383-exec-2][EXPRESSION_CACHE][CACHE_HIT] Cache hit in cache "EXPRESSION_CACHE" for key "expr|${item.tipoMovimentacao == 'T'}".
2026-07-01T16:54:56.354-03:00 TRACE 20444 --- [estoque] [http-nio-8383-exec-2] o.t.s.expression.VariableExpression      : [THYMELEAF][http-nio-8383-exec-2] Evaluating variable expression: "${item.tipoMovimentacao == 'T'}"
2026-07-01T16:54:56.354-03:00 TRACE 20444 --- [estoque] [http-nio-8383-exec-2] o.t.s.e.SPELVariableExpressionEvaluator  : [THYMELEAF][http-nio-8383-exec-2] SpringEL expression: evaluating expression "item.tipoMovimentacao == 'T'" on target
2026-07-01T16:54:56.355-03:00 TRACE 20444 --- [estoque] [http-nio-8383-exec-2] o.t.T.cache.EXPRESSION_CACHE             : [THYMELEAF][http-nio-8383-exec-2][EXPRESSION_CACHE][CACHE_HIT] Cache hit in cache "EXPRESSION_CACHE" for key "expr|${item.venda.comNotaFiscal}".
2026-07-01T16:54:56.355-03:00 TRACE 20444 --- [estoque] [http-nio-8383-exec-2] o.t.s.expression.VariableExpression      : [THYMELEAF][http-nio-8383-exec-2] Evaluating variable expression: "${item.venda.comNotaFiscal}"
2026-07-01T16:54:56.355-03:00 TRACE 20444 --- [estoque] [http-nio-8383-exec-2] o.t.s.e.SPELVariableExpressionEvaluator  : [THYMELEAF][http-nio-8383-exec-2] SpringEL expression: evaluating expression "item.venda.comNotaFiscal" on target
2026-07-01T16:54:56.355-03:00 TRACE 20444 --- [estoque] [http-nio-8383-exec-2] o.t.T.cache.EXPRESSION_CACHE             : [THYMELEAF][http-nio-8383-exec-2][EXPRESSION_CACHE][CACHE_HIT] Cache hit in cache "EXPRESSION_CACHE" for key "expr|${item.venda.comNotaFiscal}".
2026-07-01T16:54:56.355-03:00 TRACE 20444 --- [estoque] [http-nio-8383-exec-2] o.t.s.expression.VariableExpression      : [THYMELEAF][http-nio-8383-exec-2] Evaluating variable expression: "${item.venda.comNotaFiscal}"
2026-07-01T16:54:56.356-03:00 TRACE 20444 --- [estoque] [http-nio-8383-exec-2] o.t.s.e.SPELVariableExpressionEvaluator  : [THYMELEAF][http-nio-8383-exec-2] SpringEL expression: evaluating expression "item.venda.comNotaFiscal" on target
2026-07-01T16:54:56.356-03:00 TRACE 20444 --- [estoque] [http-nio-8383-exec-2] o.t.standard.expression.LinkExpression   : [THYMELEAF][http-nio-8383-exec-2] Evaluating link: "@{'/vendas/editar/{id}'(id=${item.venda.id})}"
2026-07-01T16:54:56.356-03:00 TRACE 20444 --- [estoque] [http-nio-8383-exec-2] o.t.s.expression.TextLiteralExpression   : [THYMELEAF][http-nio-8383-exec-2] Evaluating text literal: "'/vendas/editar/{id}'"
2026-07-01T16:54:56.356-03:00 TRACE 20444 --- [estoque] [http-nio-8383-exec-2] o.t.s.expression.GenericTokenExpression  : [THYMELEAF][http-nio-8383-exec-2] Evaluating generic token: "id"
2026-07-01T16:54:56.356-03:00 TRACE 20444 --- [estoque] [http-nio-8383-exec-2] o.t.s.expression.VariableExpression      : [THYMELEAF][http-nio-8383-exec-2] Evaluating variable expression: "${item.venda.id}"
2026-07-01T16:54:56.356-03:00 TRACE 20444 --- [estoque] [http-nio-8383-exec-2] o.t.s.e.SPELVariableExpressionEvaluator  : [THYMELEAF][http-nio-8383-exec-2] SpringEL expression: evaluating expression "item.venda.id" on target
2026-07-01T16:54:56.357-03:00 TRACE 20444 --- [estoque] [http-nio-8383-exec-2] o.t.standard.expression.LinkExpression   : [THYMELEAF][http-nio-8383-exec-2] Evaluating link: "@{'/vendas/excluir/{id}'(id=${item.venda.id})}"
2026-07-01T16:54:56.357-03:00 TRACE 20444 --- [estoque] [http-nio-8383-exec-2] o.t.s.expression.TextLiteralExpression   : [THYMELEAF][http-nio-8383-exec-2] Evaluating text literal: "'/vendas/excluir/{id}'"
2026-07-01T16:54:56.357-03:00 TRACE 20444 --- [estoque] [http-nio-8383-exec-2] o.t.s.expression.GenericTokenExpression  : [THYMELEAF][http-nio-8383-exec-2] Evaluating generic token: "id"
2026-07-01T16:54:56.357-03:00 TRACE 20444 --- [estoque] [http-nio-8383-exec-2] o.t.s.expression.VariableExpression      : [THYMELEAF][http-nio-8383-exec-2] Evaluating variable expression: "${item.venda.id}"
2026-07-01T16:54:56.358-03:00 TRACE 20444 --- [estoque] [http-nio-8383-exec-2] o.t.s.e.SPELVariableExpressionEvaluator  : [THYMELEAF][http-nio-8383-exec-2] SpringEL expression: evaluating expression "item.venda.id" on target
2026-07-01T16:54:56.358-03:00 TRACE 20444 --- [estoque] [http-nio-8383-exec-2] o.t.s.expression.VariableExpression      : [THYMELEAF][http-nio-8383-exec-2] Evaluating variable expression: "${item.venda.id}"
2026-07-01T16:54:56.358-03:00 TRACE 20444 --- [estoque] [http-nio-8383-exec-2] o.t.s.e.SPELVariableExpressionEvaluator  : [THYMELEAF][http-nio-8383-exec-2] SpringEL expression: evaluating expression "item.venda.id" on target
2026-07-01T16:54:56.359-03:00 TRACE 20444 --- [estoque] [http-nio-8383-exec-2] o.t.s.expression.VariableExpression      : [THYMELEAF][http-nio-8383-exec-2] Evaluating variable expression: "${item.produto.nome}"
2026-07-01T16:54:56.359-03:00 TRACE 20444 --- [estoque] [http-nio-8383-exec-2] o.t.s.e.SPELVariableExpressionEvaluator  : [THYMELEAF][http-nio-8383-exec-2] SpringEL expression: evaluating expression "item.produto.nome" on target
2026-07-01T16:54:56.360-03:00 TRACE 20444 --- [estoque] [http-nio-8383-exec-2] o.t.s.expression.VariableExpression      : [THYMELEAF][http-nio-8383-exec-2] Evaluating variable expression: "${item.quantidade}"
2026-07-01T16:54:56.360-03:00 TRACE 20444 --- [estoque] [http-nio-8383-exec-2] o.t.s.e.SPELVariableExpressionEvaluator  : [THYMELEAF][http-nio-8383-exec-2] SpringEL expression: evaluating expression "item.quantidade" on target
2026-07-01T16:54:56.360-03:00 TRACE 20444 --- [estoque] [http-nio-8383-exec-2] o.t.s.expression.VariableExpression      : [THYMELEAF][http-nio-8383-exec-2] Evaluating variable expression: "${#numbers.formatCurrency(item.valorPorCaixa)}"
2026-07-01T16:54:56.360-03:00 TRACE 20444 --- [estoque] [http-nio-8383-exec-2] o.t.s.e.SPELVariableExpressionEvaluator  : [THYMELEAF][http-nio-8383-exec-2] SpringEL expression: evaluating expression "#numbers.formatCurrency(item.valorPorCaixa)" on target
2026-07-01T16:54:56.361-03:00 TRACE 20444 --- [estoque] [http-nio-8383-exec-2] o.t.s.expression.VariableExpression      : [THYMELEAF][http-nio-8383-exec-2] Evaluating variable expression: "${#numbers.formatCurrency(item.subtotal)}"
2026-07-01T16:54:56.361-03:00 TRACE 20444 --- [estoque] [http-nio-8383-exec-2] o.t.s.e.SPELVariableExpressionEvaluator  : [THYMELEAF][http-nio-8383-exec-2] SpringEL expression: evaluating expression "#numbers.formatCurrency(item.subtotal)" on target
2026-07-01T16:54:56.362-03:00 TRACE 20444 --- [estoque] [http-nio-8383-exec-2] o.t.s.expression.VariableExpression      : [THYMELEAF][http-nio-8383-exec-2] Evaluating variable expression: "${item.venda.clienteNome}"
2026-07-01T16:54:56.362-03:00 TRACE 20444 --- [estoque] [http-nio-8383-exec-2] o.t.s.e.SPELVariableExpressionEvaluator  : [THYMELEAF][http-nio-8383-exec-2] SpringEL expression: evaluating expression "item.venda.clienteNome" on target
2026-07-01T16:54:56.363-03:00 TRACE 20444 --- [estoque] [http-nio-8383-exec-2] o.t.s.expression.VariableExpression      : [THYMELEAF][http-nio-8383-exec-2] Evaluating variable expression: "${item.venda.clienteEstado}"
2026-07-01T16:54:56.363-03:00 TRACE 20444 --- [estoque] [http-nio-8383-exec-2] o.t.s.e.SPELVariableExpressionEvaluator  : [THYMELEAF][http-nio-8383-exec-2] SpringEL expression: evaluating expression "item.venda.clienteEstado" on target
2026-07-01T16:54:56.364-03:00 TRACE 20444 --- [estoque] [http-nio-8383-exec-2] o.t.s.expression.VariableExpression      : [THYMELEAF][http-nio-8383-exec-2] Evaluating variable expression: "${#temporals.format(item.venda.dataSaida, 'dd/MM/yyyy')}"
2026-07-01T16:54:56.365-03:00 TRACE 20444 --- [estoque] [http-nio-8383-exec-2] o.t.s.e.SPELVariableExpressionEvaluator  : [THYMELEAF][http-nio-8383-exec-2] SpringEL expression: evaluating expression "#temporals.format(item.venda.dataSaida, 'dd/MM/yyyy')" on target
2026-07-01T16:54:56.367-03:00 TRACE 20444 --- [estoque] [http-nio-8383-exec-2] o.t.T.cache.EXPRESSION_CACHE             : [THYMELEAF][http-nio-8383-exec-2][EXPRESSION_CACHE][CACHE_HIT] Cache hit in cache "EXPRESSION_CACHE" for key "expr|${item.tipoMovimentacao == 'V'}".
2026-07-01T16:54:56.368-03:00 TRACE 20444 --- [estoque] [http-nio-8383-exec-2] o.t.s.expression.VariableExpression      : [THYMELEAF][http-nio-8383-exec-2] Evaluating variable expression: "${item.tipoMovimentacao == 'V'}"
2026-07-01T16:54:56.369-03:00 TRACE 20444 --- [estoque] [http-nio-8383-exec-2] o.t.s.e.SPELVariableExpressionEvaluator  : [THYMELEAF][http-nio-8383-exec-2] SpringEL expression: evaluating expression "item.tipoMovimentacao == 'V'" on target
2026-07-01T16:54:56.369-03:00 TRACE 20444 --- [estoque] [http-nio-8383-exec-2] o.t.T.cache.EXPRESSION_CACHE             : [THYMELEAF][http-nio-8383-exec-2][EXPRESSION_CACHE][CACHE_HIT] Cache hit in cache "EXPRESSION_CACHE" for key "expr|${item.tipoMovimentacao == 'T'}".
2026-07-01T16:54:56.370-03:00 TRACE 20444 --- [estoque] [http-nio-8383-exec-2] o.t.s.expression.VariableExpression      : [THYMELEAF][http-nio-8383-exec-2] Evaluating variable expression: "${item.tipoMovimentacao == 'T'}"
2026-07-01T16:54:56.370-03:00 TRACE 20444 --- [estoque] [http-nio-8383-exec-2] o.t.s.e.SPELVariableExpressionEvaluator  : [THYMELEAF][http-nio-8383-exec-2] SpringEL expression: evaluating expression "item.tipoMovimentacao == 'T'" on target
2026-07-01T16:54:56.370-03:00 TRACE 20444 --- [estoque] [http-nio-8383-exec-2] o.t.T.cache.EXPRESSION_CACHE             : [THYMELEAF][http-nio-8383-exec-2][EXPRESSION_CACHE][CACHE_HIT] Cache hit in cache "EXPRESSION_CACHE" for key "expr|${item.venda.comNotaFiscal}".
2026-07-01T16:54:56.370-03:00 TRACE 20444 --- [estoque] [http-nio-8383-exec-2] o.t.s.expression.VariableExpression      : [THYMELEAF][http-nio-8383-exec-2] Evaluating variable expression: "${item.venda.comNotaFiscal}"
2026-07-01T16:54:56.370-03:00 TRACE 20444 --- [estoque] [http-nio-8383-exec-2] o.t.s.e.SPELVariableExpressionEvaluator  : [THYMELEAF][http-nio-8383-exec-2] SpringEL expression: evaluating expression "item.venda.comNotaFiscal" on target
2026-07-01T16:54:56.370-03:00 TRACE 20444 --- [estoque] [http-nio-8383-exec-2] o.t.T.cache.EXPRESSION_CACHE             : [THYMELEAF][http-nio-8383-exec-2][EXPRESSION_CACHE][CACHE_HIT] Cache hit in cache "EXPRESSION_CACHE" for key "expr|${item.venda.comNotaFiscal}".
2026-07-01T16:54:56.371-03:00 TRACE 20444 --- [estoque] [http-nio-8383-exec-2] o.t.s.expression.VariableExpression      : [THYMELEAF][http-nio-8383-exec-2] Evaluating variable expression: "${item.venda.comNotaFiscal}"
2026-07-01T16:54:56.371-03:00 TRACE 20444 --- [estoque] [http-nio-8383-exec-2] o.t.s.e.SPELVariableExpressionEvaluator  : [THYMELEAF][http-nio-8383-exec-2] SpringEL expression: evaluating expression "item.venda.comNotaFiscal" on target
2026-07-01T16:54:56.371-03:00 TRACE 20444 --- [estoque] [http-nio-8383-exec-2] o.t.standard.expression.LinkExpression   : [THYMELEAF][http-nio-8383-exec-2] Evaluating link: "@{'/vendas/editar/{id}'(id=${item.venda.id})}"
2026-07-01T16:54:56.371-03:00 TRACE 20444 --- [estoque] [http-nio-8383-exec-2] o.t.s.expression.TextLiteralExpression   : [THYMELEAF][http-nio-8383-exec-2] Evaluating text literal: "'/vendas/editar/{id}'"
2026-07-01T16:54:56.371-03:00 TRACE 20444 --- [estoque] [http-nio-8383-exec-2] o.t.s.expression.GenericTokenExpression  : [THYMELEAF][http-nio-8383-exec-2] Evaluating generic token: "id"
2026-07-01T16:54:56.371-03:00 TRACE 20444 --- [estoque] [http-nio-8383-exec-2] o.t.s.expression.VariableExpression      : [THYMELEAF][http-nio-8383-exec-2] Evaluating variable expression: "${item.venda.id}"
2026-07-01T16:54:56.371-03:00 TRACE 20444 --- [estoque] [http-nio-8383-exec-2] o.t.s.e.SPELVariableExpressionEvaluator  : [THYMELEAF][http-nio-8383-exec-2] SpringEL expression: evaluating expression "item.venda.id" on target
2026-07-01T16:54:56.372-03:00 TRACE 20444 --- [estoque] [http-nio-8383-exec-2] o.t.standard.expression.LinkExpression   : [THYMELEAF][http-nio-8383-exec-2] Evaluating link: "@{'/vendas/excluir/{id}'(id=${item.venda.id})}"
2026-07-01T16:54:56.372-03:00 TRACE 20444 --- [estoque] [http-nio-8383-exec-2] o.t.s.expression.TextLiteralExpression   : [THYMELEAF][http-nio-8383-exec-2] Evaluating text literal: "'/vendas/excluir/{id}'"
2026-07-01T16:54:56.372-03:00 TRACE 20444 --- [estoque] [http-nio-8383-exec-2] o.t.s.expression.GenericTokenExpression  : [THYMELEAF][http-nio-8383-exec-2] Evaluating generic token: "id"
2026-07-01T16:54:56.372-03:00 TRACE 20444 --- [estoque] [http-nio-8383-exec-2] o.t.s.expression.VariableExpression      : [THYMELEAF][http-nio-8383-exec-2] Evaluating variable expression: "${item.venda.id}"
2026-07-01T16:54:56.372-03:00 TRACE 20444 --- [estoque] [http-nio-8383-exec-2] o.t.s.e.SPELVariableExpressionEvaluator  : [THYMELEAF][http-nio-8383-exec-2] SpringEL expression: evaluating expression "item.venda.id" on target
2026-07-01T16:54:56.372-03:00 TRACE 20444 --- [estoque] [http-nio-8383-exec-2] o.t.s.expression.VariableExpression      : [THYMELEAF][http-nio-8383-exec-2] Evaluating variable expression: "${item.venda.id}"
2026-07-01T16:54:56.373-03:00 TRACE 20444 --- [estoque] [http-nio-8383-exec-2] o.t.s.e.SPELVariableExpressionEvaluator  : [THYMELEAF][http-nio-8383-exec-2] SpringEL expression: evaluating expression "item.venda.id" on target
2026-07-01T16:54:56.373-03:00 TRACE 20444 --- [estoque] [http-nio-8383-exec-2] o.t.s.expression.VariableExpression      : [THYMELEAF][http-nio-8383-exec-2] Evaluating variable expression: "${item.produto.nome}"
2026-07-01T16:54:56.374-03:00 TRACE 20444 --- [estoque] [http-nio-8383-exec-2] o.t.s.e.SPELVariableExpressionEvaluator  : [THYMELEAF][http-nio-8383-exec-2] SpringEL expression: evaluating expression "item.produto.nome" on target
2026-07-01T16:54:56.374-03:00 TRACE 20444 --- [estoque] [http-nio-8383-exec-2] o.t.s.expression.VariableExpression      : [THYMELEAF][http-nio-8383-exec-2] Evaluating variable expression: "${item.quantidade}"
2026-07-01T16:54:56.374-03:00 TRACE 20444 --- [estoque] [http-nio-8383-exec-2] o.t.s.e.SPELVariableExpressionEvaluator  : [THYMELEAF][http-nio-8383-exec-2] SpringEL expression: evaluating expression "item.quantidade" on target
2026-07-01T16:54:56.375-03:00 TRACE 20444 --- [estoque] [http-nio-8383-exec-2] o.t.s.expression.VariableExpression      : [THYMELEAF][http-nio-8383-exec-2] Evaluating variable expression: "${#numbers.formatCurrency(item.valorPorCaixa)}"
2026-07-01T16:54:56.375-03:00 TRACE 20444 --- [estoque] [http-nio-8383-exec-2] o.t.s.e.SPELVariableExpressionEvaluator  : [THYMELEAF][http-nio-8383-exec-2] SpringEL expression: evaluating expression "#numbers.formatCurrency(item.valorPorCaixa)" on target
2026-07-01T16:54:56.376-03:00 TRACE 20444 --- [estoque] [http-nio-8383-exec-2] o.t.s.expression.VariableExpression      : [THYMELEAF][http-nio-8383-exec-2] Evaluating variable expression: "${#numbers.formatCurrency(item.subtotal)}"
2026-07-01T16:54:56.376-03:00 TRACE 20444 --- [estoque] [http-nio-8383-exec-2] o.t.s.e.SPELVariableExpressionEvaluator  : [THYMELEAF][http-nio-8383-exec-2] SpringEL expression: evaluating expression "#numbers.formatCurrency(item.subtotal)" on target
2026-07-01T16:54:56.376-03:00 TRACE 20444 --- [estoque] [http-nio-8383-exec-2] o.t.s.expression.VariableExpression      : [THYMELEAF][http-nio-8383-exec-2] Evaluating variable expression: "${item.venda.clienteNome}"
2026-07-01T16:54:56.376-03:00 TRACE 20444 --- [estoque] [http-nio-8383-exec-2] o.t.s.e.SPELVariableExpressionEvaluator  : [THYMELEAF][http-nio-8383-exec-2] SpringEL expression: evaluating expression "item.venda.clienteNome" on target
2026-07-01T16:54:56.377-03:00 TRACE 20444 --- [estoque] [http-nio-8383-exec-2] o.t.s.expression.VariableExpression      : [THYMELEAF][http-nio-8383-exec-2] Evaluating variable expression: "${item.venda.clienteEstado}"
2026-07-01T16:54:56.377-03:00 TRACE 20444 --- [estoque] [http-nio-8383-exec-2] o.t.s.e.SPELVariableExpressionEvaluator  : [THYMELEAF][http-nio-8383-exec-2] SpringEL expression: evaluating expression "item.venda.clienteEstado" on target
2026-07-01T16:54:56.377-03:00 TRACE 20444 --- [estoque] [http-nio-8383-exec-2] o.t.s.expression.VariableExpression      : [THYMELEAF][http-nio-8383-exec-2] Evaluating variable expression: "${#temporals.format(item.venda.dataSaida, 'dd/MM/yyyy')}"
2026-07-01T16:54:56.377-03:00 TRACE 20444 --- [estoque] [http-nio-8383-exec-2] o.t.s.e.SPELVariableExpressionEvaluator  : [THYMELEAF][http-nio-8383-exec-2] SpringEL expression: evaluating expression "#temporals.format(item.venda.dataSaida, 'dd/MM/yyyy')" on target
2026-07-01T16:54:56.378-03:00 TRACE 20444 --- [estoque] [http-nio-8383-exec-2] o.t.T.cache.EXPRESSION_CACHE             : [THYMELEAF][http-nio-8383-exec-2][EXPRESSION_CACHE][CACHE_HIT] Cache hit in cache "EXPRESSION_CACHE" for key "expr|${item.tipoMovimentacao == 'V'}".
2026-07-01T16:54:56.381-03:00 TRACE 20444 --- [estoque] [http-nio-8383-exec-2] o.t.s.expression.VariableExpression      : [THYMELEAF][http-nio-8383-exec-2] Evaluating variable expression: "${item.tipoMovimentacao == 'V'}"
2026-07-01T16:54:56.386-03:00 TRACE 20444 --- [estoque] [http-nio-8383-exec-2] o.t.s.e.SPELVariableExpressionEvaluator  : [THYMELEAF][http-nio-8383-exec-2] SpringEL expression: evaluating expression "item.tipoMovimentacao == 'V'" on target
2026-07-01T16:54:56.387-03:00 TRACE 20444 --- [estoque] [http-nio-8383-exec-2] o.t.T.cache.EXPRESSION_CACHE             : [THYMELEAF][http-nio-8383-exec-2][EXPRESSION_CACHE][CACHE_HIT] Cache hit in cache "EXPRESSION_CACHE" for key "expr|${item.tipoMovimentacao == 'T'}".
2026-07-01T16:54:56.387-03:00 TRACE 20444 --- [estoque] [http-nio-8383-exec-2] o.t.s.expression.VariableExpression      : [THYMELEAF][http-nio-8383-exec-2] Evaluating variable expression: "${item.tipoMovimentacao == 'T'}"
2026-07-01T16:54:56.387-03:00 TRACE 20444 --- [estoque] [http-nio-8383-exec-2] o.t.s.e.SPELVariableExpressionEvaluator  : [THYMELEAF][http-nio-8383-exec-2] SpringEL expression: evaluating expression "item.tipoMovimentacao == 'T'" on target
2026-07-01T16:54:56.388-03:00 TRACE 20444 --- [estoque] [http-nio-8383-exec-2] o.t.T.cache.EXPRESSION_CACHE             : [THYMELEAF][http-nio-8383-exec-2][EXPRESSION_CACHE][CACHE_HIT] Cache hit in cache "EXPRESSION_CACHE" for key "expr|${item.venda.comNotaFiscal}".
2026-07-01T16:54:56.388-03:00 TRACE 20444 --- [estoque] [http-nio-8383-exec-2] o.t.s.expression.VariableExpression      : [THYMELEAF][http-nio-8383-exec-2] Evaluating variable expression: "${item.venda.comNotaFiscal}"
2026-07-01T16:54:56.388-03:00 TRACE 20444 --- [estoque] [http-nio-8383-exec-2] o.t.s.e.SPELVariableExpressionEvaluator  : [THYMELEAF][http-nio-8383-exec-2] SpringEL expression: evaluating expression "item.venda.comNotaFiscal" on target
2026-07-01T16:54:56.388-03:00 TRACE 20444 --- [estoque] [http-nio-8383-exec-2] o.t.T.cache.EXPRESSION_CACHE             : [THYMELEAF][http-nio-8383-exec-2][EXPRESSION_CACHE][CACHE_HIT] Cache hit in cache "EXPRESSION_CACHE" for key "expr|${item.venda.comNotaFiscal}".
2026-07-01T16:54:56.389-03:00 TRACE 20444 --- [estoque] [http-nio-8383-exec-2] o.t.s.expression.VariableExpression      : [THYMELEAF][http-nio-8383-exec-2] Evaluating variable expression: "${item.venda.comNotaFiscal}"
2026-07-01T16:54:56.389-03:00 TRACE 20444 --- [estoque] [http-nio-8383-exec-2] o.t.s.e.SPELVariableExpressionEvaluator  : [THYMELEAF][http-nio-8383-exec-2] SpringEL expression: evaluating expression "item.venda.comNotaFiscal" on target
2026-07-01T16:54:56.390-03:00 TRACE 20444 --- [estoque] [http-nio-8383-exec-2] o.t.standard.expression.LinkExpression   : [THYMELEAF][http-nio-8383-exec-2] Evaluating link: "@{'/vendas/editar/{id}'(id=${item.venda.id})}"
2026-07-01T16:54:56.391-03:00 TRACE 20444 --- [estoque] [http-nio-8383-exec-2] o.t.s.expression.TextLiteralExpression   : [THYMELEAF][http-nio-8383-exec-2] Evaluating text literal: "'/vendas/editar/{id}'"
2026-07-01T16:54:56.395-03:00 TRACE 20444 --- [estoque] [http-nio-8383-exec-2] o.t.s.expression.GenericTokenExpression  : [THYMELEAF][http-nio-8383-exec-2] Evaluating generic token: "id"
2026-07-01T16:54:56.396-03:00 TRACE 20444 --- [estoque] [http-nio-8383-exec-2] o.t.s.expression.VariableExpression      : [THYMELEAF][http-nio-8383-exec-2] Evaluating variable expression: "${item.venda.id}"
2026-07-01T16:54:56.396-03:00 TRACE 20444 --- [estoque] [http-nio-8383-exec-2] o.t.s.e.SPELVariableExpressionEvaluator  : [THYMELEAF][http-nio-8383-exec-2] SpringEL expression: evaluating expression "item.venda.id" on target
2026-07-01T16:54:56.396-03:00 TRACE 20444 --- [estoque] [http-nio-8383-exec-2] o.t.standard.expression.LinkExpression   : [THYMELEAF][http-nio-8383-exec-2] Evaluating link: "@{'/vendas/excluir/{id}'(id=${item.venda.id})}"
2026-07-01T16:54:56.397-03:00 TRACE 20444 --- [estoque] [http-nio-8383-exec-2] o.t.s.expression.TextLiteralExpression   : [THYMELEAF][http-nio-8383-exec-2] Evaluating text literal: "'/vendas/excluir/{id}'"
2026-07-01T16:54:56.397-03:00 TRACE 20444 --- [estoque] [http-nio-8383-exec-2] o.t.s.expression.GenericTokenExpression  : [THYMELEAF][http-nio-8383-exec-2] Evaluating generic token: "id"
2026-07-01T16:54:56.397-03:00 TRACE 20444 --- [estoque] [http-nio-8383-exec-2] o.t.s.expression.VariableExpression      : [THYMELEAF][http-nio-8383-exec-2] Evaluating variable expression: "${item.venda.id}"
2026-07-01T16:54:56.397-03:00 TRACE 20444 --- [estoque] [http-nio-8383-exec-2] o.t.s.e.SPELVariableExpressionEvaluator  : [THYMELEAF][http-nio-8383-exec-2] SpringEL expression: evaluating expression "item.venda.id" on target
2026-07-01T16:54:56.398-03:00 TRACE 20444 --- [estoque] [http-nio-8383-exec-2] o.t.s.expression.VariableExpression      : [THYMELEAF][http-nio-8383-exec-2] Evaluating variable expression: "${item.venda.id}"
2026-07-01T16:54:56.399-03:00 TRACE 20444 --- [estoque] [http-nio-8383-exec-2] o.t.s.e.SPELVariableExpressionEvaluator  : [THYMELEAF][http-nio-8383-exec-2] SpringEL expression: evaluating expression "item.venda.id" on target
2026-07-01T16:54:56.400-03:00 TRACE 20444 --- [estoque] [http-nio-8383-exec-2] o.t.s.expression.VariableExpression      : [THYMELEAF][http-nio-8383-exec-2] Evaluating variable expression: "${item.produto.nome}"
2026-07-01T16:54:56.401-03:00 TRACE 20444 --- [estoque] [http-nio-8383-exec-2] o.t.s.e.SPELVariableExpressionEvaluator  : [THYMELEAF][http-nio-8383-exec-2] SpringEL expression: evaluating expression "item.produto.nome" on target
2026-07-01T16:54:56.401-03:00 TRACE 20444 --- [estoque] [http-nio-8383-exec-2] o.t.s.expression.VariableExpression      : [THYMELEAF][http-nio-8383-exec-2] Evaluating variable expression: "${item.quantidade}"
2026-07-01T16:54:56.403-03:00 TRACE 20444 --- [estoque] [http-nio-8383-exec-2] o.t.s.e.SPELVariableExpressionEvaluator  : [THYMELEAF][http-nio-8383-exec-2] SpringEL expression: evaluating expression "item.quantidade" on target
2026-07-01T16:54:56.403-03:00 TRACE 20444 --- [estoque] [http-nio-8383-exec-2] o.t.s.expression.VariableExpression      : [THYMELEAF][http-nio-8383-exec-2] Evaluating variable expression: "${#numbers.formatCurrency(item.valorPorCaixa)}"
2026-07-01T16:54:56.403-03:00 TRACE 20444 --- [estoque] [http-nio-8383-exec-2] o.t.s.e.SPELVariableExpressionEvaluator  : [THYMELEAF][http-nio-8383-exec-2] SpringEL expression: evaluating expression "#numbers.formatCurrency(item.valorPorCaixa)" on target
2026-07-01T16:54:56.405-03:00 TRACE 20444 --- [estoque] [http-nio-8383-exec-2] o.t.s.expression.VariableExpression      : [THYMELEAF][http-nio-8383-exec-2] Evaluating variable expression: "${#numbers.formatCurrency(item.subtotal)}"
2026-07-01T16:54:56.405-03:00 TRACE 20444 --- [estoque] [http-nio-8383-exec-2] o.t.s.e.SPELVariableExpressionEvaluator  : [THYMELEAF][http-nio-8383-exec-2] SpringEL expression: evaluating expression "#numbers.formatCurrency(item.subtotal)" on target
2026-07-01T16:54:56.406-03:00 TRACE 20444 --- [estoque] [http-nio-8383-exec-2] o.t.s.expression.VariableExpression      : [THYMELEAF][http-nio-8383-exec-2] Evaluating variable expression: "${item.venda.clienteNome}"
2026-07-01T16:54:56.407-03:00 TRACE 20444 --- [estoque] [http-nio-8383-exec-2] o.t.s.e.SPELVariableExpressionEvaluator  : [THYMELEAF][http-nio-8383-exec-2] SpringEL expression: evaluating expression "item.venda.clienteNome" on target
2026-07-01T16:54:56.407-03:00 TRACE 20444 --- [estoque] [http-nio-8383-exec-2] o.t.s.expression.VariableExpression      : [THYMELEAF][http-nio-8383-exec-2] Evaluating variable expression: "${item.venda.clienteEstado}"
2026-07-01T16:54:56.408-03:00 TRACE 20444 --- [estoque] [http-nio-8383-exec-2] o.t.s.e.SPELVariableExpressionEvaluator  : [THYMELEAF][http-nio-8383-exec-2] SpringEL expression: evaluating expression "item.venda.clienteEstado" on target
2026-07-01T16:54:56.408-03:00 TRACE 20444 --- [estoque] [http-nio-8383-exec-2] o.t.s.expression.VariableExpression      : [THYMELEAF][http-nio-8383-exec-2] Evaluating variable expression: "${#temporals.format(item.venda.dataSaida, 'dd/MM/yyyy')}"
2026-07-01T16:54:56.408-03:00 TRACE 20444 --- [estoque] [http-nio-8383-exec-2] o.t.s.e.SPELVariableExpressionEvaluator  : [THYMELEAF][http-nio-8383-exec-2] SpringEL expression: evaluating expression "#temporals.format(item.venda.dataSaida, 'dd/MM/yyyy')" on target
2026-07-01T16:54:56.409-03:00 TRACE 20444 --- [estoque] [http-nio-8383-exec-2] o.t.T.cache.EXPRESSION_CACHE             : [THYMELEAF][http-nio-8383-exec-2][EXPRESSION_CACHE][CACHE_HIT] Cache hit in cache "EXPRESSION_CACHE" for key "expr|${item.tipoMovimentacao == 'V'}".
2026-07-01T16:54:56.409-03:00 TRACE 20444 --- [estoque] [http-nio-8383-exec-2] o.t.s.expression.VariableExpression      : [THYMELEAF][http-nio-8383-exec-2] Evaluating variable expression: "${item.tipoMovimentacao == 'V'}"
2026-07-01T16:54:56.409-03:00 TRACE 20444 --- [estoque] [http-nio-8383-exec-2] o.t.s.e.SPELVariableExpressionEvaluator  : [THYMELEAF][http-nio-8383-exec-2] SpringEL expression: evaluating expression "item.tipoMovimentacao == 'V'" on target
2026-07-01T16:54:56.410-03:00 TRACE 20444 --- [estoque] [http-nio-8383-exec-2] o.t.T.cache.EXPRESSION_CACHE             : [THYMELEAF][http-nio-8383-exec-2][EXPRESSION_CACHE][CACHE_HIT] Cache hit in cache "EXPRESSION_CACHE" for key "expr|${item.tipoMovimentacao == 'T'}".
2026-07-01T16:54:56.410-03:00 TRACE 20444 --- [estoque] [http-nio-8383-exec-2] o.t.s.expression.VariableExpression      : [THYMELEAF][http-nio-8383-exec-2] Evaluating variable expression: "${item.tipoMovimentacao == 'T'}"
2026-07-01T16:54:56.410-03:00 TRACE 20444 --- [estoque] [http-nio-8383-exec-2] o.t.s.e.SPELVariableExpressionEvaluator  : [THYMELEAF][http-nio-8383-exec-2] SpringEL expression: evaluating expression "item.tipoMovimentacao == 'T'" on target
2026-07-01T16:54:56.410-03:00 TRACE 20444 --- [estoque] [http-nio-8383-exec-2] o.t.T.cache.EXPRESSION_CACHE             : [THYMELEAF][http-nio-8383-exec-2][EXPRESSION_CACHE][CACHE_HIT] Cache hit in cache "EXPRESSION_CACHE" for key "expr|${item.venda.comNotaFiscal}".
2026-07-01T16:54:56.410-03:00 TRACE 20444 --- [estoque] [http-nio-8383-exec-2] o.t.s.expression.VariableExpression      : [THYMELEAF][http-nio-8383-exec-2] Evaluating variable expression: "${item.venda.comNotaFiscal}"
2026-07-01T16:54:56.410-03:00 TRACE 20444 --- [estoque] [http-nio-8383-exec-2] o.t.s.e.SPELVariableExpressionEvaluator  : [THYMELEAF][http-nio-8383-exec-2] SpringEL expression: evaluating expression "item.venda.comNotaFiscal" on target
2026-07-01T16:54:56.411-03:00 TRACE 20444 --- [estoque] [http-nio-8383-exec-2] o.t.T.cache.EXPRESSION_CACHE             : [THYMELEAF][http-nio-8383-exec-2][EXPRESSION_CACHE][CACHE_HIT] Cache hit in cache "EXPRESSION_CACHE" for key "expr|${item.venda.comNotaFiscal}".
2026-07-01T16:54:56.411-03:00 TRACE 20444 --- [estoque] [http-nio-8383-exec-2] o.t.s.expression.VariableExpression      : [THYMELEAF][http-nio-8383-exec-2] Evaluating variable expression: "${item.venda.comNotaFiscal}"
2026-07-01T16:54:56.411-03:00 TRACE 20444 --- [estoque] [http-nio-8383-exec-2] o.t.s.e.SPELVariableExpressionEvaluator  : [THYMELEAF][http-nio-8383-exec-2] SpringEL expression: evaluating expression "item.venda.comNotaFiscal" on target
2026-07-01T16:54:56.411-03:00 TRACE 20444 --- [estoque] [http-nio-8383-exec-2] o.t.standard.expression.LinkExpression   : [THYMELEAF][http-nio-8383-exec-2] Evaluating link: "@{'/vendas/editar/{id}'(id=${item.venda.id})}"
2026-07-01T16:54:56.411-03:00 TRACE 20444 --- [estoque] [http-nio-8383-exec-2] o.t.s.expression.TextLiteralExpression   : [THYMELEAF][http-nio-8383-exec-2] Evaluating text literal: "'/vendas/editar/{id}'"
2026-07-01T16:54:56.411-03:00 TRACE 20444 --- [estoque] [http-nio-8383-exec-2] o.t.s.expression.GenericTokenExpression  : [THYMELEAF][http-nio-8383-exec-2] Evaluating generic token: "id"
2026-07-01T16:54:56.411-03:00 TRACE 20444 --- [estoque] [http-nio-8383-exec-2] o.t.s.expression.VariableExpression      : [THYMELEAF][http-nio-8383-exec-2] Evaluating variable expression: "${item.venda.id}"
2026-07-01T16:54:56.411-03:00 TRACE 20444 --- [estoque] [http-nio-8383-exec-2] o.t.s.e.SPELVariableExpressionEvaluator  : [THYMELEAF][http-nio-8383-exec-2] SpringEL expression: evaluating expression "item.venda.id" on target
2026-07-01T16:54:56.412-03:00 TRACE 20444 --- [estoque] [http-nio-8383-exec-2] o.t.standard.expression.LinkExpression   : [THYMELEAF][http-nio-8383-exec-2] Evaluating link: "@{'/vendas/excluir/{id}'(id=${item.venda.id})}"
2026-07-01T16:54:56.412-03:00 TRACE 20444 --- [estoque] [http-nio-8383-exec-2] o.t.s.expression.TextLiteralExpression   : [THYMELEAF][http-nio-8383-exec-2] Evaluating text literal: "'/vendas/excluir/{id}'"
2026-07-01T16:54:56.412-03:00 TRACE 20444 --- [estoque] [http-nio-8383-exec-2] o.t.s.expression.GenericTokenExpression  : [THYMELEAF][http-nio-8383-exec-2] Evaluating generic token: "id"
2026-07-01T16:54:56.412-03:00 TRACE 20444 --- [estoque] [http-nio-8383-exec-2] o.t.s.expression.VariableExpression      : [THYMELEAF][http-nio-8383-exec-2] Evaluating variable expression: "${item.venda.id}"
2026-07-01T16:54:56.412-03:00 TRACE 20444 --- [estoque] [http-nio-8383-exec-2] o.t.s.e.SPELVariableExpressionEvaluator  : [THYMELEAF][http-nio-8383-exec-2] SpringEL expression: evaluating expression "item.venda.id" on target
2026-07-01T16:54:56.412-03:00 TRACE 20444 --- [estoque] [http-nio-8383-exec-2] o.t.T.cache.EXPRESSION_CACHE             : [THYMELEAF][http-nio-8383-exec-2][EXPRESSION_CACHE][CACHE_HIT] Cache hit in cache "EXPRESSION_CACHE" for key "expr|${pagina.number + 1}".
2026-07-01T16:54:56.413-03:00 TRACE 20444 --- [estoque] [http-nio-8383-exec-2] o.t.s.expression.VariableExpression      : [THYMELEAF][http-nio-8383-exec-2] Evaluating variable expression: "${pagina.number + 1}"
2026-07-01T16:54:56.413-03:00 TRACE 20444 --- [estoque] [http-nio-8383-exec-2] o.t.s.e.SPELVariableExpressionEvaluator  : [THYMELEAF][http-nio-8383-exec-2] SpringEL expression: evaluating expression "pagina.number + 1" on target
2026-07-01T16:54:56.413-03:00 TRACE 20444 --- [estoque] [http-nio-8383-exec-2] o.t.T.cache.EXPRESSION_CACHE             : [THYMELEAF][http-nio-8383-exec-2][EXPRESSION_CACHE][CACHE_HIT] Cache hit in cache "EXPRESSION_CACHE" for key "expr|${pagina.totalPages}".
2026-07-01T16:54:56.413-03:00 TRACE 20444 --- [estoque] [http-nio-8383-exec-2] o.t.s.expression.VariableExpression      : [THYMELEAF][http-nio-8383-exec-2] Evaluating variable expression: "${pagina.totalPages}"
2026-07-01T16:54:56.413-03:00 TRACE 20444 --- [estoque] [http-nio-8383-exec-2] o.t.s.e.SPELVariableExpressionEvaluator  : [THYMELEAF][http-nio-8383-exec-2] SpringEL expression: evaluating expression "pagina.totalPages" on target
2026-07-01T16:54:56.414-03:00 TRACE 20444 --- [estoque] [http-nio-8383-exec-2] o.t.T.cache.EXPRESSION_CACHE             : [THYMELEAF][http-nio-8383-exec-2][EXPRESSION_CACHE][CACHE_HIT] Cache hit in cache "EXPRESSION_CACHE" for key "expr|${pagina.hasPrevious()}".
2026-07-01T16:54:56.414-03:00 TRACE 20444 --- [estoque] [http-nio-8383-exec-2] o.t.s.expression.VariableExpression      : [THYMELEAF][http-nio-8383-exec-2] Evaluating variable expression: "${pagina.hasPrevious()}"
2026-07-01T16:54:56.414-03:00 TRACE 20444 --- [estoque] [http-nio-8383-exec-2] o.t.s.e.SPELVariableExpressionEvaluator  : [THYMELEAF][http-nio-8383-exec-2] SpringEL expression: evaluating expression "pagina.hasPrevious()" on target
2026-07-01T16:54:56.414-03:00 TRACE 20444 --- [estoque] [http-nio-8383-exec-2] o.t.T.cache.EXPRESSION_CACHE             : [THYMELEAF][http-nio-8383-exec-2][EXPRESSION_CACHE][CACHE_HIT] Cache hit in cache "EXPRESSION_CACHE" for key "expr|${pagina.number + 1}".
2026-07-01T16:54:56.415-03:00 TRACE 20444 --- [estoque] [http-nio-8383-exec-2] o.t.s.expression.VariableExpression      : [THYMELEAF][http-nio-8383-exec-2] Evaluating variable expression: "${pagina.number + 1}"
2026-07-01T16:54:56.415-03:00 TRACE 20444 --- [estoque] [http-nio-8383-exec-2] o.t.s.e.SPELVariableExpressionEvaluator  : [THYMELEAF][http-nio-8383-exec-2] SpringEL expression: evaluating expression "pagina.number + 1" on target
2026-07-01T16:54:56.418-03:00 TRACE 20444 --- [estoque] [http-nio-8383-exec-2] o.t.T.cache.EXPRESSION_CACHE             : [THYMELEAF][http-nio-8383-exec-2][EXPRESSION_CACHE][CACHE_HIT] Cache hit in cache "EXPRESSION_CACHE" for key "expr|${pagina.hasNext()}".
2026-07-01T16:54:56.418-03:00 TRACE 20444 --- [estoque] [http-nio-8383-exec-2] o.t.s.expression.VariableExpression      : [THYMELEAF][http-nio-8383-exec-2] Evaluating variable expression: "${pagina.hasNext()}"
2026-07-01T16:54:56.418-03:00 TRACE 20444 --- [estoque] [http-nio-8383-exec-2] o.t.s.e.SPELVariableExpressionEvaluator  : [THYMELEAF][http-nio-8383-exec-2] SpringEL expression: evaluating expression "pagina.hasNext()" on target
2026-07-01T16:54:56.420-03:00 TRACE 20444 --- [estoque] [http-nio-8383-exec-2] org.thymeleaf.TemplateEngine             : [THYMELEAF][http-nio-8383-exec-2] FINISHED PROCESS AND OUTPUT OF TEMPLATE "relatorio-vendas" WITH LOCALE pt_BR
2026-07-01T16:54:56.420-03:00 TRACE 20444 --- [estoque] [http-nio-8383-exec-2] org.thymeleaf.TemplateEngine.TIMER       : [THYMELEAF][http-nio-8383-exec-2][relatorio-vendas][pt_BR][142016300][142] TEMPLATE "relatorio-vendas" WITH LOCALE pt_BR PROCESSED IN 142016300 nanoseconds (approx. 142ms)
2026-07-01T16:54:56.421-03:00 DEBUG 20444 --- [estoque] [http-nio-8383-exec-2] o.s.web.servlet.DispatcherServlet        : Completed 200 OK
2026-07-01T16:55:59.044-03:00 DEBUG 20444 --- [estoque] [http-nio-8383-exec-5] o.s.web.servlet.DispatcherServlet        : GET "/relatorios", parameters={}
2026-07-01T16:55:59.045-03:00 DEBUG 20444 --- [estoque] [http-nio-8383-exec-5] s.w.s.m.m.a.RequestMappingHandlerMapping : Mapped to com.expedicao.estoque.controller.RelatorioController#menuRelatorios()
2026-07-01T16:55:59.047-03:00 TRACE 20444 --- [estoque] [http-nio-8383-exec-5] o.t.spring6.view.ThymeleafViewResolver   : [THYMELEAF] View relatorios will be handled by ThymeleafViewResolver and a ThymeleafView instance will be created for it
2026-07-01T16:55:59.048-03:00 TRACE 20444 --- [estoque] [http-nio-8383-exec-5] o.t.spring6.view.ThymeleafViewResolver   : [THYMELEAF] View relatorios.xml will be handled by ThymeleafViewResolver and a ThymeleafView instance will be created for it
2026-07-01T16:55:59.048-03:00 DEBUG 20444 --- [estoque] [http-nio-8383-exec-5] o.s.w.s.v.ContentNegotiatingViewResolver : Selected 'text/html' given [text/html, application/xhtml+xml, image/avif, image/webp, image/apng, application/xml;q=0.9, */*;q=0.8, application/signed-exchange;v=b3;q=0.7]
2026-07-01T16:55:59.049-03:00 TRACE 20444 --- [estoque] [http-nio-8383-exec-5] org.thymeleaf.TemplateEngine             : [THYMELEAF][http-nio-8383-exec-5] STARTING PROCESS OF TEMPLATE "relatorios" WITH LOCALE pt_BR
2026-07-01T16:55:59.049-03:00 TRACE 20444 --- [estoque] [http-nio-8383-exec-5] o.t.TemplateEngine.cache.TEMPLATE_CACHE  : [THYMELEAF][http-nio-8383-exec-5][TEMPLATE_CACHE][CACHE_MISS] Cache miss in cache "TEMPLATE_CACHE" for key "relatorios".
2026-07-01T16:55:59.049-03:00 TRACE 20444 --- [estoque] [http-nio-8383-exec-5] o.t.TemplateEngine.cache.TEMPLATE_CACHE  : [THYMELEAF][*][*][*][CACHE_REPORT]        0 elements |            0 puts |           47 gets |            0 hits |           47 misses | 0,00 hit ratio | 1,00 miss ratio - [TEMPLATE_CACHE]
2026-07-01T16:55:59.050-03:00 TRACE 20444 --- [estoque] [http-nio-8383-exec-5] org.thymeleaf.engine.TemplateManager     : [THYMELEAF][http-nio-8383-exec-5] Template resolver match! Resolver "org.thymeleaf.spring6.templateresolver.SpringResourceTemplateResolver" will resolve template "relatorios"
2026-07-01T16:55:59.053-03:00 TRACE 20444 --- [estoque] [http-nio-8383-exec-5] o.t.e.springsecurity6.auth.AuthUtils     : [THYMELEAF][http-nio-8383-exec-5] Obtaining authentication object.
2026-07-01T16:55:59.053-03:00 TRACE 20444 --- [estoque] [http-nio-8383-exec-5] o.t.e.springsecurity6.auth.AuthUtils     : [THYMELEAF][http-nio-8383-exec-5] Authentication object of class org.springframework.security.authentication.UsernamePasswordAuthenticationToken found in context for user "master".
2026-07-01T16:55:59.054-03:00 TRACE 20444 --- [estoque] [http-nio-8383-exec-5] o.t.e.springsecurity6.auth.AuthUtils     : [THYMELEAF][http-nio-8383-exec-5] Checking authorization using access expression "hasRole('MASTER')" for user "master".
2026-07-01T16:55:59.054-03:00 TRACE 20444 --- [estoque] [http-nio-8383-exec-5] o.t.e.springsecurity6.auth.AuthUtils     : [THYMELEAF][http-nio-8383-exec-5] Checked authorization using access expression "hasRole('MASTER')" for user "master". Access GRANTED.
2026-07-01T16:55:59.055-03:00 TRACE 20444 --- [estoque] [http-nio-8383-exec-5] o.t.e.springsecurity6.auth.AuthUtils     : [THYMELEAF][http-nio-8383-exec-5] Obtaining authentication object.
2026-07-01T16:55:59.055-03:00 TRACE 20444 --- [estoque] [http-nio-8383-exec-5] o.t.e.springsecurity6.auth.AuthUtils     : [THYMELEAF][http-nio-8383-exec-5] Authentication object of class org.springframework.security.authentication.UsernamePasswordAuthenticationToken found in context for user "master".
2026-07-01T16:55:59.055-03:00 TRACE 20444 --- [estoque] [http-nio-8383-exec-5] o.t.e.springsecurity6.auth.AuthUtils     : [THYMELEAF][http-nio-8383-exec-5] Checking authorization using access expression "hasAnyRole('CLIENTES','MASTER')" for user "master".
2026-07-01T16:55:59.056-03:00 TRACE 20444 --- [estoque] [http-nio-8383-exec-5] o.t.e.springsecurity6.auth.AuthUtils     : [THYMELEAF][http-nio-8383-exec-5] Checked authorization using access expression "hasAnyRole('CLIENTES','MASTER')" for user "master". Access GRANTED.
2026-07-01T16:55:59.056-03:00 TRACE 20444 --- [estoque] [http-nio-8383-exec-5] o.t.e.springsecurity6.auth.AuthUtils     : [THYMELEAF][http-nio-8383-exec-5] Obtaining authentication object.
2026-07-01T16:55:59.056-03:00 TRACE 20444 --- [estoque] [http-nio-8383-exec-5] o.t.e.springsecurity6.auth.AuthUtils     : [THYMELEAF][http-nio-8383-exec-5] Authentication object of class org.springframework.security.authentication.UsernamePasswordAuthenticationToken found in context for user "master".
2026-07-01T16:55:59.056-03:00 TRACE 20444 --- [estoque] [http-nio-8383-exec-5] o.t.e.springsecurity6.auth.AuthUtils     : [THYMELEAF][http-nio-8383-exec-5] Checking authorization using access expression "hasAnyRole('PRODUTO','MASTER')" for user "master".
2026-07-01T16:55:59.057-03:00 TRACE 20444 --- [estoque] [http-nio-8383-exec-5] o.t.e.springsecurity6.auth.AuthUtils     : [THYMELEAF][http-nio-8383-exec-5] Checked authorization using access expression "hasAnyRole('PRODUTO','MASTER')" for user "master". Access GRANTED.
2026-07-01T16:55:59.057-03:00 TRACE 20444 --- [estoque] [http-nio-8383-exec-5] o.t.e.springsecurity6.auth.AuthUtils     : [THYMELEAF][http-nio-8383-exec-5] Obtaining authentication object.
2026-07-01T16:55:59.057-03:00 TRACE 20444 --- [estoque] [http-nio-8383-exec-5] o.t.e.springsecurity6.auth.AuthUtils     : [THYMELEAF][http-nio-8383-exec-5] Authentication object of class org.springframework.security.authentication.UsernamePasswordAuthenticationToken found in context for user "master".
2026-07-01T16:55:59.057-03:00 TRACE 20444 --- [estoque] [http-nio-8383-exec-5] o.t.e.springsecurity6.auth.AuthUtils     : [THYMELEAF][http-nio-8383-exec-5] Checking authorization using access expression "hasAnyRole('ESTOQUE','MASTER')" for user "master".
2026-07-01T16:55:59.058-03:00 TRACE 20444 --- [estoque] [http-nio-8383-exec-5] o.t.e.springsecurity6.auth.AuthUtils     : [THYMELEAF][http-nio-8383-exec-5] Checked authorization using access expression "hasAnyRole('ESTOQUE','MASTER')" for user "master". Access GRANTED.
2026-07-01T16:55:59.058-03:00 TRACE 20444 --- [estoque] [http-nio-8383-exec-5] o.t.e.springsecurity6.auth.AuthUtils     : [THYMELEAF][http-nio-8383-exec-5] Obtaining authentication object.
2026-07-01T16:55:59.058-03:00 TRACE 20444 --- [estoque] [http-nio-8383-exec-5] o.t.e.springsecurity6.auth.AuthUtils     : [THYMELEAF][http-nio-8383-exec-5] Authentication object of class org.springframework.security.authentication.UsernamePasswordAuthenticationToken found in context for user "master".
2026-07-01T16:55:59.058-03:00 TRACE 20444 --- [estoque] [http-nio-8383-exec-5] o.t.e.springsecurity6.auth.AuthUtils     : [THYMELEAF][http-nio-8383-exec-5] Checking authorization using access expression "hasAnyRole('VENDAS','MASTER')" for user "master".
2026-07-01T16:55:59.059-03:00 TRACE 20444 --- [estoque] [http-nio-8383-exec-5] o.t.e.springsecurity6.auth.AuthUtils     : [THYMELEAF][http-nio-8383-exec-5] Checked authorization using access expression "hasAnyRole('VENDAS','MASTER')" for user "master". Access GRANTED.
2026-07-01T16:55:59.059-03:00 TRACE 20444 --- [estoque] [http-nio-8383-exec-5] o.t.e.springsecurity6.auth.AuthUtils     : [THYMELEAF][http-nio-8383-exec-5] Obtaining authentication object.
2026-07-01T16:55:59.059-03:00 TRACE 20444 --- [estoque] [http-nio-8383-exec-5] o.t.e.springsecurity6.auth.AuthUtils     : [THYMELEAF][http-nio-8383-exec-5] Authentication object of class org.springframework.security.authentication.UsernamePasswordAuthenticationToken found in context for user "master".
2026-07-01T16:55:59.059-03:00 TRACE 20444 --- [estoque] [http-nio-8383-exec-5] o.t.e.springsecurity6.auth.AuthUtils     : [THYMELEAF][http-nio-8383-exec-5] Checking authorization using access expression "hasAnyRole('FINANCEIRO','MASTER')" for user "master".
2026-07-01T16:55:59.060-03:00 TRACE 20444 --- [estoque] [http-nio-8383-exec-5] o.t.e.springsecurity6.auth.AuthUtils     : [THYMELEAF][http-nio-8383-exec-5] Checked authorization using access expression "hasAnyRole('FINANCEIRO','MASTER')" for user "master". Access GRANTED.
2026-07-01T16:55:59.060-03:00 TRACE 20444 --- [estoque] [http-nio-8383-exec-5] o.t.e.springsecurity6.auth.AuthUtils     : [THYMELEAF][http-nio-8383-exec-5] Obtaining authentication object.
2026-07-01T16:55:59.061-03:00 TRACE 20444 --- [estoque] [http-nio-8383-exec-5] o.t.e.springsecurity6.auth.AuthUtils     : [THYMELEAF][http-nio-8383-exec-5] Authentication object of class org.springframework.security.authentication.UsernamePasswordAuthenticationToken found in context for user "master".
2026-07-01T16:55:59.061-03:00 TRACE 20444 --- [estoque] [http-nio-8383-exec-5] o.t.e.springsecurity6.auth.AuthUtils     : [THYMELEAF][http-nio-8383-exec-5] Checking authorization using access expression "hasAnyRole('FINANCEIRO','MASTER')" for user "master".
2026-07-01T16:55:59.061-03:00 TRACE 20444 --- [estoque] [http-nio-8383-exec-5] o.t.e.springsecurity6.auth.AuthUtils     : [THYMELEAF][http-nio-8383-exec-5] Checked authorization using access expression "hasAnyRole('FINANCEIRO','MASTER')" for user "master". Access GRANTED.
2026-07-01T16:55:59.062-03:00 TRACE 20444 --- [estoque] [http-nio-8383-exec-5] o.t.T.cache.EXPRESSION_CACHE             : [THYMELEAF][http-nio-8383-exec-5][EXPRESSION_CACHE][CACHE_HIT] Cache hit in cache "EXPRESSION_CACHE" for key "expr|@{/logout}".
2026-07-01T16:55:59.063-03:00 TRACE 20444 --- [estoque] [http-nio-8383-exec-5] o.t.T.cache.EXPRESSION_CACHE             : [THYMELEAF][*][*][*][CACHE_REPORT]      241 elements |          241 puts |          739 gets |          498 hits |          241 misses | 0,67 hit ratio | 0,33 miss ratio - [EXPRESSION_CACHE]
2026-07-01T16:55:59.064-03:00 TRACE 20444 --- [estoque] [http-nio-8383-exec-5] o.t.standard.expression.LinkExpression   : [THYMELEAF][http-nio-8383-exec-5] Evaluating link: "@{'/logout'}"
2026-07-01T16:55:59.064-03:00 TRACE 20444 --- [estoque] [http-nio-8383-exec-5] o.t.s.expression.TextLiteralExpression   : [THYMELEAF][http-nio-8383-exec-5] Evaluating text literal: "'/logout'"
2026-07-01T16:55:59.066-03:00 TRACE 20444 --- [estoque] [http-nio-8383-exec-5] org.thymeleaf.TemplateEngine             : [THYMELEAF][http-nio-8383-exec-5] FINISHED PROCESS AND OUTPUT OF TEMPLATE "relatorios" WITH LOCALE pt_BR
2026-07-01T16:55:59.066-03:00 TRACE 20444 --- [estoque] [http-nio-8383-exec-5] org.thymeleaf.TemplateEngine.TIMER       : [THYMELEAF][http-nio-8383-exec-5][relatorios][pt_BR][16853800][17] TEMPLATE "relatorios" WITH LOCALE pt_BR PROCESSED IN 16853800 nanoseconds (approx. 17ms)
2026-07-01T16:55:59.066-03:00 DEBUG 20444 --- [estoque] [http-nio-8383-exec-5] o.s.web.servlet.DispatcherServlet        : Completed 200 OK
2026-07-01T16:56:01.530-03:00 DEBUG 20444 --- [estoque] [http-nio-8383-exec-6] o.s.web.servlet.DispatcherServlet        : GET "/dashboard", parameters={}
2026-07-01T16:56:01.531-03:00 DEBUG 20444 --- [estoque] [http-nio-8383-exec-6] s.w.s.m.m.a.RequestMappingHandlerMapping : Mapped to com.expedicao.estoque.controller.DashboardController#dashboard(Model)
2026-07-01T16:56:01.599-03:00 TRACE 20444 --- [estoque] [http-nio-8383-exec-6] o.t.spring6.view.ThymeleafViewResolver   : [THYMELEAF] View Dashboard will be handled by ThymeleafViewResolver and a ThymeleafView instance will be created for it
2026-07-01T16:56:01.600-03:00 TRACE 20444 --- [estoque] [http-nio-8383-exec-6] o.t.spring6.view.ThymeleafViewResolver   : [THYMELEAF] View Dashboard.xml will be handled by ThymeleafViewResolver and a ThymeleafView instance will be created for it
2026-07-01T16:56:01.600-03:00 DEBUG 20444 --- [estoque] [http-nio-8383-exec-6] o.s.w.s.v.ContentNegotiatingViewResolver : Selected 'text/html' given [text/html, application/xhtml+xml, image/avif, image/webp, image/apng, application/xml;q=0.9, */*;q=0.8, application/signed-exchange;v=b3;q=0.7]
2026-07-01T16:56:01.600-03:00 TRACE 20444 --- [estoque] [http-nio-8383-exec-6] org.thymeleaf.TemplateEngine             : [THYMELEAF][http-nio-8383-exec-6] STARTING PROCESS OF TEMPLATE "Dashboard" WITH LOCALE pt_BR
2026-07-01T16:56:01.601-03:00 TRACE 20444 --- [estoque] [http-nio-8383-exec-6] o.t.TemplateEngine.cache.TEMPLATE_CACHE  : [THYMELEAF][http-nio-8383-exec-6][TEMPLATE_CACHE][CACHE_MISS] Cache miss in cache "TEMPLATE_CACHE" for key "Dashboard".
2026-07-01T16:56:01.601-03:00 TRACE 20444 --- [estoque] [http-nio-8383-exec-6] org.thymeleaf.engine.TemplateManager     : [THYMELEAF][http-nio-8383-exec-6] Template resolver match! Resolver "org.thymeleaf.spring6.templateresolver.SpringResourceTemplateResolver" will resolve template "Dashboard"
2026-07-01T16:56:01.603-03:00 TRACE 20444 --- [estoque] [http-nio-8383-exec-6] o.t.e.springsecurity6.auth.AuthUtils     : [THYMELEAF][http-nio-8383-exec-6] Obtaining authentication object.
2026-07-01T16:56:01.603-03:00 TRACE 20444 --- [estoque] [http-nio-8383-exec-6] o.t.e.springsecurity6.auth.AuthUtils     : [THYMELEAF][http-nio-8383-exec-6] Authentication object of class org.springframework.security.authentication.UsernamePasswordAuthenticationToken found in context for user "master".
2026-07-01T16:56:01.604-03:00 TRACE 20444 --- [estoque] [http-nio-8383-exec-6] o.t.e.springsecurity6.auth.AuthUtils     : [THYMELEAF][http-nio-8383-exec-6] Checking authorization using access expression "hasRole('MASTER')" for user "master".
2026-07-01T16:56:01.604-03:00 TRACE 20444 --- [estoque] [http-nio-8383-exec-6] o.t.e.springsecurity6.auth.AuthUtils     : [THYMELEAF][http-nio-8383-exec-6] Checked authorization using access expression "hasRole('MASTER')" for user "master". Access GRANTED.
2026-07-01T16:56:01.604-03:00 TRACE 20444 --- [estoque] [http-nio-8383-exec-6] o.t.e.springsecurity6.auth.AuthUtils     : [THYMELEAF][http-nio-8383-exec-6] Obtaining authentication object.
2026-07-01T16:56:01.605-03:00 TRACE 20444 --- [estoque] [http-nio-8383-exec-6] o.t.e.springsecurity6.auth.AuthUtils     : [THYMELEAF][http-nio-8383-exec-6] Authentication object of class org.springframework.security.authentication.UsernamePasswordAuthenticationToken found in context for user "master".
2026-07-01T16:56:01.605-03:00 TRACE 20444 --- [estoque] [http-nio-8383-exec-6] o.t.e.springsecurity6.auth.AuthUtils     : [THYMELEAF][http-nio-8383-exec-6] Checking authorization using access expression "hasAnyRole('CLIENTES','MASTER')" for user "master".
2026-07-01T16:56:01.605-03:00 TRACE 20444 --- [estoque] [http-nio-8383-exec-6] o.t.e.springsecurity6.auth.AuthUtils     : [THYMELEAF][http-nio-8383-exec-6] Checked authorization using access expression "hasAnyRole('CLIENTES','MASTER')" for user "master". Access GRANTED.
2026-07-01T16:56:01.605-03:00 TRACE 20444 --- [estoque] [http-nio-8383-exec-6] o.t.e.springsecurity6.auth.AuthUtils     : [THYMELEAF][http-nio-8383-exec-6] Obtaining authentication object.
2026-07-01T16:56:01.606-03:00 TRACE 20444 --- [estoque] [http-nio-8383-exec-6] o.t.e.springsecurity6.auth.AuthUtils     : [THYMELEAF][http-nio-8383-exec-6] Authentication object of class org.springframework.security.authentication.UsernamePasswordAuthenticationToken found in context for user "master".
2026-07-01T16:56:01.606-03:00 TRACE 20444 --- [estoque] [http-nio-8383-exec-6] o.t.e.springsecurity6.auth.AuthUtils     : [THYMELEAF][http-nio-8383-exec-6] Checking authorization using access expression "hasAnyRole('PRODUTO','MASTER')" for user "master".
2026-07-01T16:56:01.606-03:00 TRACE 20444 --- [estoque] [http-nio-8383-exec-6] o.t.e.springsecurity6.auth.AuthUtils     : [THYMELEAF][http-nio-8383-exec-6] Checked authorization using access expression "hasAnyRole('PRODUTO','MASTER')" for user "master". Access GRANTED.
2026-07-01T16:56:01.606-03:00 TRACE 20444 --- [estoque] [http-nio-8383-exec-6] o.t.e.springsecurity6.auth.AuthUtils     : [THYMELEAF][http-nio-8383-exec-6] Obtaining authentication object.
2026-07-01T16:56:01.607-03:00 TRACE 20444 --- [estoque] [http-nio-8383-exec-6] o.t.e.springsecurity6.auth.AuthUtils     : [THYMELEAF][http-nio-8383-exec-6] Authentication object of class org.springframework.security.authentication.UsernamePasswordAuthenticationToken found in context for user "master".
2026-07-01T16:56:01.607-03:00 TRACE 20444 --- [estoque] [http-nio-8383-exec-6] o.t.e.springsecurity6.auth.AuthUtils     : [THYMELEAF][http-nio-8383-exec-6] Checking authorization using access expression "hasAnyRole('ESTOQUE','MASTER')" for user "master".
2026-07-01T16:56:01.607-03:00 TRACE 20444 --- [estoque] [http-nio-8383-exec-6] o.t.e.springsecurity6.auth.AuthUtils     : [THYMELEAF][http-nio-8383-exec-6] Checked authorization using access expression "hasAnyRole('ESTOQUE','MASTER')" for user "master". Access GRANTED.
2026-07-01T16:56:01.608-03:00 TRACE 20444 --- [estoque] [http-nio-8383-exec-6] o.t.e.springsecurity6.auth.AuthUtils     : [THYMELEAF][http-nio-8383-exec-6] Obtaining authentication object.
2026-07-01T16:56:01.608-03:00 TRACE 20444 --- [estoque] [http-nio-8383-exec-6] o.t.e.springsecurity6.auth.AuthUtils     : [THYMELEAF][http-nio-8383-exec-6] Authentication object of class org.springframework.security.authentication.UsernamePasswordAuthenticationToken found in context for user "master".
2026-07-01T16:56:01.608-03:00 TRACE 20444 --- [estoque] [http-nio-8383-exec-6] o.t.e.springsecurity6.auth.AuthUtils     : [THYMELEAF][http-nio-8383-exec-6] Checking authorization using access expression "hasAnyRole('VENDAS','MASTER')" for user "master".
2026-07-01T16:56:01.608-03:00 TRACE 20444 --- [estoque] [http-nio-8383-exec-6] o.t.e.springsecurity6.auth.AuthUtils     : [THYMELEAF][http-nio-8383-exec-6] Checked authorization using access expression "hasAnyRole('VENDAS','MASTER')" for user "master". Access GRANTED.
2026-07-01T16:56:01.609-03:00 TRACE 20444 --- [estoque] [http-nio-8383-exec-6] o.t.e.springsecurity6.auth.AuthUtils     : [THYMELEAF][http-nio-8383-exec-6] Obtaining authentication object.
2026-07-01T16:56:01.609-03:00 TRACE 20444 --- [estoque] [http-nio-8383-exec-6] o.t.e.springsecurity6.auth.AuthUtils     : [THYMELEAF][http-nio-8383-exec-6] Authentication object of class org.springframework.security.authentication.UsernamePasswordAuthenticationToken found in context for user "master".
2026-07-01T16:56:01.609-03:00 TRACE 20444 --- [estoque] [http-nio-8383-exec-6] o.t.e.springsecurity6.auth.AuthUtils     : [THYMELEAF][http-nio-8383-exec-6] Checking authorization using access expression "hasAnyRole('FINANCEIRO','MASTER')" for user "master".
2026-07-01T16:56:01.610-03:00 TRACE 20444 --- [estoque] [http-nio-8383-exec-6] o.t.e.springsecurity6.auth.AuthUtils     : [THYMELEAF][http-nio-8383-exec-6] Checked authorization using access expression "hasAnyRole('FINANCEIRO','MASTER')" for user "master". Access GRANTED.
2026-07-01T16:56:01.610-03:00 TRACE 20444 --- [estoque] [http-nio-8383-exec-6] o.t.e.springsecurity6.auth.AuthUtils     : [THYMELEAF][http-nio-8383-exec-6] Obtaining authentication object.
2026-07-01T16:56:01.610-03:00 TRACE 20444 --- [estoque] [http-nio-8383-exec-6] o.t.e.springsecurity6.auth.AuthUtils     : [THYMELEAF][http-nio-8383-exec-6] Authentication object of class org.springframework.security.authentication.UsernamePasswordAuthenticationToken found in context for user "master".
2026-07-01T16:56:01.610-03:00 TRACE 20444 --- [estoque] [http-nio-8383-exec-6] o.t.e.springsecurity6.auth.AuthUtils     : [THYMELEAF][http-nio-8383-exec-6] Checking authorization using access expression "hasAnyRole('FINANCEIRO','MASTER')" for user "master".
2026-07-01T16:56:01.611-03:00 TRACE 20444 --- [estoque] [http-nio-8383-exec-6] o.t.e.springsecurity6.auth.AuthUtils     : [THYMELEAF][http-nio-8383-exec-6] Checked authorization using access expression "hasAnyRole('FINANCEIRO','MASTER')" for user "master". Access GRANTED.
2026-07-01T16:56:01.612-03:00 TRACE 20444 --- [estoque] [http-nio-8383-exec-6] o.t.T.cache.EXPRESSION_CACHE             : [THYMELEAF][http-nio-8383-exec-6][EXPRESSION_CACHE][CACHE_HIT] Cache hit in cache "EXPRESSION_CACHE" for key "expr|@{/logout}".
2026-07-01T16:56:01.612-03:00 TRACE 20444 --- [estoque] [http-nio-8383-exec-6] o.t.standard.expression.LinkExpression   : [THYMELEAF][http-nio-8383-exec-6] Evaluating link: "@{'/logout'}"
2026-07-01T16:56:01.612-03:00 TRACE 20444 --- [estoque] [http-nio-8383-exec-6] o.t.s.expression.TextLiteralExpression   : [THYMELEAF][http-nio-8383-exec-6] Evaluating text literal: "'/logout'"
2026-07-01T16:56:01.613-03:00 TRACE 20444 --- [estoque] [http-nio-8383-exec-6] o.t.T.cache.EXPRESSION_CACHE             : [THYMELEAF][http-nio-8383-exec-6][EXPRESSION_CACHE][CACHE_HIT] Cache hit in cache "EXPRESSION_CACHE" for key "expr|${#numbers.formatDecimal(kpiVendasValor, 1, 'POINT', 2, 'COMMA')}".
2026-07-01T16:56:01.613-03:00 TRACE 20444 --- [estoque] [http-nio-8383-exec-6] o.t.s.expression.VariableExpression      : [THYMELEAF][http-nio-8383-exec-6] Evaluating variable expression: "${#numbers.formatDecimal(kpiVendasValor, 1, 'POINT', 2, 'COMMA')}"
2026-07-01T16:56:01.614-03:00 TRACE 20444 --- [estoque] [http-nio-8383-exec-6] o.t.s.e.SPELVariableExpressionEvaluator  : [THYMELEAF][http-nio-8383-exec-6] SpringEL expression: evaluating expression "#numbers.formatDecimal(kpiVendasValor, 1, 'POINT', 2, 'COMMA')" on target
2026-07-01T16:56:01.614-03:00 TRACE 20444 --- [estoque] [http-nio-8383-exec-6] o.t.T.cache.EXPRESSION_CACHE             : [THYMELEAF][http-nio-8383-exec-6][EXPRESSION_CACHE][CACHE_HIT] Cache hit in cache "EXPRESSION_CACHE" for key "expr|${kpiVendasPositiva} ? ' up' : ' down'".
2026-07-01T16:56:01.614-03:00 TRACE 20444 --- [estoque] [http-nio-8383-exec-6] o.t.s.expression.ConditionalExpression   : [THYMELEAF][http-nio-8383-exec-6] Evaluating conditional expression: "${kpiVendasPositiva}? ' up' : ' down'"
2026-07-01T16:56:01.615-03:00 TRACE 20444 --- [estoque] [http-nio-8383-exec-6] o.t.s.expression.VariableExpression      : [THYMELEAF][http-nio-8383-exec-6] Evaluating variable expression: "${kpiVendasPositiva}"
2026-07-01T16:56:01.615-03:00 TRACE 20444 --- [estoque] [http-nio-8383-exec-6] o.t.s.e.SPELVariableExpressionEvaluator  : [THYMELEAF][http-nio-8383-exec-6] SpringEL expression: evaluating expression "kpiVendasPositiva" on target
2026-07-01T16:56:01.615-03:00 TRACE 20444 --- [estoque] [http-nio-8383-exec-6] o.t.s.expression.TextLiteralExpression   : [THYMELEAF][http-nio-8383-exec-6] Evaluating text literal: "' down'"
2026-07-01T16:56:01.615-03:00 TRACE 20444 --- [estoque] [http-nio-8383-exec-6] o.t.T.cache.EXPRESSION_CACHE             : [THYMELEAF][http-nio-8383-exec-6][EXPRESSION_CACHE][CACHE_HIT] Cache hit in cache "EXPRESSION_CACHE" for key "expr|${kpiVendasPositiva} ? '23 6 13.5 15.5 8.5 10.5 1 18' : '23 18 13.5 8.5 8.5 13.5 1 6'".
2026-07-01T16:56:01.615-03:00 TRACE 20444 --- [estoque] [http-nio-8383-exec-6] o.t.s.expression.ConditionalExpression   : [THYMELEAF][http-nio-8383-exec-6] Evaluating conditional expression: "${kpiVendasPositiva}? '23 6 13.5 15.5 8.5 10.5 1 18' : '23 18 13.5 8.5 8.5 13.5 1 6'"
2026-07-01T16:56:01.616-03:00 TRACE 20444 --- [estoque] [http-nio-8383-exec-6] o.t.s.expression.VariableExpression      : [THYMELEAF][http-nio-8383-exec-6] Evaluating variable expression: "${kpiVendasPositiva}"
2026-07-01T16:56:01.616-03:00 TRACE 20444 --- [estoque] [http-nio-8383-exec-6] o.t.s.e.SPELVariableExpressionEvaluator  : [THYMELEAF][http-nio-8383-exec-6] SpringEL expression: evaluating expression "kpiVendasPositiva" on target
2026-07-01T16:56:01.616-03:00 TRACE 20444 --- [estoque] [http-nio-8383-exec-6] o.t.s.expression.TextLiteralExpression   : [THYMELEAF][http-nio-8383-exec-6] Evaluating text literal: "'23 18 13.5 8.5 8.5 13.5 1 6'"
2026-07-01T16:56:01.616-03:00 TRACE 20444 --- [estoque] [http-nio-8383-exec-6] o.t.T.cache.EXPRESSION_CACHE             : [THYMELEAF][http-nio-8383-exec-6][EXPRESSION_CACHE][CACHE_HIT] Cache hit in cache "EXPRESSION_CACHE" for key "expr|${kpiVendasPositiva} ? '17 6 23 6 23 12' : '17 18 23 18 23 12'".
2026-07-01T16:56:01.616-03:00 TRACE 20444 --- [estoque] [http-nio-8383-exec-6] o.t.s.expression.ConditionalExpression   : [THYMELEAF][http-nio-8383-exec-6] Evaluating conditional expression: "${kpiVendasPositiva}? '17 6 23 6 23 12' : '17 18 23 18 23 12'"
2026-07-01T16:56:01.616-03:00 TRACE 20444 --- [estoque] [http-nio-8383-exec-6] o.t.s.expression.VariableExpression      : [THYMELEAF][http-nio-8383-exec-6] Evaluating variable expression: "${kpiVendasPositiva}"
2026-07-01T16:56:01.616-03:00 TRACE 20444 --- [estoque] [http-nio-8383-exec-6] o.t.s.e.SPELVariableExpressionEvaluator  : [THYMELEAF][http-nio-8383-exec-6] SpringEL expression: evaluating expression "kpiVendasPositiva" on target
2026-07-01T16:56:01.616-03:00 TRACE 20444 --- [estoque] [http-nio-8383-exec-6] o.t.s.expression.TextLiteralExpression   : [THYMELEAF][http-nio-8383-exec-6] Evaluating text literal: "'17 18 23 18 23 12'"
2026-07-01T16:56:01.617-03:00 TRACE 20444 --- [estoque] [http-nio-8383-exec-6] o.t.T.cache.EXPRESSION_CACHE             : [THYMELEAF][http-nio-8383-exec-6][EXPRESSION_CACHE][CACHE_HIT] Cache hit in cache "EXPRESSION_CACHE" for key "expr|${kpiVendasVariacao} + '% vs mês anterior'".
2026-07-01T16:56:01.617-03:00 TRACE 20444 --- [estoque] [http-nio-8383-exec-6] o.t.s.expression.AdditionExpression      : [THYMELEAF][http-nio-8383-exec-6] Evaluating addition expression: "${kpiVendasVariacao} + '% vs mês anterior'"
2026-07-01T16:56:01.617-03:00 TRACE 20444 --- [estoque] [http-nio-8383-exec-6] o.t.s.expression.VariableExpression      : [THYMELEAF][http-nio-8383-exec-6] Evaluating variable expression: "${kpiVendasVariacao}"
2026-07-01T16:56:01.617-03:00 TRACE 20444 --- [estoque] [http-nio-8383-exec-6] o.t.s.e.SPELVariableExpressionEvaluator  : [THYMELEAF][http-nio-8383-exec-6] SpringEL expression: evaluating expression "kpiVendasVariacao" on target
2026-07-01T16:56:01.617-03:00 TRACE 20444 --- [estoque] [http-nio-8383-exec-6] o.t.s.expression.TextLiteralExpression   : [THYMELEAF][http-nio-8383-exec-6] Evaluating text literal: "'% vs mês anterior'"
2026-07-01T16:56:01.617-03:00 TRACE 20444 --- [estoque] [http-nio-8383-exec-6] o.t.T.cache.EXPRESSION_CACHE             : [THYMELEAF][http-nio-8383-exec-6][EXPRESSION_CACHE][CACHE_HIT] Cache hit in cache "EXPRESSION_CACHE" for key "each|h : ${sparklineVendas}".
2026-07-01T16:56:01.617-03:00 TRACE 20444 --- [estoque] [http-nio-8383-exec-6] o.t.s.expression.GenericTokenExpression  : [THYMELEAF][http-nio-8383-exec-6] Evaluating generic token: "h"
2026-07-01T16:56:01.617-03:00 TRACE 20444 --- [estoque] [http-nio-8383-exec-6] o.t.s.expression.VariableExpression      : [THYMELEAF][http-nio-8383-exec-6] Evaluating variable expression: "${sparklineVendas}"
2026-07-01T16:56:01.618-03:00 TRACE 20444 --- [estoque] [http-nio-8383-exec-6] o.t.s.e.SPELVariableExpressionEvaluator  : [THYMELEAF][http-nio-8383-exec-6] SpringEL expression: evaluating expression "sparklineVendas" on target
2026-07-01T16:56:01.618-03:00 TRACE 20444 --- [estoque] [http-nio-8383-exec-6] o.t.T.cache.EXPRESSION_CACHE             : [THYMELEAF][http-nio-8383-exec-6][EXPRESSION_CACHE][CACHE_HIT] Cache hit in cache "EXPRESSION_CACHE" for key "expr|'height:' + ${h} + '%; background: #3b82f6;'".
2026-07-01T16:56:01.618-03:00 TRACE 20444 --- [estoque] [http-nio-8383-exec-6] o.t.s.expression.AdditionExpression      : [THYMELEAF][http-nio-8383-exec-6] Evaluating addition expression: "('height:' + ${h}) + '%; background: #3b82f6;'"
2026-07-01T16:56:01.618-03:00 TRACE 20444 --- [estoque] [http-nio-8383-exec-6] o.t.s.expression.AdditionExpression      : [THYMELEAF][http-nio-8383-exec-6] Evaluating addition expression: "'height:' + ${h}"
2026-07-01T16:56:01.618-03:00 TRACE 20444 --- [estoque] [http-nio-8383-exec-6] o.t.s.expression.TextLiteralExpression   : [THYMELEAF][http-nio-8383-exec-6] Evaluating text literal: "'height:'"
2026-07-01T16:56:01.618-03:00 TRACE 20444 --- [estoque] [http-nio-8383-exec-6] o.t.s.expression.VariableExpression      : [THYMELEAF][http-nio-8383-exec-6] Evaluating variable expression: "${h}"
2026-07-01T16:56:01.618-03:00 TRACE 20444 --- [estoque] [http-nio-8383-exec-6] o.t.s.e.SPELVariableExpressionEvaluator  : [THYMELEAF][http-nio-8383-exec-6] SpringEL expression: evaluating expression "h" on target
2026-07-01T16:56:01.618-03:00 TRACE 20444 --- [estoque] [http-nio-8383-exec-6] o.t.s.expression.TextLiteralExpression   : [THYMELEAF][http-nio-8383-exec-6] Evaluating text literal: "'%; background: #3b82f6;'"
2026-07-01T16:56:01.619-03:00 TRACE 20444 --- [estoque] [http-nio-8383-exec-6] o.t.s.expression.AdditionExpression      : [THYMELEAF][http-nio-8383-exec-6] Evaluating addition expression: "('height:' + ${h}) + '%; background: #3b82f6;'"
2026-07-01T16:56:01.619-03:00 TRACE 20444 --- [estoque] [http-nio-8383-exec-6] o.t.s.expression.AdditionExpression      : [THYMELEAF][http-nio-8383-exec-6] Evaluating addition expression: "'height:' + ${h}"
2026-07-01T16:56:01.619-03:00 TRACE 20444 --- [estoque] [http-nio-8383-exec-6] o.t.s.expression.TextLiteralExpression   : [THYMELEAF][http-nio-8383-exec-6] Evaluating text literal: "'height:'"
2026-07-01T16:56:01.619-03:00 TRACE 20444 --- [estoque] [http-nio-8383-exec-6] o.t.s.expression.VariableExpression      : [THYMELEAF][http-nio-8383-exec-6] Evaluating variable expression: "${h}"
2026-07-01T16:56:01.619-03:00 TRACE 20444 --- [estoque] [http-nio-8383-exec-6] o.t.s.e.SPELVariableExpressionEvaluator  : [THYMELEAF][http-nio-8383-exec-6] SpringEL expression: evaluating expression "h" on target
2026-07-01T16:56:01.619-03:00 TRACE 20444 --- [estoque] [http-nio-8383-exec-6] o.t.s.expression.TextLiteralExpression   : [THYMELEAF][http-nio-8383-exec-6] Evaluating text literal: "'%; background: #3b82f6;'"
2026-07-01T16:56:01.619-03:00 TRACE 20444 --- [estoque] [http-nio-8383-exec-6] o.t.s.expression.AdditionExpression      : [THYMELEAF][http-nio-8383-exec-6] Evaluating addition expression: "('height:' + ${h}) + '%; background: #3b82f6;'"
2026-07-01T16:56:01.620-03:00 TRACE 20444 --- [estoque] [http-nio-8383-exec-6] o.t.s.expression.AdditionExpression      : [THYMELEAF][http-nio-8383-exec-6] Evaluating addition expression: "'height:' + ${h}"
2026-07-01T16:56:01.620-03:00 TRACE 20444 --- [estoque] [http-nio-8383-exec-6] o.t.s.expression.TextLiteralExpression   : [THYMELEAF][http-nio-8383-exec-6] Evaluating text literal: "'height:'"
2026-07-01T16:56:01.620-03:00 TRACE 20444 --- [estoque] [http-nio-8383-exec-6] o.t.s.expression.VariableExpression      : [THYMELEAF][http-nio-8383-exec-6] Evaluating variable expression: "${h}"
2026-07-01T16:56:01.620-03:00 TRACE 20444 --- [estoque] [http-nio-8383-exec-6] o.t.s.e.SPELVariableExpressionEvaluator  : [THYMELEAF][http-nio-8383-exec-6] SpringEL expression: evaluating expression "h" on target
2026-07-01T16:56:01.620-03:00 TRACE 20444 --- [estoque] [http-nio-8383-exec-6] o.t.s.expression.TextLiteralExpression   : [THYMELEAF][http-nio-8383-exec-6] Evaluating text literal: "'%; background: #3b82f6;'"
2026-07-01T16:56:01.620-03:00 TRACE 20444 --- [estoque] [http-nio-8383-exec-6] o.t.s.expression.AdditionExpression      : [THYMELEAF][http-nio-8383-exec-6] Evaluating addition expression: "('height:' + ${h}) + '%; background: #3b82f6;'"
2026-07-01T16:56:01.620-03:00 TRACE 20444 --- [estoque] [http-nio-8383-exec-6] o.t.s.expression.AdditionExpression      : [THYMELEAF][http-nio-8383-exec-6] Evaluating addition expression: "'height:' + ${h}"
2026-07-01T16:56:01.620-03:00 TRACE 20444 --- [estoque] [http-nio-8383-exec-6] o.t.s.expression.TextLiteralExpression   : [THYMELEAF][http-nio-8383-exec-6] Evaluating text literal: "'height:'"
2026-07-01T16:56:01.621-03:00 TRACE 20444 --- [estoque] [http-nio-8383-exec-6] o.t.s.expression.VariableExpression      : [THYMELEAF][http-nio-8383-exec-6] Evaluating variable expression: "${h}"
2026-07-01T16:56:01.621-03:00 TRACE 20444 --- [estoque] [http-nio-8383-exec-6] o.t.s.e.SPELVariableExpressionEvaluator  : [THYMELEAF][http-nio-8383-exec-6] SpringEL expression: evaluating expression "h" on target
2026-07-01T16:56:01.621-03:00 TRACE 20444 --- [estoque] [http-nio-8383-exec-6] o.t.s.expression.TextLiteralExpression   : [THYMELEAF][http-nio-8383-exec-6] Evaluating text literal: "'%; background: #3b82f6;'"
2026-07-01T16:56:01.621-03:00 TRACE 20444 --- [estoque] [http-nio-8383-exec-6] o.t.s.expression.AdditionExpression      : [THYMELEAF][http-nio-8383-exec-6] Evaluating addition expression: "('height:' + ${h}) + '%; background: #3b82f6;'"
2026-07-01T16:56:01.621-03:00 TRACE 20444 --- [estoque] [http-nio-8383-exec-6] o.t.s.expression.AdditionExpression      : [THYMELEAF][http-nio-8383-exec-6] Evaluating addition expression: "'height:' + ${h}"
2026-07-01T16:56:01.622-03:00 TRACE 20444 --- [estoque] [http-nio-8383-exec-6] o.t.s.expression.TextLiteralExpression   : [THYMELEAF][http-nio-8383-exec-6] Evaluating text literal: "'height:'"
2026-07-01T16:56:01.622-03:00 TRACE 20444 --- [estoque] [http-nio-8383-exec-6] o.t.s.expression.VariableExpression      : [THYMELEAF][http-nio-8383-exec-6] Evaluating variable expression: "${h}"
2026-07-01T16:56:01.622-03:00 TRACE 20444 --- [estoque] [http-nio-8383-exec-6] o.t.s.e.SPELVariableExpressionEvaluator  : [THYMELEAF][http-nio-8383-exec-6] SpringEL expression: evaluating expression "h" on target
2026-07-01T16:56:01.622-03:00 TRACE 20444 --- [estoque] [http-nio-8383-exec-6] o.t.s.expression.TextLiteralExpression   : [THYMELEAF][http-nio-8383-exec-6] Evaluating text literal: "'%; background: #3b82f6;'"
2026-07-01T16:56:01.622-03:00 TRACE 20444 --- [estoque] [http-nio-8383-exec-6] o.t.s.expression.AdditionExpression      : [THYMELEAF][http-nio-8383-exec-6] Evaluating addition expression: "('height:' + ${h}) + '%; background: #3b82f6;'"
2026-07-01T16:56:01.622-03:00 TRACE 20444 --- [estoque] [http-nio-8383-exec-6] o.t.s.expression.AdditionExpression      : [THYMELEAF][http-nio-8383-exec-6] Evaluating addition expression: "'height:' + ${h}"
2026-07-01T16:56:01.622-03:00 TRACE 20444 --- [estoque] [http-nio-8383-exec-6] o.t.s.expression.TextLiteralExpression   : [THYMELEAF][http-nio-8383-exec-6] Evaluating text literal: "'height:'"
2026-07-01T16:56:01.622-03:00 TRACE 20444 --- [estoque] [http-nio-8383-exec-6] o.t.s.expression.VariableExpression      : [THYMELEAF][http-nio-8383-exec-6] Evaluating variable expression: "${h}"
2026-07-01T16:56:01.622-03:00 TRACE 20444 --- [estoque] [http-nio-8383-exec-6] o.t.s.e.SPELVariableExpressionEvaluator  : [THYMELEAF][http-nio-8383-exec-6] SpringEL expression: evaluating expression "h" on target
2026-07-01T16:56:01.622-03:00 TRACE 20444 --- [estoque] [http-nio-8383-exec-6] o.t.s.expression.TextLiteralExpression   : [THYMELEAF][http-nio-8383-exec-6] Evaluating text literal: "'%; background: #3b82f6;'"
2026-07-01T16:56:01.623-03:00 TRACE 20444 --- [estoque] [http-nio-8383-exec-6] o.t.s.expression.AdditionExpression      : [THYMELEAF][http-nio-8383-exec-6] Evaluating addition expression: "('height:' + ${h}) + '%; background: #3b82f6;'"
2026-07-01T16:56:01.623-03:00 TRACE 20444 --- [estoque] [http-nio-8383-exec-6] o.t.s.expression.AdditionExpression      : [THYMELEAF][http-nio-8383-exec-6] Evaluating addition expression: "'height:' + ${h}"
2026-07-01T16:56:01.623-03:00 TRACE 20444 --- [estoque] [http-nio-8383-exec-6] o.t.s.expression.TextLiteralExpression   : [THYMELEAF][http-nio-8383-exec-6] Evaluating text literal: "'height:'"
2026-07-01T16:56:01.623-03:00 TRACE 20444 --- [estoque] [http-nio-8383-exec-6] o.t.s.expression.VariableExpression      : [THYMELEAF][http-nio-8383-exec-6] Evaluating variable expression: "${h}"
2026-07-01T16:56:01.623-03:00 TRACE 20444 --- [estoque] [http-nio-8383-exec-6] o.t.s.e.SPELVariableExpressionEvaluator  : [THYMELEAF][http-nio-8383-exec-6] SpringEL expression: evaluating expression "h" on target
2026-07-01T16:56:01.623-03:00 TRACE 20444 --- [estoque] [http-nio-8383-exec-6] o.t.s.expression.TextLiteralExpression   : [THYMELEAF][http-nio-8383-exec-6] Evaluating text literal: "'%; background: #3b82f6;'"
2026-07-01T16:56:01.623-03:00 TRACE 20444 --- [estoque] [http-nio-8383-exec-6] o.t.s.expression.AdditionExpression      : [THYMELEAF][http-nio-8383-exec-6] Evaluating addition expression: "('height:' + ${h}) + '%; background: #3b82f6;'"
2026-07-01T16:56:01.624-03:00 TRACE 20444 --- [estoque] [http-nio-8383-exec-6] o.t.s.expression.AdditionExpression      : [THYMELEAF][http-nio-8383-exec-6] Evaluating addition expression: "'height:' + ${h}"
2026-07-01T16:56:01.624-03:00 TRACE 20444 --- [estoque] [http-nio-8383-exec-6] o.t.s.expression.TextLiteralExpression   : [THYMELEAF][http-nio-8383-exec-6] Evaluating text literal: "'height:'"
2026-07-01T16:56:01.624-03:00 TRACE 20444 --- [estoque] [http-nio-8383-exec-6] o.t.s.expression.VariableExpression      : [THYMELEAF][http-nio-8383-exec-6] Evaluating variable expression: "${h}"
2026-07-01T16:56:01.624-03:00 TRACE 20444 --- [estoque] [http-nio-8383-exec-6] o.t.s.e.SPELVariableExpressionEvaluator  : [THYMELEAF][http-nio-8383-exec-6] SpringEL expression: evaluating expression "h" on target
2026-07-01T16:56:01.624-03:00 TRACE 20444 --- [estoque] [http-nio-8383-exec-6] o.t.s.expression.TextLiteralExpression   : [THYMELEAF][http-nio-8383-exec-6] Evaluating text literal: "'%; background: #3b82f6;'"
2026-07-01T16:56:01.624-03:00 TRACE 20444 --- [estoque] [http-nio-8383-exec-6] o.t.s.expression.AdditionExpression      : [THYMELEAF][http-nio-8383-exec-6] Evaluating addition expression: "('height:' + ${h}) + '%; background: #3b82f6;'"
2026-07-01T16:56:01.624-03:00 TRACE 20444 --- [estoque] [http-nio-8383-exec-6] o.t.s.expression.AdditionExpression      : [THYMELEAF][http-nio-8383-exec-6] Evaluating addition expression: "'height:' + ${h}"
2026-07-01T16:56:01.625-03:00 TRACE 20444 --- [estoque] [http-nio-8383-exec-6] o.t.s.expression.TextLiteralExpression   : [THYMELEAF][http-nio-8383-exec-6] Evaluating text literal: "'height:'"
2026-07-01T16:56:01.625-03:00 TRACE 20444 --- [estoque] [http-nio-8383-exec-6] o.t.s.expression.VariableExpression      : [THYMELEAF][http-nio-8383-exec-6] Evaluating variable expression: "${h}"
2026-07-01T16:56:01.625-03:00 TRACE 20444 --- [estoque] [http-nio-8383-exec-6] o.t.s.e.SPELVariableExpressionEvaluator  : [THYMELEAF][http-nio-8383-exec-6] SpringEL expression: evaluating expression "h" on target
2026-07-01T16:56:01.625-03:00 TRACE 20444 --- [estoque] [http-nio-8383-exec-6] o.t.s.expression.TextLiteralExpression   : [THYMELEAF][http-nio-8383-exec-6] Evaluating text literal: "'%; background: #3b82f6;'"
2026-07-01T16:56:01.625-03:00 TRACE 20444 --- [estoque] [http-nio-8383-exec-6] o.t.s.expression.AdditionExpression      : [THYMELEAF][http-nio-8383-exec-6] Evaluating addition expression: "('height:' + ${h}) + '%; background: #3b82f6;'"
2026-07-01T16:56:01.625-03:00 TRACE 20444 --- [estoque] [http-nio-8383-exec-6] o.t.s.expression.AdditionExpression      : [THYMELEAF][http-nio-8383-exec-6] Evaluating addition expression: "'height:' + ${h}"
2026-07-01T16:56:01.625-03:00 TRACE 20444 --- [estoque] [http-nio-8383-exec-6] o.t.s.expression.TextLiteralExpression   : [THYMELEAF][http-nio-8383-exec-6] Evaluating text literal: "'height:'"
2026-07-01T16:56:01.625-03:00 TRACE 20444 --- [estoque] [http-nio-8383-exec-6] o.t.s.expression.VariableExpression      : [THYMELEAF][http-nio-8383-exec-6] Evaluating variable expression: "${h}"
2026-07-01T16:56:01.625-03:00 TRACE 20444 --- [estoque] [http-nio-8383-exec-6] o.t.s.e.SPELVariableExpressionEvaluator  : [THYMELEAF][http-nio-8383-exec-6] SpringEL expression: evaluating expression "h" on target
2026-07-01T16:56:01.626-03:00 TRACE 20444 --- [estoque] [http-nio-8383-exec-6] o.t.s.expression.TextLiteralExpression   : [THYMELEAF][http-nio-8383-exec-6] Evaluating text literal: "'%; background: #3b82f6;'"
2026-07-01T16:56:01.626-03:00 TRACE 20444 --- [estoque] [http-nio-8383-exec-6] o.t.T.cache.EXPRESSION_CACHE             : [THYMELEAF][http-nio-8383-exec-6][EXPRESSION_CACHE][CACHE_HIT] Cache hit in cache "EXPRESSION_CACHE" for key "expr|${kpiPedidosValor}".
2026-07-01T16:56:01.626-03:00 TRACE 20444 --- [estoque] [http-nio-8383-exec-6] o.t.s.expression.VariableExpression      : [THYMELEAF][http-nio-8383-exec-6] Evaluating variable expression: "${kpiPedidosValor}"
2026-07-01T16:56:01.626-03:00 TRACE 20444 --- [estoque] [http-nio-8383-exec-6] o.t.s.e.SPELVariableExpressionEvaluator  : [THYMELEAF][http-nio-8383-exec-6] SpringEL expression: evaluating expression "kpiPedidosValor" on target
2026-07-01T16:56:01.626-03:00 TRACE 20444 --- [estoque] [http-nio-8383-exec-6] o.t.T.cache.EXPRESSION_CACHE             : [THYMELEAF][http-nio-8383-exec-6][EXPRESSION_CACHE][CACHE_HIT] Cache hit in cache "EXPRESSION_CACHE" for key "expr|${kpiPedidosPositiva} ? ' up' : ' down'".
2026-07-01T16:56:01.626-03:00 TRACE 20444 --- [estoque] [http-nio-8383-exec-6] o.t.s.expression.ConditionalExpression   : [THYMELEAF][http-nio-8383-exec-6] Evaluating conditional expression: "${kpiPedidosPositiva}? ' up' : ' down'"
2026-07-01T16:56:01.626-03:00 TRACE 20444 --- [estoque] [http-nio-8383-exec-6] o.t.s.expression.VariableExpression      : [THYMELEAF][http-nio-8383-exec-6] Evaluating variable expression: "${kpiPedidosPositiva}"
2026-07-01T16:56:01.627-03:00 TRACE 20444 --- [estoque] [http-nio-8383-exec-6] o.t.s.e.SPELVariableExpressionEvaluator  : [THYMELEAF][http-nio-8383-exec-6] SpringEL expression: evaluating expression "kpiPedidosPositiva" on target
2026-07-01T16:56:01.627-03:00 TRACE 20444 --- [estoque] [http-nio-8383-exec-6] o.t.s.expression.TextLiteralExpression   : [THYMELEAF][http-nio-8383-exec-6] Evaluating text literal: "' down'"
2026-07-01T16:56:01.627-03:00 TRACE 20444 --- [estoque] [http-nio-8383-exec-6] o.t.T.cache.EXPRESSION_CACHE             : [THYMELEAF][http-nio-8383-exec-6][EXPRESSION_CACHE][CACHE_HIT] Cache hit in cache "EXPRESSION_CACHE" for key "expr|${kpiPedidosPositiva} ? '23 6 13.5 15.5 8.5 10.5 1 18' : '23 18 13.5 8.5 8.5 13.5 1 6'".
2026-07-01T16:56:01.627-03:00 TRACE 20444 --- [estoque] [http-nio-8383-exec-6] o.t.s.expression.ConditionalExpression   : [THYMELEAF][http-nio-8383-exec-6] Evaluating conditional expression: "${kpiPedidosPositiva}? '23 6 13.5 15.5 8.5 10.5 1 18' : '23 18 13.5 8.5 8.5 13.5 1 6'"
2026-07-01T16:56:01.627-03:00 TRACE 20444 --- [estoque] [http-nio-8383-exec-6] o.t.s.expression.VariableExpression      : [THYMELEAF][http-nio-8383-exec-6] Evaluating variable expression: "${kpiPedidosPositiva}"
2026-07-01T16:56:01.627-03:00 TRACE 20444 --- [estoque] [http-nio-8383-exec-6] o.t.s.e.SPELVariableExpressionEvaluator  : [THYMELEAF][http-nio-8383-exec-6] SpringEL expression: evaluating expression "kpiPedidosPositiva" on target
2026-07-01T16:56:01.627-03:00 TRACE 20444 --- [estoque] [http-nio-8383-exec-6] o.t.s.expression.TextLiteralExpression   : [THYMELEAF][http-nio-8383-exec-6] Evaluating text literal: "'23 18 13.5 8.5 8.5 13.5 1 6'"
2026-07-01T16:56:01.628-03:00 TRACE 20444 --- [estoque] [http-nio-8383-exec-6] o.t.T.cache.EXPRESSION_CACHE             : [THYMELEAF][http-nio-8383-exec-6][EXPRESSION_CACHE][CACHE_HIT] Cache hit in cache "EXPRESSION_CACHE" for key "expr|${kpiPedidosPositiva} ? '17 6 23 6 23 12' : '17 18 23 18 23 12'".
2026-07-01T16:56:01.628-03:00 TRACE 20444 --- [estoque] [http-nio-8383-exec-6] o.t.s.expression.ConditionalExpression   : [THYMELEAF][http-nio-8383-exec-6] Evaluating conditional expression: "${kpiPedidosPositiva}? '17 6 23 6 23 12' : '17 18 23 18 23 12'"
2026-07-01T16:56:01.628-03:00 TRACE 20444 --- [estoque] [http-nio-8383-exec-6] o.t.s.expression.VariableExpression      : [THYMELEAF][http-nio-8383-exec-6] Evaluating variable expression: "${kpiPedidosPositiva}"
2026-07-01T16:56:01.628-03:00 TRACE 20444 --- [estoque] [http-nio-8383-exec-6] o.t.s.e.SPELVariableExpressionEvaluator  : [THYMELEAF][http-nio-8383-exec-6] SpringEL expression: evaluating expression "kpiPedidosPositiva" on target
2026-07-01T16:56:01.628-03:00 TRACE 20444 --- [estoque] [http-nio-8383-exec-6] o.t.s.expression.TextLiteralExpression   : [THYMELEAF][http-nio-8383-exec-6] Evaluating text literal: "'17 18 23 18 23 12'"
2026-07-01T16:56:01.628-03:00 TRACE 20444 --- [estoque] [http-nio-8383-exec-6] o.t.T.cache.EXPRESSION_CACHE             : [THYMELEAF][http-nio-8383-exec-6][EXPRESSION_CACHE][CACHE_HIT] Cache hit in cache "EXPRESSION_CACHE" for key "expr|${kpiPedidosVariacao} + '% vs mês anterior'".
2026-07-01T16:56:01.629-03:00 TRACE 20444 --- [estoque] [http-nio-8383-exec-6] o.t.s.expression.AdditionExpression      : [THYMELEAF][http-nio-8383-exec-6] Evaluating addition expression: "${kpiPedidosVariacao} + '% vs mês anterior'"
2026-07-01T16:56:01.629-03:00 TRACE 20444 --- [estoque] [http-nio-8383-exec-6] o.t.s.expression.VariableExpression      : [THYMELEAF][http-nio-8383-exec-6] Evaluating variable expression: "${kpiPedidosVariacao}"
2026-07-01T16:56:01.629-03:00 TRACE 20444 --- [estoque] [http-nio-8383-exec-6] o.t.s.e.SPELVariableExpressionEvaluator  : [THYMELEAF][http-nio-8383-exec-6] SpringEL expression: evaluating expression "kpiPedidosVariacao" on target
2026-07-01T16:56:01.629-03:00 TRACE 20444 --- [estoque] [http-nio-8383-exec-6] o.t.s.expression.TextLiteralExpression   : [THYMELEAF][http-nio-8383-exec-6] Evaluating text literal: "'% vs mês anterior'"
2026-07-01T16:56:01.629-03:00 TRACE 20444 --- [estoque] [http-nio-8383-exec-6] o.t.T.cache.EXPRESSION_CACHE             : [THYMELEAF][http-nio-8383-exec-6][EXPRESSION_CACHE][CACHE_HIT] Cache hit in cache "EXPRESSION_CACHE" for key "each|h : ${sparklinePedidos}".
2026-07-01T16:56:01.629-03:00 TRACE 20444 --- [estoque] [http-nio-8383-exec-6] o.t.s.expression.GenericTokenExpression  : [THYMELEAF][http-nio-8383-exec-6] Evaluating generic token: "h"
2026-07-01T16:56:01.629-03:00 TRACE 20444 --- [estoque] [http-nio-8383-exec-6] o.t.s.expression.VariableExpression      : [THYMELEAF][http-nio-8383-exec-6] Evaluating variable expression: "${sparklinePedidos}"
2026-07-01T16:56:01.629-03:00 TRACE 20444 --- [estoque] [http-nio-8383-exec-6] o.t.s.e.SPELVariableExpressionEvaluator  : [THYMELEAF][http-nio-8383-exec-6] SpringEL expression: evaluating expression "sparklinePedidos" on target
2026-07-01T16:56:01.629-03:00 TRACE 20444 --- [estoque] [http-nio-8383-exec-6] o.t.T.cache.EXPRESSION_CACHE             : [THYMELEAF][http-nio-8383-exec-6][EXPRESSION_CACHE][CACHE_HIT] Cache hit in cache "EXPRESSION_CACHE" for key "expr|'height:' + ${h} + '%; background: #7c3aed;'".
2026-07-01T16:56:01.630-03:00 TRACE 20444 --- [estoque] [http-nio-8383-exec-6] o.t.s.expression.AdditionExpression      : [THYMELEAF][http-nio-8383-exec-6] Evaluating addition expression: "('height:' + ${h}) + '%; background: #7c3aed;'"
2026-07-01T16:56:01.630-03:00 TRACE 20444 --- [estoque] [http-nio-8383-exec-6] o.t.s.expression.AdditionExpression      : [THYMELEAF][http-nio-8383-exec-6] Evaluating addition expression: "'height:' + ${h}"
2026-07-01T16:56:01.630-03:00 TRACE 20444 --- [estoque] [http-nio-8383-exec-6] o.t.s.expression.TextLiteralExpression   : [THYMELEAF][http-nio-8383-exec-6] Evaluating text literal: "'height:'"
2026-07-01T16:56:01.630-03:00 TRACE 20444 --- [estoque] [http-nio-8383-exec-6] o.t.s.expression.VariableExpression      : [THYMELEAF][http-nio-8383-exec-6] Evaluating variable expression: "${h}"
2026-07-01T16:56:01.630-03:00 TRACE 20444 --- [estoque] [http-nio-8383-exec-6] o.t.s.e.SPELVariableExpressionEvaluator  : [THYMELEAF][http-nio-8383-exec-6] SpringEL expression: evaluating expression "h" on target
2026-07-01T16:56:01.630-03:00 TRACE 20444 --- [estoque] [http-nio-8383-exec-6] o.t.s.expression.TextLiteralExpression   : [THYMELEAF][http-nio-8383-exec-6] Evaluating text literal: "'%; background: #7c3aed;'"
2026-07-01T16:56:01.630-03:00 TRACE 20444 --- [estoque] [http-nio-8383-exec-6] o.t.s.expression.AdditionExpression      : [THYMELEAF][http-nio-8383-exec-6] Evaluating addition expression: "('height:' + ${h}) + '%; background: #7c3aed;'"
2026-07-01T16:56:01.630-03:00 TRACE 20444 --- [estoque] [http-nio-8383-exec-6] o.t.s.expression.AdditionExpression      : [THYMELEAF][http-nio-8383-exec-6] Evaluating addition expression: "'height:' + ${h}"
2026-07-01T16:56:01.630-03:00 TRACE 20444 --- [estoque] [http-nio-8383-exec-6] o.t.s.expression.TextLiteralExpression   : [THYMELEAF][http-nio-8383-exec-6] Evaluating text literal: "'height:'"
2026-07-01T16:56:01.630-03:00 TRACE 20444 --- [estoque] [http-nio-8383-exec-6] o.t.s.expression.VariableExpression      : [THYMELEAF][http-nio-8383-exec-6] Evaluating variable expression: "${h}"
2026-07-01T16:56:01.631-03:00 TRACE 20444 --- [estoque] [http-nio-8383-exec-6] o.t.s.e.SPELVariableExpressionEvaluator  : [THYMELEAF][http-nio-8383-exec-6] SpringEL expression: evaluating expression "h" on target
2026-07-01T16:56:01.631-03:00 TRACE 20444 --- [estoque] [http-nio-8383-exec-6] o.t.s.expression.TextLiteralExpression   : [THYMELEAF][http-nio-8383-exec-6] Evaluating text literal: "'%; background: #7c3aed;'"
2026-07-01T16:56:01.631-03:00 TRACE 20444 --- [estoque] [http-nio-8383-exec-6] o.t.s.expression.AdditionExpression      : [THYMELEAF][http-nio-8383-exec-6] Evaluating addition expression: "('height:' + ${h}) + '%; background: #7c3aed;'"
2026-07-01T16:56:01.631-03:00 TRACE 20444 --- [estoque] [http-nio-8383-exec-6] o.t.s.expression.AdditionExpression      : [THYMELEAF][http-nio-8383-exec-6] Evaluating addition expression: "'height:' + ${h}"
2026-07-01T16:56:01.631-03:00 TRACE 20444 --- [estoque] [http-nio-8383-exec-6] o.t.s.expression.TextLiteralExpression   : [THYMELEAF][http-nio-8383-exec-6] Evaluating text literal: "'height:'"
2026-07-01T16:56:01.631-03:00 TRACE 20444 --- [estoque] [http-nio-8383-exec-6] o.t.s.expression.VariableExpression      : [THYMELEAF][http-nio-8383-exec-6] Evaluating variable expression: "${h}"
2026-07-01T16:56:01.631-03:00 TRACE 20444 --- [estoque] [http-nio-8383-exec-6] o.t.s.e.SPELVariableExpressionEvaluator  : [THYMELEAF][http-nio-8383-exec-6] SpringEL expression: evaluating expression "h" on target
2026-07-01T16:56:01.631-03:00 TRACE 20444 --- [estoque] [http-nio-8383-exec-6] o.t.s.expression.TextLiteralExpression   : [THYMELEAF][http-nio-8383-exec-6] Evaluating text literal: "'%; background: #7c3aed;'"
2026-07-01T16:56:01.632-03:00 TRACE 20444 --- [estoque] [http-nio-8383-exec-6] o.t.s.expression.AdditionExpression      : [THYMELEAF][http-nio-8383-exec-6] Evaluating addition expression: "('height:' + ${h}) + '%; background: #7c3aed;'"
2026-07-01T16:56:01.632-03:00 TRACE 20444 --- [estoque] [http-nio-8383-exec-6] o.t.s.expression.AdditionExpression      : [THYMELEAF][http-nio-8383-exec-6] Evaluating addition expression: "'height:' + ${h}"
2026-07-01T16:56:01.632-03:00 TRACE 20444 --- [estoque] [http-nio-8383-exec-6] o.t.s.expression.TextLiteralExpression   : [THYMELEAF][http-nio-8383-exec-6] Evaluating text literal: "'height:'"
2026-07-01T16:56:01.632-03:00 TRACE 20444 --- [estoque] [http-nio-8383-exec-6] o.t.s.expression.VariableExpression      : [THYMELEAF][http-nio-8383-exec-6] Evaluating variable expression: "${h}"
2026-07-01T16:56:01.632-03:00 TRACE 20444 --- [estoque] [http-nio-8383-exec-6] o.t.s.e.SPELVariableExpressionEvaluator  : [THYMELEAF][http-nio-8383-exec-6] SpringEL expression: evaluating expression "h" on target
2026-07-01T16:56:01.632-03:00 TRACE 20444 --- [estoque] [http-nio-8383-exec-6] o.t.s.expression.TextLiteralExpression   : [THYMELEAF][http-nio-8383-exec-6] Evaluating text literal: "'%; background: #7c3aed;'"
2026-07-01T16:56:01.632-03:00 TRACE 20444 --- [estoque] [http-nio-8383-exec-6] o.t.s.expression.AdditionExpression      : [THYMELEAF][http-nio-8383-exec-6] Evaluating addition expression: "('height:' + ${h}) + '%; background: #7c3aed;'"
2026-07-01T16:56:01.632-03:00 TRACE 20444 --- [estoque] [http-nio-8383-exec-6] o.t.s.expression.AdditionExpression      : [THYMELEAF][http-nio-8383-exec-6] Evaluating addition expression: "'height:' + ${h}"
2026-07-01T16:56:01.633-03:00 TRACE 20444 --- [estoque] [http-nio-8383-exec-6] o.t.s.expression.TextLiteralExpression   : [THYMELEAF][http-nio-8383-exec-6] Evaluating text literal: "'height:'"
2026-07-01T16:56:01.633-03:00 TRACE 20444 --- [estoque] [http-nio-8383-exec-6] o.t.s.expression.VariableExpression      : [THYMELEAF][http-nio-8383-exec-6] Evaluating variable expression: "${h}"
2026-07-01T16:56:01.633-03:00 TRACE 20444 --- [estoque] [http-nio-8383-exec-6] o.t.s.e.SPELVariableExpressionEvaluator  : [THYMELEAF][http-nio-8383-exec-6] SpringEL expression: evaluating expression "h" on target
2026-07-01T16:56:01.633-03:00 TRACE 20444 --- [estoque] [http-nio-8383-exec-6] o.t.s.expression.TextLiteralExpression   : [THYMELEAF][http-nio-8383-exec-6] Evaluating text literal: "'%; background: #7c3aed;'"
2026-07-01T16:56:01.633-03:00 TRACE 20444 --- [estoque] [http-nio-8383-exec-6] o.t.s.expression.AdditionExpression      : [THYMELEAF][http-nio-8383-exec-6] Evaluating addition expression: "('height:' + ${h}) + '%; background: #7c3aed;'"
2026-07-01T16:56:01.634-03:00 TRACE 20444 --- [estoque] [http-nio-8383-exec-6] o.t.s.expression.AdditionExpression      : [THYMELEAF][http-nio-8383-exec-6] Evaluating addition expression: "'height:' + ${h}"
2026-07-01T16:56:01.634-03:00 TRACE 20444 --- [estoque] [http-nio-8383-exec-6] o.t.s.expression.TextLiteralExpression   : [THYMELEAF][http-nio-8383-exec-6] Evaluating text literal: "'height:'"
2026-07-01T16:56:01.634-03:00 TRACE 20444 --- [estoque] [http-nio-8383-exec-6] o.t.s.expression.VariableExpression      : [THYMELEAF][http-nio-8383-exec-6] Evaluating variable expression: "${h}"
2026-07-01T16:56:01.634-03:00 TRACE 20444 --- [estoque] [http-nio-8383-exec-6] o.t.s.e.SPELVariableExpressionEvaluator  : [THYMELEAF][http-nio-8383-exec-6] SpringEL expression: evaluating expression "h" on target
2026-07-01T16:56:01.634-03:00 TRACE 20444 --- [estoque] [http-nio-8383-exec-6] o.t.s.expression.TextLiteralExpression   : [THYMELEAF][http-nio-8383-exec-6] Evaluating text literal: "'%; background: #7c3aed;'"
2026-07-01T16:56:01.634-03:00 TRACE 20444 --- [estoque] [http-nio-8383-exec-6] o.t.s.expression.AdditionExpression      : [THYMELEAF][http-nio-8383-exec-6] Evaluating addition expression: "('height:' + ${h}) + '%; background: #7c3aed;'"
2026-07-01T16:56:01.635-03:00 TRACE 20444 --- [estoque] [http-nio-8383-exec-6] o.t.s.expression.AdditionExpression      : [THYMELEAF][http-nio-8383-exec-6] Evaluating addition expression: "'height:' + ${h}"
2026-07-01T16:56:01.635-03:00 TRACE 20444 --- [estoque] [http-nio-8383-exec-6] o.t.s.expression.TextLiteralExpression   : [THYMELEAF][http-nio-8383-exec-6] Evaluating text literal: "'height:'"
2026-07-01T16:56:01.635-03:00 TRACE 20444 --- [estoque] [http-nio-8383-exec-6] o.t.s.expression.VariableExpression      : [THYMELEAF][http-nio-8383-exec-6] Evaluating variable expression: "${h}"
2026-07-01T16:56:01.635-03:00 TRACE 20444 --- [estoque] [http-nio-8383-exec-6] o.t.s.e.SPELVariableExpressionEvaluator  : [THYMELEAF][http-nio-8383-exec-6] SpringEL expression: evaluating expression "h" on target
2026-07-01T16:56:01.635-03:00 TRACE 20444 --- [estoque] [http-nio-8383-exec-6] o.t.s.expression.TextLiteralExpression   : [THYMELEAF][http-nio-8383-exec-6] Evaluating text literal: "'%; background: #7c3aed;'"
2026-07-01T16:56:01.635-03:00 TRACE 20444 --- [estoque] [http-nio-8383-exec-6] o.t.s.expression.AdditionExpression      : [THYMELEAF][http-nio-8383-exec-6] Evaluating addition expression: "('height:' + ${h}) + '%; background: #7c3aed;'"
2026-07-01T16:56:01.636-03:00 TRACE 20444 --- [estoque] [http-nio-8383-exec-6] o.t.s.expression.AdditionExpression      : [THYMELEAF][http-nio-8383-exec-6] Evaluating addition expression: "'height:' + ${h}"
2026-07-01T16:56:01.636-03:00 TRACE 20444 --- [estoque] [http-nio-8383-exec-6] o.t.s.expression.TextLiteralExpression   : [THYMELEAF][http-nio-8383-exec-6] Evaluating text literal: "'height:'"
2026-07-01T16:56:01.636-03:00 TRACE 20444 --- [estoque] [http-nio-8383-exec-6] o.t.s.expression.VariableExpression      : [THYMELEAF][http-nio-8383-exec-6] Evaluating variable expression: "${h}"
2026-07-01T16:56:01.636-03:00 TRACE 20444 --- [estoque] [http-nio-8383-exec-6] o.t.s.e.SPELVariableExpressionEvaluator  : [THYMELEAF][http-nio-8383-exec-6] SpringEL expression: evaluating expression "h" on target
2026-07-01T16:56:01.636-03:00 TRACE 20444 --- [estoque] [http-nio-8383-exec-6] o.t.s.expression.TextLiteralExpression   : [THYMELEAF][http-nio-8383-exec-6] Evaluating text literal: "'%; background: #7c3aed;'"
2026-07-01T16:56:01.636-03:00 TRACE 20444 --- [estoque] [http-nio-8383-exec-6] o.t.s.expression.AdditionExpression      : [THYMELEAF][http-nio-8383-exec-6] Evaluating addition expression: "('height:' + ${h}) + '%; background: #7c3aed;'"
2026-07-01T16:56:01.636-03:00 TRACE 20444 --- [estoque] [http-nio-8383-exec-6] o.t.s.expression.AdditionExpression      : [THYMELEAF][http-nio-8383-exec-6] Evaluating addition expression: "'height:' + ${h}"
2026-07-01T16:56:01.636-03:00 TRACE 20444 --- [estoque] [http-nio-8383-exec-6] o.t.s.expression.TextLiteralExpression   : [THYMELEAF][http-nio-8383-exec-6] Evaluating text literal: "'height:'"
2026-07-01T16:56:01.636-03:00 TRACE 20444 --- [estoque] [http-nio-8383-exec-6] o.t.s.expression.VariableExpression      : [THYMELEAF][http-nio-8383-exec-6] Evaluating variable expression: "${h}"
2026-07-01T16:56:01.637-03:00 TRACE 20444 --- [estoque] [http-nio-8383-exec-6] o.t.s.e.SPELVariableExpressionEvaluator  : [THYMELEAF][http-nio-8383-exec-6] SpringEL expression: evaluating expression "h" on target
2026-07-01T16:56:01.637-03:00 TRACE 20444 --- [estoque] [http-nio-8383-exec-6] o.t.s.expression.TextLiteralExpression   : [THYMELEAF][http-nio-8383-exec-6] Evaluating text literal: "'%; background: #7c3aed;'"
2026-07-01T16:56:01.637-03:00 TRACE 20444 --- [estoque] [http-nio-8383-exec-6] o.t.s.expression.AdditionExpression      : [THYMELEAF][http-nio-8383-exec-6] Evaluating addition expression: "('height:' + ${h}) + '%; background: #7c3aed;'"
2026-07-01T16:56:01.637-03:00 TRACE 20444 --- [estoque] [http-nio-8383-exec-6] o.t.s.expression.AdditionExpression      : [THYMELEAF][http-nio-8383-exec-6] Evaluating addition expression: "'height:' + ${h}"
2026-07-01T16:56:01.637-03:00 TRACE 20444 --- [estoque] [http-nio-8383-exec-6] o.t.s.expression.TextLiteralExpression   : [THYMELEAF][http-nio-8383-exec-6] Evaluating text literal: "'height:'"
2026-07-01T16:56:01.637-03:00 TRACE 20444 --- [estoque] [http-nio-8383-exec-6] o.t.s.expression.VariableExpression      : [THYMELEAF][http-nio-8383-exec-6] Evaluating variable expression: "${h}"
2026-07-01T16:56:01.637-03:00 TRACE 20444 --- [estoque] [http-nio-8383-exec-6] o.t.s.e.SPELVariableExpressionEvaluator  : [THYMELEAF][http-nio-8383-exec-6] SpringEL expression: evaluating expression "h" on target
2026-07-01T16:56:01.638-03:00 TRACE 20444 --- [estoque] [http-nio-8383-exec-6] o.t.s.expression.TextLiteralExpression   : [THYMELEAF][http-nio-8383-exec-6] Evaluating text literal: "'%; background: #7c3aed;'"
2026-07-01T16:56:01.638-03:00 TRACE 20444 --- [estoque] [http-nio-8383-exec-6] o.t.T.cache.EXPRESSION_CACHE             : [THYMELEAF][http-nio-8383-exec-6][EXPRESSION_CACHE][CACHE_HIT] Cache hit in cache "EXPRESSION_CACHE" for key "expr|${kpiClientesValor}".
2026-07-01T16:56:01.638-03:00 TRACE 20444 --- [estoque] [http-nio-8383-exec-6] o.t.s.expression.VariableExpression      : [THYMELEAF][http-nio-8383-exec-6] Evaluating variable expression: "${kpiClientesValor}"
2026-07-01T16:56:01.639-03:00 TRACE 20444 --- [estoque] [http-nio-8383-exec-6] o.t.s.e.SPELVariableExpressionEvaluator  : [THYMELEAF][http-nio-8383-exec-6] SpringEL expression: evaluating expression "kpiClientesValor" on target
2026-07-01T16:56:01.639-03:00 TRACE 20444 --- [estoque] [http-nio-8383-exec-6] o.t.T.cache.EXPRESSION_CACHE             : [THYMELEAF][http-nio-8383-exec-6][EXPRESSION_CACHE][CACHE_HIT] Cache hit in cache "EXPRESSION_CACHE" for key "expr|${kpiClientesPositiva} ? ' up' : ' down'".
2026-07-01T16:56:01.639-03:00 TRACE 20444 --- [estoque] [http-nio-8383-exec-6] o.t.s.expression.ConditionalExpression   : [THYMELEAF][http-nio-8383-exec-6] Evaluating conditional expression: "${kpiClientesPositiva}? ' up' : ' down'"
2026-07-01T16:56:01.639-03:00 TRACE 20444 --- [estoque] [http-nio-8383-exec-6] o.t.s.expression.VariableExpression      : [THYMELEAF][http-nio-8383-exec-6] Evaluating variable expression: "${kpiClientesPositiva}"
2026-07-01T16:56:01.639-03:00 TRACE 20444 --- [estoque] [http-nio-8383-exec-6] o.t.s.e.SPELVariableExpressionEvaluator  : [THYMELEAF][http-nio-8383-exec-6] SpringEL expression: evaluating expression "kpiClientesPositiva" on target
2026-07-01T16:56:01.639-03:00 TRACE 20444 --- [estoque] [http-nio-8383-exec-6] o.t.s.expression.TextLiteralExpression   : [THYMELEAF][http-nio-8383-exec-6] Evaluating text literal: "' down'"
2026-07-01T16:56:01.640-03:00 TRACE 20444 --- [estoque] [http-nio-8383-exec-6] o.t.T.cache.EXPRESSION_CACHE             : [THYMELEAF][http-nio-8383-exec-6][EXPRESSION_CACHE][CACHE_HIT] Cache hit in cache "EXPRESSION_CACHE" for key "expr|${kpiClientesPositiva} ? '23 6 13.5 15.5 8.5 10.5 1 18' : '23 18 13.5 8.5 8.5 13.5 1 6'".
2026-07-01T16:56:01.640-03:00 TRACE 20444 --- [estoque] [http-nio-8383-exec-6] o.t.s.expression.ConditionalExpression   : [THYMELEAF][http-nio-8383-exec-6] Evaluating conditional expression: "${kpiClientesPositiva}? '23 6 13.5 15.5 8.5 10.5 1 18' : '23 18 13.5 8.5 8.5 13.5 1 6'"
2026-07-01T16:56:01.640-03:00 TRACE 20444 --- [estoque] [http-nio-8383-exec-6] o.t.s.expression.VariableExpression      : [THYMELEAF][http-nio-8383-exec-6] Evaluating variable expression: "${kpiClientesPositiva}"
2026-07-01T16:56:01.640-03:00 TRACE 20444 --- [estoque] [http-nio-8383-exec-6] o.t.s.e.SPELVariableExpressionEvaluator  : [THYMELEAF][http-nio-8383-exec-6] SpringEL expression: evaluating expression "kpiClientesPositiva" on target
2026-07-01T16:56:01.640-03:00 TRACE 20444 --- [estoque] [http-nio-8383-exec-6] o.t.s.expression.TextLiteralExpression   : [THYMELEAF][http-nio-8383-exec-6] Evaluating text literal: "'23 18 13.5 8.5 8.5 13.5 1 6'"
2026-07-01T16:56:01.640-03:00 TRACE 20444 --- [estoque] [http-nio-8383-exec-6] o.t.T.cache.EXPRESSION_CACHE             : [THYMELEAF][http-nio-8383-exec-6][EXPRESSION_CACHE][CACHE_HIT] Cache hit in cache "EXPRESSION_CACHE" for key "expr|${kpiClientesPositiva} ? '17 6 23 6 23 12' : '17 18 23 18 23 12'".
2026-07-01T16:56:01.641-03:00 TRACE 20444 --- [estoque] [http-nio-8383-exec-6] o.t.s.expression.ConditionalExpression   : [THYMELEAF][http-nio-8383-exec-6] Evaluating conditional expression: "${kpiClientesPositiva}? '17 6 23 6 23 12' : '17 18 23 18 23 12'"
2026-07-01T16:56:01.641-03:00 TRACE 20444 --- [estoque] [http-nio-8383-exec-6] o.t.s.expression.VariableExpression      : [THYMELEAF][http-nio-8383-exec-6] Evaluating variable expression: "${kpiClientesPositiva}"
2026-07-01T16:56:01.641-03:00 TRACE 20444 --- [estoque] [http-nio-8383-exec-6] o.t.s.e.SPELVariableExpressionEvaluator  : [THYMELEAF][http-nio-8383-exec-6] SpringEL expression: evaluating expression "kpiClientesPositiva" on target
2026-07-01T16:56:01.641-03:00 TRACE 20444 --- [estoque] [http-nio-8383-exec-6] o.t.s.expression.TextLiteralExpression   : [THYMELEAF][http-nio-8383-exec-6] Evaluating text literal: "'17 18 23 18 23 12'"
2026-07-01T16:56:01.641-03:00 TRACE 20444 --- [estoque] [http-nio-8383-exec-6] o.t.T.cache.EXPRESSION_CACHE             : [THYMELEAF][http-nio-8383-exec-6][EXPRESSION_CACHE][CACHE_HIT] Cache hit in cache "EXPRESSION_CACHE" for key "expr|${kpiClientesVariacao} + '% vs mês anterior'".
2026-07-01T16:56:01.641-03:00 TRACE 20444 --- [estoque] [http-nio-8383-exec-6] o.t.s.expression.AdditionExpression      : [THYMELEAF][http-nio-8383-exec-6] Evaluating addition expression: "${kpiClientesVariacao} + '% vs mês anterior'"
2026-07-01T16:56:01.641-03:00 TRACE 20444 --- [estoque] [http-nio-8383-exec-6] o.t.s.expression.VariableExpression      : [THYMELEAF][http-nio-8383-exec-6] Evaluating variable expression: "${kpiClientesVariacao}"
2026-07-01T16:56:01.641-03:00 TRACE 20444 --- [estoque] [http-nio-8383-exec-6] o.t.s.e.SPELVariableExpressionEvaluator  : [THYMELEAF][http-nio-8383-exec-6] SpringEL expression: evaluating expression "kpiClientesVariacao" on target
2026-07-01T16:56:01.641-03:00 TRACE 20444 --- [estoque] [http-nio-8383-exec-6] o.t.s.expression.TextLiteralExpression   : [THYMELEAF][http-nio-8383-exec-6] Evaluating text literal: "'% vs mês anterior'"
2026-07-01T16:56:01.642-03:00 TRACE 20444 --- [estoque] [http-nio-8383-exec-6] o.t.T.cache.EXPRESSION_CACHE             : [THYMELEAF][http-nio-8383-exec-6][EXPRESSION_CACHE][CACHE_HIT] Cache hit in cache "EXPRESSION_CACHE" for key "each|h : ${sparklineClientes}".
2026-07-01T16:56:01.642-03:00 TRACE 20444 --- [estoque] [http-nio-8383-exec-6] o.t.s.expression.GenericTokenExpression  : [THYMELEAF][http-nio-8383-exec-6] Evaluating generic token: "h"
2026-07-01T16:56:01.642-03:00 TRACE 20444 --- [estoque] [http-nio-8383-exec-6] o.t.s.expression.VariableExpression      : [THYMELEAF][http-nio-8383-exec-6] Evaluating variable expression: "${sparklineClientes}"
2026-07-01T16:56:01.642-03:00 TRACE 20444 --- [estoque] [http-nio-8383-exec-6] o.t.s.e.SPELVariableExpressionEvaluator  : [THYMELEAF][http-nio-8383-exec-6] SpringEL expression: evaluating expression "sparklineClientes" on target
2026-07-01T16:56:01.642-03:00 TRACE 20444 --- [estoque] [http-nio-8383-exec-6] o.t.T.cache.EXPRESSION_CACHE             : [THYMELEAF][http-nio-8383-exec-6][EXPRESSION_CACHE][CACHE_HIT] Cache hit in cache "EXPRESSION_CACHE" for key "expr|'height:' + ${h} + '%; background: #10b981;'".
2026-07-01T16:56:01.642-03:00 TRACE 20444 --- [estoque] [http-nio-8383-exec-6] o.t.s.expression.AdditionExpression      : [THYMELEAF][http-nio-8383-exec-6] Evaluating addition expression: "('height:' + ${h}) + '%; background: #10b981;'"
2026-07-01T16:56:01.643-03:00 TRACE 20444 --- [estoque] [http-nio-8383-exec-6] o.t.s.expression.AdditionExpression      : [THYMELEAF][http-nio-8383-exec-6] Evaluating addition expression: "'height:' + ${h}"
2026-07-01T16:56:01.643-03:00 TRACE 20444 --- [estoque] [http-nio-8383-exec-6] o.t.s.expression.TextLiteralExpression   : [THYMELEAF][http-nio-8383-exec-6] Evaluating text literal: "'height:'"
2026-07-01T16:56:01.643-03:00 TRACE 20444 --- [estoque] [http-nio-8383-exec-6] o.t.s.expression.VariableExpression      : [THYMELEAF][http-nio-8383-exec-6] Evaluating variable expression: "${h}"
2026-07-01T16:56:01.643-03:00 TRACE 20444 --- [estoque] [http-nio-8383-exec-6] o.t.s.e.SPELVariableExpressionEvaluator  : [THYMELEAF][http-nio-8383-exec-6] SpringEL expression: evaluating expression "h" on target
2026-07-01T16:56:01.643-03:00 TRACE 20444 --- [estoque] [http-nio-8383-exec-6] o.t.s.expression.TextLiteralExpression   : [THYMELEAF][http-nio-8383-exec-6] Evaluating text literal: "'%; background: #10b981;'"
2026-07-01T16:56:01.643-03:00 TRACE 20444 --- [estoque] [http-nio-8383-exec-6] o.t.s.expression.AdditionExpression      : [THYMELEAF][http-nio-8383-exec-6] Evaluating addition expression: "('height:' + ${h}) + '%; background: #10b981;'"
2026-07-01T16:56:01.644-03:00 TRACE 20444 --- [estoque] [http-nio-8383-exec-6] o.t.s.expression.AdditionExpression      : [THYMELEAF][http-nio-8383-exec-6] Evaluating addition expression: "'height:' + ${h}"
2026-07-01T16:56:01.644-03:00 TRACE 20444 --- [estoque] [http-nio-8383-exec-6] o.t.s.expression.TextLiteralExpression   : [THYMELEAF][http-nio-8383-exec-6] Evaluating text literal: "'height:'"
2026-07-01T16:56:01.644-03:00 TRACE 20444 --- [estoque] [http-nio-8383-exec-6] o.t.s.expression.VariableExpression      : [THYMELEAF][http-nio-8383-exec-6] Evaluating variable expression: "${h}"
2026-07-01T16:56:01.644-03:00 TRACE 20444 --- [estoque] [http-nio-8383-exec-6] o.t.s.e.SPELVariableExpressionEvaluator  : [THYMELEAF][http-nio-8383-exec-6] SpringEL expression: evaluating expression "h" on target
2026-07-01T16:56:01.644-03:00 TRACE 20444 --- [estoque] [http-nio-8383-exec-6] o.t.s.expression.TextLiteralExpression   : [THYMELEAF][http-nio-8383-exec-6] Evaluating text literal: "'%; background: #10b981;'"
2026-07-01T16:56:01.644-03:00 TRACE 20444 --- [estoque] [http-nio-8383-exec-6] o.t.s.expression.AdditionExpression      : [THYMELEAF][http-nio-8383-exec-6] Evaluating addition expression: "('height:' + ${h}) + '%; background: #10b981;'"
2026-07-01T16:56:01.645-03:00 TRACE 20444 --- [estoque] [http-nio-8383-exec-6] o.t.s.expression.AdditionExpression      : [THYMELEAF][http-nio-8383-exec-6] Evaluating addition expression: "'height:' + ${h}"
2026-07-01T16:56:01.645-03:00 TRACE 20444 --- [estoque] [http-nio-8383-exec-6] o.t.s.expression.TextLiteralExpression   : [THYMELEAF][http-nio-8383-exec-6] Evaluating text literal: "'height:'"
2026-07-01T16:56:01.645-03:00 TRACE 20444 --- [estoque] [http-nio-8383-exec-6] o.t.s.expression.VariableExpression      : [THYMELEAF][http-nio-8383-exec-6] Evaluating variable expression: "${h}"
2026-07-01T16:56:01.645-03:00 TRACE 20444 --- [estoque] [http-nio-8383-exec-6] o.t.s.e.SPELVariableExpressionEvaluator  : [THYMELEAF][http-nio-8383-exec-6] SpringEL expression: evaluating expression "h" on target
2026-07-01T16:56:01.645-03:00 TRACE 20444 --- [estoque] [http-nio-8383-exec-6] o.t.s.expression.TextLiteralExpression   : [THYMELEAF][http-nio-8383-exec-6] Evaluating text literal: "'%; background: #10b981;'"
2026-07-01T16:56:01.645-03:00 TRACE 20444 --- [estoque] [http-nio-8383-exec-6] o.t.s.expression.AdditionExpression      : [THYMELEAF][http-nio-8383-exec-6] Evaluating addition expression: "('height:' + ${h}) + '%; background: #10b981;'"
2026-07-01T16:56:01.645-03:00 TRACE 20444 --- [estoque] [http-nio-8383-exec-6] o.t.s.expression.AdditionExpression      : [THYMELEAF][http-nio-8383-exec-6] Evaluating addition expression: "'height:' + ${h}"
2026-07-01T16:56:01.645-03:00 TRACE 20444 --- [estoque] [http-nio-8383-exec-6] o.t.s.expression.TextLiteralExpression   : [THYMELEAF][http-nio-8383-exec-6] Evaluating text literal: "'height:'"
2026-07-01T16:56:01.646-03:00 TRACE 20444 --- [estoque] [http-nio-8383-exec-6] o.t.s.expression.VariableExpression      : [THYMELEAF][http-nio-8383-exec-6] Evaluating variable expression: "${h}"
2026-07-01T16:56:01.646-03:00 TRACE 20444 --- [estoque] [http-nio-8383-exec-6] o.t.s.e.SPELVariableExpressionEvaluator  : [THYMELEAF][http-nio-8383-exec-6] SpringEL expression: evaluating expression "h" on target
2026-07-01T16:56:01.646-03:00 TRACE 20444 --- [estoque] [http-nio-8383-exec-6] o.t.s.expression.TextLiteralExpression   : [THYMELEAF][http-nio-8383-exec-6] Evaluating text literal: "'%; background: #10b981;'"
2026-07-01T16:56:01.647-03:00 TRACE 20444 --- [estoque] [http-nio-8383-exec-6] o.t.s.expression.AdditionExpression      : [THYMELEAF][http-nio-8383-exec-6] Evaluating addition expression: "('height:' + ${h}) + '%; background: #10b981;'"
2026-07-01T16:56:01.647-03:00 TRACE 20444 --- [estoque] [http-nio-8383-exec-6] o.t.s.expression.AdditionExpression      : [THYMELEAF][http-nio-8383-exec-6] Evaluating addition expression: "'height:' + ${h}"
2026-07-01T16:56:01.647-03:00 TRACE 20444 --- [estoque] [http-nio-8383-exec-6] o.t.s.expression.TextLiteralExpression   : [THYMELEAF][http-nio-8383-exec-6] Evaluating text literal: "'height:'"
2026-07-01T16:56:01.647-03:00 TRACE 20444 --- [estoque] [http-nio-8383-exec-6] o.t.s.expression.VariableExpression      : [THYMELEAF][http-nio-8383-exec-6] Evaluating variable expression: "${h}"
2026-07-01T16:56:01.648-03:00 TRACE 20444 --- [estoque] [http-nio-8383-exec-6] o.t.s.e.SPELVariableExpressionEvaluator  : [THYMELEAF][http-nio-8383-exec-6] SpringEL expression: evaluating expression "h" on target
2026-07-01T16:56:01.648-03:00 TRACE 20444 --- [estoque] [http-nio-8383-exec-6] o.t.s.expression.TextLiteralExpression   : [THYMELEAF][http-nio-8383-exec-6] Evaluating text literal: "'%; background: #10b981;'"
2026-07-01T16:56:01.648-03:00 TRACE 20444 --- [estoque] [http-nio-8383-exec-6] o.t.s.expression.AdditionExpression      : [THYMELEAF][http-nio-8383-exec-6] Evaluating addition expression: "('height:' + ${h}) + '%; background: #10b981;'"
2026-07-01T16:56:01.648-03:00 TRACE 20444 --- [estoque] [http-nio-8383-exec-6] o.t.s.expression.AdditionExpression      : [THYMELEAF][http-nio-8383-exec-6] Evaluating addition expression: "'height:' + ${h}"
2026-07-01T16:56:01.648-03:00 TRACE 20444 --- [estoque] [http-nio-8383-exec-6] o.t.s.expression.TextLiteralExpression   : [THYMELEAF][http-nio-8383-exec-6] Evaluating text literal: "'height:'"
2026-07-01T16:56:01.648-03:00 TRACE 20444 --- [estoque] [http-nio-8383-exec-6] o.t.s.expression.VariableExpression      : [THYMELEAF][http-nio-8383-exec-6] Evaluating variable expression: "${h}"
2026-07-01T16:56:01.648-03:00 TRACE 20444 --- [estoque] [http-nio-8383-exec-6] o.t.s.e.SPELVariableExpressionEvaluator  : [THYMELEAF][http-nio-8383-exec-6] SpringEL expression: evaluating expression "h" on target
2026-07-01T16:56:01.648-03:00 TRACE 20444 --- [estoque] [http-nio-8383-exec-6] o.t.s.expression.TextLiteralExpression   : [THYMELEAF][http-nio-8383-exec-6] Evaluating text literal: "'%; background: #10b981;'"
2026-07-01T16:56:01.648-03:00 TRACE 20444 --- [estoque] [http-nio-8383-exec-6] o.t.s.expression.AdditionExpression      : [THYMELEAF][http-nio-8383-exec-6] Evaluating addition expression: "('height:' + ${h}) + '%; background: #10b981;'"
2026-07-01T16:56:01.649-03:00 TRACE 20444 --- [estoque] [http-nio-8383-exec-6] o.t.s.expression.AdditionExpression      : [THYMELEAF][http-nio-8383-exec-6] Evaluating addition expression: "'height:' + ${h}"
2026-07-01T16:56:01.649-03:00 TRACE 20444 --- [estoque] [http-nio-8383-exec-6] o.t.s.expression.TextLiteralExpression   : [THYMELEAF][http-nio-8383-exec-6] Evaluating text literal: "'height:'"
2026-07-01T16:56:01.649-03:00 TRACE 20444 --- [estoque] [http-nio-8383-exec-6] o.t.s.expression.VariableExpression      : [THYMELEAF][http-nio-8383-exec-6] Evaluating variable expression: "${h}"
2026-07-01T16:56:01.649-03:00 TRACE 20444 --- [estoque] [http-nio-8383-exec-6] o.t.s.e.SPELVariableExpressionEvaluator  : [THYMELEAF][http-nio-8383-exec-6] SpringEL expression: evaluating expression "h" on target
2026-07-01T16:56:01.649-03:00 TRACE 20444 --- [estoque] [http-nio-8383-exec-6] o.t.s.expression.TextLiteralExpression   : [THYMELEAF][http-nio-8383-exec-6] Evaluating text literal: "'%; background: #10b981;'"
2026-07-01T16:56:01.649-03:00 TRACE 20444 --- [estoque] [http-nio-8383-exec-6] o.t.s.expression.AdditionExpression      : [THYMELEAF][http-nio-8383-exec-6] Evaluating addition expression: "('height:' + ${h}) + '%; background: #10b981;'"
2026-07-01T16:56:01.650-03:00 TRACE 20444 --- [estoque] [http-nio-8383-exec-6] o.t.s.expression.AdditionExpression      : [THYMELEAF][http-nio-8383-exec-6] Evaluating addition expression: "'height:' + ${h}"
2026-07-01T16:56:01.650-03:00 TRACE 20444 --- [estoque] [http-nio-8383-exec-6] o.t.s.expression.TextLiteralExpression   : [THYMELEAF][http-nio-8383-exec-6] Evaluating text literal: "'height:'"
2026-07-01T16:56:01.650-03:00 TRACE 20444 --- [estoque] [http-nio-8383-exec-6] o.t.s.expression.VariableExpression      : [THYMELEAF][http-nio-8383-exec-6] Evaluating variable expression: "${h}"
2026-07-01T16:56:01.650-03:00 TRACE 20444 --- [estoque] [http-nio-8383-exec-6] o.t.s.e.SPELVariableExpressionEvaluator  : [THYMELEAF][http-nio-8383-exec-6] SpringEL expression: evaluating expression "h" on target
2026-07-01T16:56:01.650-03:00 TRACE 20444 --- [estoque] [http-nio-8383-exec-6] o.t.s.expression.TextLiteralExpression   : [THYMELEAF][http-nio-8383-exec-6] Evaluating text literal: "'%; background: #10b981;'"
2026-07-01T16:56:01.650-03:00 TRACE 20444 --- [estoque] [http-nio-8383-exec-6] o.t.s.expression.AdditionExpression      : [THYMELEAF][http-nio-8383-exec-6] Evaluating addition expression: "('height:' + ${h}) + '%; background: #10b981;'"
2026-07-01T16:56:01.650-03:00 TRACE 20444 --- [estoque] [http-nio-8383-exec-6] o.t.s.expression.AdditionExpression      : [THYMELEAF][http-nio-8383-exec-6] Evaluating addition expression: "'height:' + ${h}"
2026-07-01T16:56:01.650-03:00 TRACE 20444 --- [estoque] [http-nio-8383-exec-6] o.t.s.expression.TextLiteralExpression   : [THYMELEAF][http-nio-8383-exec-6] Evaluating text literal: "'height:'"
2026-07-01T16:56:01.651-03:00 TRACE 20444 --- [estoque] [http-nio-8383-exec-6] o.t.s.expression.VariableExpression      : [THYMELEAF][http-nio-8383-exec-6] Evaluating variable expression: "${h}"
2026-07-01T16:56:01.651-03:00 TRACE 20444 --- [estoque] [http-nio-8383-exec-6] o.t.s.e.SPELVariableExpressionEvaluator  : [THYMELEAF][http-nio-8383-exec-6] SpringEL expression: evaluating expression "h" on target
2026-07-01T16:56:01.651-03:00 TRACE 20444 --- [estoque] [http-nio-8383-exec-6] o.t.s.expression.TextLiteralExpression   : [THYMELEAF][http-nio-8383-exec-6] Evaluating text literal: "'%; background: #10b981;'"
2026-07-01T16:56:01.651-03:00 TRACE 20444 --- [estoque] [http-nio-8383-exec-6] o.t.s.expression.AdditionExpression      : [THYMELEAF][http-nio-8383-exec-6] Evaluating addition expression: "('height:' + ${h}) + '%; background: #10b981;'"
2026-07-01T16:56:01.651-03:00 TRACE 20444 --- [estoque] [http-nio-8383-exec-6] o.t.s.expression.AdditionExpression      : [THYMELEAF][http-nio-8383-exec-6] Evaluating addition expression: "'height:' + ${h}"
2026-07-01T16:56:01.651-03:00 TRACE 20444 --- [estoque] [http-nio-8383-exec-6] o.t.s.expression.TextLiteralExpression   : [THYMELEAF][http-nio-8383-exec-6] Evaluating text literal: "'height:'"
2026-07-01T16:56:01.651-03:00 TRACE 20444 --- [estoque] [http-nio-8383-exec-6] o.t.s.expression.VariableExpression      : [THYMELEAF][http-nio-8383-exec-6] Evaluating variable expression: "${h}"
2026-07-01T16:56:01.651-03:00 TRACE 20444 --- [estoque] [http-nio-8383-exec-6] o.t.s.e.SPELVariableExpressionEvaluator  : [THYMELEAF][http-nio-8383-exec-6] SpringEL expression: evaluating expression "h" on target
2026-07-01T16:56:01.651-03:00 TRACE 20444 --- [estoque] [http-nio-8383-exec-6] o.t.s.expression.TextLiteralExpression   : [THYMELEAF][http-nio-8383-exec-6] Evaluating text literal: "'%; background: #10b981;'"
2026-07-01T16:56:01.652-03:00 TRACE 20444 --- [estoque] [http-nio-8383-exec-6] o.t.T.cache.EXPRESSION_CACHE             : [THYMELEAF][http-nio-8383-exec-6][EXPRESSION_CACHE][CACHE_HIT] Cache hit in cache "EXPRESSION_CACHE" for key "expr|${kpiProdutosValor}".
2026-07-01T16:56:01.652-03:00 TRACE 20444 --- [estoque] [http-nio-8383-exec-6] o.t.s.expression.VariableExpression      : [THYMELEAF][http-nio-8383-exec-6] Evaluating variable expression: "${kpiProdutosValor}"
2026-07-01T16:56:01.652-03:00 TRACE 20444 --- [estoque] [http-nio-8383-exec-6] o.t.s.e.SPELVariableExpressionEvaluator  : [THYMELEAF][http-nio-8383-exec-6] SpringEL expression: evaluating expression "kpiProdutosValor" on target
2026-07-01T16:56:01.652-03:00 TRACE 20444 --- [estoque] [http-nio-8383-exec-6] o.t.T.cache.EXPRESSION_CACHE             : [THYMELEAF][http-nio-8383-exec-6][EXPRESSION_CACHE][CACHE_HIT] Cache hit in cache "EXPRESSION_CACHE" for key "expr|${kpiProdutosPositiva} ? ' up' : ' down'".
2026-07-01T16:56:01.652-03:00 TRACE 20444 --- [estoque] [http-nio-8383-exec-6] o.t.s.expression.ConditionalExpression   : [THYMELEAF][http-nio-8383-exec-6] Evaluating conditional expression: "${kpiProdutosPositiva}? ' up' : ' down'"
2026-07-01T16:56:01.652-03:00 TRACE 20444 --- [estoque] [http-nio-8383-exec-6] o.t.s.expression.VariableExpression      : [THYMELEAF][http-nio-8383-exec-6] Evaluating variable expression: "${kpiProdutosPositiva}"
2026-07-01T16:56:01.652-03:00 TRACE 20444 --- [estoque] [http-nio-8383-exec-6] o.t.s.e.SPELVariableExpressionEvaluator  : [THYMELEAF][http-nio-8383-exec-6] SpringEL expression: evaluating expression "kpiProdutosPositiva" on target
2026-07-01T16:56:01.653-03:00 TRACE 20444 --- [estoque] [http-nio-8383-exec-6] o.t.s.expression.TextLiteralExpression   : [THYMELEAF][http-nio-8383-exec-6] Evaluating text literal: "' down'"
2026-07-01T16:56:01.653-03:00 TRACE 20444 --- [estoque] [http-nio-8383-exec-6] o.t.T.cache.EXPRESSION_CACHE             : [THYMELEAF][http-nio-8383-exec-6][EXPRESSION_CACHE][CACHE_HIT] Cache hit in cache "EXPRESSION_CACHE" for key "expr|${kpiProdutosPositiva} ? '23 6 13.5 15.5 8.5 10.5 1 18' : '23 18 13.5 8.5 8.5 13.5 1 6'".
2026-07-01T16:56:01.653-03:00 TRACE 20444 --- [estoque] [http-nio-8383-exec-6] o.t.s.expression.ConditionalExpression   : [THYMELEAF][http-nio-8383-exec-6] Evaluating conditional expression: "${kpiProdutosPositiva}? '23 6 13.5 15.5 8.5 10.5 1 18' : '23 18 13.5 8.5 8.5 13.5 1 6'"
2026-07-01T16:56:01.653-03:00 TRACE 20444 --- [estoque] [http-nio-8383-exec-6] o.t.s.expression.VariableExpression      : [THYMELEAF][http-nio-8383-exec-6] Evaluating variable expression: "${kpiProdutosPositiva}"
2026-07-01T16:56:01.653-03:00 TRACE 20444 --- [estoque] [http-nio-8383-exec-6] o.t.s.e.SPELVariableExpressionEvaluator  : [THYMELEAF][http-nio-8383-exec-6] SpringEL expression: evaluating expression "kpiProdutosPositiva" on target
2026-07-01T16:56:01.653-03:00 TRACE 20444 --- [estoque] [http-nio-8383-exec-6] o.t.s.expression.TextLiteralExpression   : [THYMELEAF][http-nio-8383-exec-6] Evaluating text literal: "'23 18 13.5 8.5 8.5 13.5 1 6'"
2026-07-01T16:56:01.653-03:00 TRACE 20444 --- [estoque] [http-nio-8383-exec-6] o.t.T.cache.EXPRESSION_CACHE             : [THYMELEAF][http-nio-8383-exec-6][EXPRESSION_CACHE][CACHE_HIT] Cache hit in cache "EXPRESSION_CACHE" for key "expr|${kpiProdutosPositiva} ? '17 6 23 6 23 12' : '17 18 23 18 23 12'".
2026-07-01T16:56:01.654-03:00 TRACE 20444 --- [estoque] [http-nio-8383-exec-6] o.t.s.expression.ConditionalExpression   : [THYMELEAF][http-nio-8383-exec-6] Evaluating conditional expression: "${kpiProdutosPositiva}? '17 6 23 6 23 12' : '17 18 23 18 23 12'"
2026-07-01T16:56:01.654-03:00 TRACE 20444 --- [estoque] [http-nio-8383-exec-6] o.t.s.expression.VariableExpression      : [THYMELEAF][http-nio-8383-exec-6] Evaluating variable expression: "${kpiProdutosPositiva}"
2026-07-01T16:56:01.654-03:00 TRACE 20444 --- [estoque] [http-nio-8383-exec-6] o.t.s.e.SPELVariableExpressionEvaluator  : [THYMELEAF][http-nio-8383-exec-6] SpringEL expression: evaluating expression "kpiProdutosPositiva" on target
2026-07-01T16:56:01.654-03:00 TRACE 20444 --- [estoque] [http-nio-8383-exec-6] o.t.s.expression.TextLiteralExpression   : [THYMELEAF][http-nio-8383-exec-6] Evaluating text literal: "'17 18 23 18 23 12'"
2026-07-01T16:56:01.654-03:00 TRACE 20444 --- [estoque] [http-nio-8383-exec-6] o.t.T.cache.EXPRESSION_CACHE             : [THYMELEAF][http-nio-8383-exec-6][EXPRESSION_CACHE][CACHE_HIT] Cache hit in cache "EXPRESSION_CACHE" for key "expr|${kpiProdutosVariacao} + '% vs mês anterior'".
2026-07-01T16:56:01.654-03:00 TRACE 20444 --- [estoque] [http-nio-8383-exec-6] o.t.s.expression.AdditionExpression      : [THYMELEAF][http-nio-8383-exec-6] Evaluating addition expression: "${kpiProdutosVariacao} + '% vs mês anterior'"
2026-07-01T16:56:01.654-03:00 TRACE 20444 --- [estoque] [http-nio-8383-exec-6] o.t.s.expression.VariableExpression      : [THYMELEAF][http-nio-8383-exec-6] Evaluating variable expression: "${kpiProdutosVariacao}"
2026-07-01T16:56:01.654-03:00 TRACE 20444 --- [estoque] [http-nio-8383-exec-6] o.t.s.e.SPELVariableExpressionEvaluator  : [THYMELEAF][http-nio-8383-exec-6] SpringEL expression: evaluating expression "kpiProdutosVariacao" on target
2026-07-01T16:56:01.654-03:00 TRACE 20444 --- [estoque] [http-nio-8383-exec-6] o.t.s.expression.TextLiteralExpression   : [THYMELEAF][http-nio-8383-exec-6] Evaluating text literal: "'% vs mês anterior'"
2026-07-01T16:56:01.655-03:00 TRACE 20444 --- [estoque] [http-nio-8383-exec-6] o.t.T.cache.EXPRESSION_CACHE             : [THYMELEAF][http-nio-8383-exec-6][EXPRESSION_CACHE][CACHE_HIT] Cache hit in cache "EXPRESSION_CACHE" for key "each|h : ${sparklineProdutos}".
2026-07-01T16:56:01.655-03:00 TRACE 20444 --- [estoque] [http-nio-8383-exec-6] o.t.s.expression.GenericTokenExpression  : [THYMELEAF][http-nio-8383-exec-6] Evaluating generic token: "h"
2026-07-01T16:56:01.655-03:00 TRACE 20444 --- [estoque] [http-nio-8383-exec-6] o.t.s.expression.VariableExpression      : [THYMELEAF][http-nio-8383-exec-6] Evaluating variable expression: "${sparklineProdutos}"
2026-07-01T16:56:01.655-03:00 TRACE 20444 --- [estoque] [http-nio-8383-exec-6] o.t.s.e.SPELVariableExpressionEvaluator  : [THYMELEAF][http-nio-8383-exec-6] SpringEL expression: evaluating expression "sparklineProdutos" on target
2026-07-01T16:56:01.655-03:00 TRACE 20444 --- [estoque] [http-nio-8383-exec-6] o.t.T.cache.EXPRESSION_CACHE             : [THYMELEAF][http-nio-8383-exec-6][EXPRESSION_CACHE][CACHE_HIT] Cache hit in cache "EXPRESSION_CACHE" for key "expr|'height:' + ${h} + '%; background: #ea580c;'".
2026-07-01T16:56:01.655-03:00 TRACE 20444 --- [estoque] [http-nio-8383-exec-6] o.t.s.expression.AdditionExpression      : [THYMELEAF][http-nio-8383-exec-6] Evaluating addition expression: "('height:' + ${h}) + '%; background: #ea580c;'"
2026-07-01T16:56:01.655-03:00 TRACE 20444 --- [estoque] [http-nio-8383-exec-6] o.t.s.expression.AdditionExpression      : [THYMELEAF][http-nio-8383-exec-6] Evaluating addition expression: "'height:' + ${h}"
2026-07-01T16:56:01.656-03:00 TRACE 20444 --- [estoque] [http-nio-8383-exec-6] o.t.s.expression.TextLiteralExpression   : [THYMELEAF][http-nio-8383-exec-6] Evaluating text literal: "'height:'"
2026-07-01T16:56:01.656-03:00 TRACE 20444 --- [estoque] [http-nio-8383-exec-6] o.t.s.expression.VariableExpression      : [THYMELEAF][http-nio-8383-exec-6] Evaluating variable expression: "${h}"
2026-07-01T16:56:01.656-03:00 TRACE 20444 --- [estoque] [http-nio-8383-exec-6] o.t.s.e.SPELVariableExpressionEvaluator  : [THYMELEAF][http-nio-8383-exec-6] SpringEL expression: evaluating expression "h" on target
2026-07-01T16:56:01.656-03:00 TRACE 20444 --- [estoque] [http-nio-8383-exec-6] o.t.s.expression.TextLiteralExpression   : [THYMELEAF][http-nio-8383-exec-6] Evaluating text literal: "'%; background: #ea580c;'"
2026-07-01T16:56:01.656-03:00 TRACE 20444 --- [estoque] [http-nio-8383-exec-6] o.t.s.expression.AdditionExpression      : [THYMELEAF][http-nio-8383-exec-6] Evaluating addition expression: "('height:' + ${h}) + '%; background: #ea580c;'"
2026-07-01T16:56:01.656-03:00 TRACE 20444 --- [estoque] [http-nio-8383-exec-6] o.t.s.expression.AdditionExpression      : [THYMELEAF][http-nio-8383-exec-6] Evaluating addition expression: "'height:' + ${h}"
2026-07-01T16:56:01.656-03:00 TRACE 20444 --- [estoque] [http-nio-8383-exec-6] o.t.s.expression.TextLiteralExpression   : [THYMELEAF][http-nio-8383-exec-6] Evaluating text literal: "'height:'"
2026-07-01T16:56:01.656-03:00 TRACE 20444 --- [estoque] [http-nio-8383-exec-6] o.t.s.expression.VariableExpression      : [THYMELEAF][http-nio-8383-exec-6] Evaluating variable expression: "${h}"
2026-07-01T16:56:01.656-03:00 TRACE 20444 --- [estoque] [http-nio-8383-exec-6] o.t.s.e.SPELVariableExpressionEvaluator  : [THYMELEAF][http-nio-8383-exec-6] SpringEL expression: evaluating expression "h" on target
2026-07-01T16:56:01.656-03:00 TRACE 20444 --- [estoque] [http-nio-8383-exec-6] o.t.s.expression.TextLiteralExpression   : [THYMELEAF][http-nio-8383-exec-6] Evaluating text literal: "'%; background: #ea580c;'"
2026-07-01T16:56:01.657-03:00 TRACE 20444 --- [estoque] [http-nio-8383-exec-6] o.t.s.expression.AdditionExpression      : [THYMELEAF][http-nio-8383-exec-6] Evaluating addition expression: "('height:' + ${h}) + '%; background: #ea580c;'"
2026-07-01T16:56:01.657-03:00 TRACE 20444 --- [estoque] [http-nio-8383-exec-6] o.t.s.expression.AdditionExpression      : [THYMELEAF][http-nio-8383-exec-6] Evaluating addition expression: "'height:' + ${h}"
2026-07-01T16:56:01.657-03:00 TRACE 20444 --- [estoque] [http-nio-8383-exec-6] o.t.s.expression.TextLiteralExpression   : [THYMELEAF][http-nio-8383-exec-6] Evaluating text literal: "'height:'"
2026-07-01T16:56:01.657-03:00 TRACE 20444 --- [estoque] [http-nio-8383-exec-6] o.t.s.expression.VariableExpression      : [THYMELEAF][http-nio-8383-exec-6] Evaluating variable expression: "${h}"
2026-07-01T16:56:01.657-03:00 TRACE 20444 --- [estoque] [http-nio-8383-exec-6] o.t.s.e.SPELVariableExpressionEvaluator  : [THYMELEAF][http-nio-8383-exec-6] SpringEL expression: evaluating expression "h" on target
2026-07-01T16:56:01.657-03:00 TRACE 20444 --- [estoque] [http-nio-8383-exec-6] o.t.s.expression.TextLiteralExpression   : [THYMELEAF][http-nio-8383-exec-6] Evaluating text literal: "'%; background: #ea580c;'"
2026-07-01T16:56:01.658-03:00 TRACE 20444 --- [estoque] [http-nio-8383-exec-6] o.t.s.expression.AdditionExpression      : [THYMELEAF][http-nio-8383-exec-6] Evaluating addition expression: "('height:' + ${h}) + '%; background: #ea580c;'"
2026-07-01T16:56:01.658-03:00 TRACE 20444 --- [estoque] [http-nio-8383-exec-6] o.t.s.expression.AdditionExpression      : [THYMELEAF][http-nio-8383-exec-6] Evaluating addition expression: "'height:' + ${h}"
2026-07-01T16:56:01.658-03:00 TRACE 20444 --- [estoque] [http-nio-8383-exec-6] o.t.s.expression.TextLiteralExpression   : [THYMELEAF][http-nio-8383-exec-6] Evaluating text literal: "'height:'"
2026-07-01T16:56:01.658-03:00 TRACE 20444 --- [estoque] [http-nio-8383-exec-6] o.t.s.expression.VariableExpression      : [THYMELEAF][http-nio-8383-exec-6] Evaluating variable expression: "${h}"
2026-07-01T16:56:01.658-03:00 TRACE 20444 --- [estoque] [http-nio-8383-exec-6] o.t.s.e.SPELVariableExpressionEvaluator  : [THYMELEAF][http-nio-8383-exec-6] SpringEL expression: evaluating expression "h" on target
2026-07-01T16:56:01.658-03:00 TRACE 20444 --- [estoque] [http-nio-8383-exec-6] o.t.s.expression.TextLiteralExpression   : [THYMELEAF][http-nio-8383-exec-6] Evaluating text literal: "'%; background: #ea580c;'"
2026-07-01T16:56:01.658-03:00 TRACE 20444 --- [estoque] [http-nio-8383-exec-6] o.t.s.expression.AdditionExpression      : [THYMELEAF][http-nio-8383-exec-6] Evaluating addition expression: "('height:' + ${h}) + '%; background: #ea580c;'"
2026-07-01T16:56:01.658-03:00 TRACE 20444 --- [estoque] [http-nio-8383-exec-6] o.t.s.expression.AdditionExpression      : [THYMELEAF][http-nio-8383-exec-6] Evaluating addition expression: "'height:' + ${h}"
2026-07-01T16:56:01.658-03:00 TRACE 20444 --- [estoque] [http-nio-8383-exec-6] o.t.s.expression.TextLiteralExpression   : [THYMELEAF][http-nio-8383-exec-6] Evaluating text literal: "'height:'"
2026-07-01T16:56:01.659-03:00 TRACE 20444 --- [estoque] [http-nio-8383-exec-6] o.t.s.expression.VariableExpression      : [THYMELEAF][http-nio-8383-exec-6] Evaluating variable expression: "${h}"
2026-07-01T16:56:01.659-03:00 TRACE 20444 --- [estoque] [http-nio-8383-exec-6] o.t.s.e.SPELVariableExpressionEvaluator  : [THYMELEAF][http-nio-8383-exec-6] SpringEL expression: evaluating expression "h" on target
2026-07-01T16:56:01.659-03:00 TRACE 20444 --- [estoque] [http-nio-8383-exec-6] o.t.s.expression.TextLiteralExpression   : [THYMELEAF][http-nio-8383-exec-6] Evaluating text literal: "'%; background: #ea580c;'"
2026-07-01T16:56:01.659-03:00 TRACE 20444 --- [estoque] [http-nio-8383-exec-6] o.t.s.expression.AdditionExpression      : [THYMELEAF][http-nio-8383-exec-6] Evaluating addition expression: "('height:' + ${h}) + '%; background: #ea580c;'"
2026-07-01T16:56:01.659-03:00 TRACE 20444 --- [estoque] [http-nio-8383-exec-6] o.t.s.expression.AdditionExpression      : [THYMELEAF][http-nio-8383-exec-6] Evaluating addition expression: "'height:' + ${h}"
2026-07-01T16:56:01.659-03:00 TRACE 20444 --- [estoque] [http-nio-8383-exec-6] o.t.s.expression.TextLiteralExpression   : [THYMELEAF][http-nio-8383-exec-6] Evaluating text literal: "'height:'"
2026-07-01T16:56:01.659-03:00 TRACE 20444 --- [estoque] [http-nio-8383-exec-6] o.t.s.expression.VariableExpression      : [THYMELEAF][http-nio-8383-exec-6] Evaluating variable expression: "${h}"
2026-07-01T16:56:01.660-03:00 TRACE 20444 --- [estoque] [http-nio-8383-exec-6] o.t.s.e.SPELVariableExpressionEvaluator  : [THYMELEAF][http-nio-8383-exec-6] SpringEL expression: evaluating expression "h" on target
2026-07-01T16:56:01.660-03:00 TRACE 20444 --- [estoque] [http-nio-8383-exec-6] o.t.s.expression.TextLiteralExpression   : [THYMELEAF][http-nio-8383-exec-6] Evaluating text literal: "'%; background: #ea580c;'"
2026-07-01T16:56:01.660-03:00 TRACE 20444 --- [estoque] [http-nio-8383-exec-6] o.t.s.expression.AdditionExpression      : [THYMELEAF][http-nio-8383-exec-6] Evaluating addition expression: "('height:' + ${h}) + '%; background: #ea580c;'"
2026-07-01T16:56:01.660-03:00 TRACE 20444 --- [estoque] [http-nio-8383-exec-6] o.t.s.expression.AdditionExpression      : [THYMELEAF][http-nio-8383-exec-6] Evaluating addition expression: "'height:' + ${h}"
2026-07-01T16:56:01.660-03:00 TRACE 20444 --- [estoque] [http-nio-8383-exec-6] o.t.s.expression.TextLiteralExpression   : [THYMELEAF][http-nio-8383-exec-6] Evaluating text literal: "'height:'"
2026-07-01T16:56:01.660-03:00 TRACE 20444 --- [estoque] [http-nio-8383-exec-6] o.t.s.expression.VariableExpression      : [THYMELEAF][http-nio-8383-exec-6] Evaluating variable expression: "${h}"
2026-07-01T16:56:01.660-03:00 TRACE 20444 --- [estoque] [http-nio-8383-exec-6] o.t.s.e.SPELVariableExpressionEvaluator  : [THYMELEAF][http-nio-8383-exec-6] SpringEL expression: evaluating expression "h" on target
2026-07-01T16:56:01.660-03:00 TRACE 20444 --- [estoque] [http-nio-8383-exec-6] o.t.s.expression.TextLiteralExpression   : [THYMELEAF][http-nio-8383-exec-6] Evaluating text literal: "'%; background: #ea580c;'"
2026-07-01T16:56:01.661-03:00 TRACE 20444 --- [estoque] [http-nio-8383-exec-6] o.t.s.expression.AdditionExpression      : [THYMELEAF][http-nio-8383-exec-6] Evaluating addition expression: "('height:' + ${h}) + '%; background: #ea580c;'"
2026-07-01T16:56:01.661-03:00 TRACE 20444 --- [estoque] [http-nio-8383-exec-6] o.t.s.expression.AdditionExpression      : [THYMELEAF][http-nio-8383-exec-6] Evaluating addition expression: "'height:' + ${h}"
2026-07-01T16:56:01.661-03:00 TRACE 20444 --- [estoque] [http-nio-8383-exec-6] o.t.s.expression.TextLiteralExpression   : [THYMELEAF][http-nio-8383-exec-6] Evaluating text literal: "'height:'"
2026-07-01T16:56:01.661-03:00 TRACE 20444 --- [estoque] [http-nio-8383-exec-6] o.t.s.expression.VariableExpression      : [THYMELEAF][http-nio-8383-exec-6] Evaluating variable expression: "${h}"
2026-07-01T16:56:01.661-03:00 TRACE 20444 --- [estoque] [http-nio-8383-exec-6] o.t.s.e.SPELVariableExpressionEvaluator  : [THYMELEAF][http-nio-8383-exec-6] SpringEL expression: evaluating expression "h" on target
2026-07-01T16:56:01.661-03:00 TRACE 20444 --- [estoque] [http-nio-8383-exec-6] o.t.s.expression.TextLiteralExpression   : [THYMELEAF][http-nio-8383-exec-6] Evaluating text literal: "'%; background: #ea580c;'"
2026-07-01T16:56:01.661-03:00 TRACE 20444 --- [estoque] [http-nio-8383-exec-6] o.t.s.expression.AdditionExpression      : [THYMELEAF][http-nio-8383-exec-6] Evaluating addition expression: "('height:' + ${h}) + '%; background: #ea580c;'"
2026-07-01T16:56:01.662-03:00 TRACE 20444 --- [estoque] [http-nio-8383-exec-6] o.t.s.expression.AdditionExpression      : [THYMELEAF][http-nio-8383-exec-6] Evaluating addition expression: "'height:' + ${h}"
2026-07-01T16:56:01.662-03:00 TRACE 20444 --- [estoque] [http-nio-8383-exec-6] o.t.s.expression.TextLiteralExpression   : [THYMELEAF][http-nio-8383-exec-6] Evaluating text literal: "'height:'"
2026-07-01T16:56:01.662-03:00 TRACE 20444 --- [estoque] [http-nio-8383-exec-6] o.t.s.expression.VariableExpression      : [THYMELEAF][http-nio-8383-exec-6] Evaluating variable expression: "${h}"
2026-07-01T16:56:01.662-03:00 TRACE 20444 --- [estoque] [http-nio-8383-exec-6] o.t.s.e.SPELVariableExpressionEvaluator  : [THYMELEAF][http-nio-8383-exec-6] SpringEL expression: evaluating expression "h" on target
2026-07-01T16:56:01.663-03:00 TRACE 20444 --- [estoque] [http-nio-8383-exec-6] o.t.s.expression.TextLiteralExpression   : [THYMELEAF][http-nio-8383-exec-6] Evaluating text literal: "'%; background: #ea580c;'"
2026-07-01T16:56:01.665-03:00 TRACE 20444 --- [estoque] [http-nio-8383-exec-6] o.t.s.expression.AdditionExpression      : [THYMELEAF][http-nio-8383-exec-6] Evaluating addition expression: "('height:' + ${h}) + '%; background: #ea580c;'"
2026-07-01T16:56:01.665-03:00 TRACE 20444 --- [estoque] [http-nio-8383-exec-6] o.t.s.expression.AdditionExpression      : [THYMELEAF][http-nio-8383-exec-6] Evaluating addition expression: "'height:' + ${h}"
2026-07-01T16:56:01.665-03:00 TRACE 20444 --- [estoque] [http-nio-8383-exec-6] o.t.s.expression.TextLiteralExpression   : [THYMELEAF][http-nio-8383-exec-6] Evaluating text literal: "'height:'"
2026-07-01T16:56:01.666-03:00 TRACE 20444 --- [estoque] [http-nio-8383-exec-6] o.t.s.expression.VariableExpression      : [THYMELEAF][http-nio-8383-exec-6] Evaluating variable expression: "${h}"
2026-07-01T16:56:01.666-03:00 TRACE 20444 --- [estoque] [http-nio-8383-exec-6] o.t.s.e.SPELVariableExpressionEvaluator  : [THYMELEAF][http-nio-8383-exec-6] SpringEL expression: evaluating expression "h" on target
2026-07-01T16:56:01.666-03:00 TRACE 20444 --- [estoque] [http-nio-8383-exec-6] o.t.s.expression.TextLiteralExpression   : [THYMELEAF][http-nio-8383-exec-6] Evaluating text literal: "'%; background: #ea580c;'"
2026-07-01T16:56:01.666-03:00 TRACE 20444 --- [estoque] [http-nio-8383-exec-6] o.t.e.springsecurity6.auth.AuthUtils     : [THYMELEAF][http-nio-8383-exec-6] Obtaining authentication object.
2026-07-01T16:56:01.666-03:00 TRACE 20444 --- [estoque] [http-nio-8383-exec-6] o.t.e.springsecurity6.auth.AuthUtils     : [THYMELEAF][http-nio-8383-exec-6] Authentication object of class org.springframework.security.authentication.UsernamePasswordAuthenticationToken found in context for user "master".
2026-07-01T16:56:01.666-03:00 TRACE 20444 --- [estoque] [http-nio-8383-exec-6] o.t.e.springsecurity6.auth.AuthUtils     : [THYMELEAF][http-nio-8383-exec-6] Checking authorization using access expression "hasRole('MASTER')" for user "master".
2026-07-01T16:56:01.667-03:00 TRACE 20444 --- [estoque] [http-nio-8383-exec-6] o.t.e.springsecurity6.auth.AuthUtils     : [THYMELEAF][http-nio-8383-exec-6] Checked authorization using access expression "hasRole('MASTER')" for user "master". Access GRANTED.
2026-07-01T16:56:01.667-03:00 TRACE 20444 --- [estoque] [http-nio-8383-exec-6] o.t.e.springsecurity6.auth.AuthUtils     : [THYMELEAF][http-nio-8383-exec-6] Obtaining authentication object.
2026-07-01T16:56:01.667-03:00 TRACE 20444 --- [estoque] [http-nio-8383-exec-6] o.t.e.springsecurity6.auth.AuthUtils     : [THYMELEAF][http-nio-8383-exec-6] Authentication object of class org.springframework.security.authentication.UsernamePasswordAuthenticationToken found in context for user "master".
2026-07-01T16:56:01.668-03:00 TRACE 20444 --- [estoque] [http-nio-8383-exec-6] o.t.e.springsecurity6.auth.AuthUtils     : [THYMELEAF][http-nio-8383-exec-6] Checking authorization using access expression "hasAnyRole('CLIENTES','MASTER')" for user "master".
2026-07-01T16:56:01.668-03:00 TRACE 20444 --- [estoque] [http-nio-8383-exec-6] o.t.e.springsecurity6.auth.AuthUtils     : [THYMELEAF][http-nio-8383-exec-6] Checked authorization using access expression "hasAnyRole('CLIENTES','MASTER')" for user "master". Access GRANTED.
2026-07-01T16:56:01.668-03:00 TRACE 20444 --- [estoque] [http-nio-8383-exec-6] o.t.e.springsecurity6.auth.AuthUtils     : [THYMELEAF][http-nio-8383-exec-6] Obtaining authentication object.
2026-07-01T16:56:01.668-03:00 TRACE 20444 --- [estoque] [http-nio-8383-exec-6] o.t.e.springsecurity6.auth.AuthUtils     : [THYMELEAF][http-nio-8383-exec-6] Authentication object of class org.springframework.security.authentication.UsernamePasswordAuthenticationToken found in context for user "master".
2026-07-01T16:56:01.669-03:00 TRACE 20444 --- [estoque] [http-nio-8383-exec-6] o.t.e.springsecurity6.auth.AuthUtils     : [THYMELEAF][http-nio-8383-exec-6] Checking authorization using access expression "hasAnyRole('PRODUTO','MASTER')" for user "master".
2026-07-01T16:56:01.669-03:00 TRACE 20444 --- [estoque] [http-nio-8383-exec-6] o.t.e.springsecurity6.auth.AuthUtils     : [THYMELEAF][http-nio-8383-exec-6] Checked authorization using access expression "hasAnyRole('PRODUTO','MASTER')" for user "master". Access GRANTED.
2026-07-01T16:56:01.669-03:00 TRACE 20444 --- [estoque] [http-nio-8383-exec-6] o.t.e.springsecurity6.auth.AuthUtils     : [THYMELEAF][http-nio-8383-exec-6] Obtaining authentication object.
2026-07-01T16:56:01.669-03:00 TRACE 20444 --- [estoque] [http-nio-8383-exec-6] o.t.e.springsecurity6.auth.AuthUtils     : [THYMELEAF][http-nio-8383-exec-6] Authentication object of class org.springframework.security.authentication.UsernamePasswordAuthenticationToken found in context for user "master".
2026-07-01T16:56:01.669-03:00 TRACE 20444 --- [estoque] [http-nio-8383-exec-6] o.t.e.springsecurity6.auth.AuthUtils     : [THYMELEAF][http-nio-8383-exec-6] Checking authorization using access expression "hasAnyRole('ESTOQUE','MASTER')" for user "master".
2026-07-01T16:56:01.670-03:00 TRACE 20444 --- [estoque] [http-nio-8383-exec-6] o.t.e.springsecurity6.auth.AuthUtils     : [THYMELEAF][http-nio-8383-exec-6] Checked authorization using access expression "hasAnyRole('ESTOQUE','MASTER')" for user "master". Access GRANTED.
2026-07-01T16:56:01.670-03:00 TRACE 20444 --- [estoque] [http-nio-8383-exec-6] o.t.e.springsecurity6.auth.AuthUtils     : [THYMELEAF][http-nio-8383-exec-6] Obtaining authentication object.
2026-07-01T16:56:01.671-03:00 TRACE 20444 --- [estoque] [http-nio-8383-exec-6] o.t.e.springsecurity6.auth.AuthUtils     : [THYMELEAF][http-nio-8383-exec-6] Authentication object of class org.springframework.security.authentication.UsernamePasswordAuthenticationToken found in context for user "master".
2026-07-01T16:56:01.671-03:00 TRACE 20444 --- [estoque] [http-nio-8383-exec-6] o.t.e.springsecurity6.auth.AuthUtils     : [THYMELEAF][http-nio-8383-exec-6] Checking authorization using access expression "hasAnyRole('VENDAS','MASTER')" for user "master".
2026-07-01T16:56:01.671-03:00 TRACE 20444 --- [estoque] [http-nio-8383-exec-6] o.t.e.springsecurity6.auth.AuthUtils     : [THYMELEAF][http-nio-8383-exec-6] Checked authorization using access expression "hasAnyRole('VENDAS','MASTER')" for user "master". Access GRANTED.
2026-07-01T16:56:01.671-03:00 TRACE 20444 --- [estoque] [http-nio-8383-exec-6] o.t.e.springsecurity6.auth.AuthUtils     : [THYMELEAF][http-nio-8383-exec-6] Obtaining authentication object.
2026-07-01T16:56:01.672-03:00 TRACE 20444 --- [estoque] [http-nio-8383-exec-6] o.t.e.springsecurity6.auth.AuthUtils     : [THYMELEAF][http-nio-8383-exec-6] Authentication object of class org.springframework.security.authentication.UsernamePasswordAuthenticationToken found in context for user "master".
2026-07-01T16:56:01.672-03:00 TRACE 20444 --- [estoque] [http-nio-8383-exec-6] o.t.e.springsecurity6.auth.AuthUtils     : [THYMELEAF][http-nio-8383-exec-6] Checking authorization using access expression "hasAnyRole('FINANCEIRO','MASTER')" for user "master".
2026-07-01T16:56:01.672-03:00 TRACE 20444 --- [estoque] [http-nio-8383-exec-6] o.t.e.springsecurity6.auth.AuthUtils     : [THYMELEAF][http-nio-8383-exec-6] Checked authorization using access expression "hasAnyRole('FINANCEIRO','MASTER')" for user "master". Access GRANTED.
2026-07-01T16:56:01.673-03:00 TRACE 20444 --- [estoque] [http-nio-8383-exec-6] o.t.e.springsecurity6.auth.AuthUtils     : [THYMELEAF][http-nio-8383-exec-6] Obtaining authentication object.
2026-07-01T16:56:01.673-03:00 TRACE 20444 --- [estoque] [http-nio-8383-exec-6] o.t.e.springsecurity6.auth.AuthUtils     : [THYMELEAF][http-nio-8383-exec-6] Authentication object of class org.springframework.security.authentication.UsernamePasswordAuthenticationToken found in context for user "master".
2026-07-01T16:56:01.673-03:00 TRACE 20444 --- [estoque] [http-nio-8383-exec-6] o.t.e.springsecurity6.auth.AuthUtils     : [THYMELEAF][http-nio-8383-exec-6] Checking authorization using access expression "hasAnyRole('FINANCEIRO','MASTER')" for user "master".
2026-07-01T16:56:01.674-03:00 TRACE 20444 --- [estoque] [http-nio-8383-exec-6] o.t.e.springsecurity6.auth.AuthUtils     : [THYMELEAF][http-nio-8383-exec-6] Checked authorization using access expression "hasAnyRole('FINANCEIRO','MASTER')" for user "master". Access GRANTED.
2026-07-01T16:56:01.675-03:00 TRACE 20444 --- [estoque] [http-nio-8383-exec-6] o.t.T.cache.EXPRESSION_CACHE             : [THYMELEAF][http-nio-8383-exec-6][EXPRESSION_CACHE][CACHE_HIT] Cache hit in cache "EXPRESSION_CACHE" for key "expr|'R$ ' + ${#numbers.formatDecimal(resumo.receitas, 1, 'POINT', 2, 'COMMA')}".
2026-07-01T16:56:01.676-03:00 TRACE 20444 --- [estoque] [http-nio-8383-exec-6] o.t.s.expression.AdditionExpression      : [THYMELEAF][http-nio-8383-exec-6] Evaluating addition expression: "'R$ ' + ${#numbers.formatDecimal(resumo.receitas, 1, 'POINT', 2, 'COMMA')}"
2026-07-01T16:56:01.676-03:00 TRACE 20444 --- [estoque] [http-nio-8383-exec-6] o.t.s.expression.TextLiteralExpression   : [THYMELEAF][http-nio-8383-exec-6] Evaluating text literal: "'R$ '"
2026-07-01T16:56:01.676-03:00 TRACE 20444 --- [estoque] [http-nio-8383-exec-6] o.t.s.expression.VariableExpression      : [THYMELEAF][http-nio-8383-exec-6] Evaluating variable expression: "${#numbers.formatDecimal(resumo.receitas, 1, 'POINT', 2, 'COMMA')}"
2026-07-01T16:56:01.676-03:00 TRACE 20444 --- [estoque] [http-nio-8383-exec-6] o.t.s.e.SPELVariableExpressionEvaluator  : [THYMELEAF][http-nio-8383-exec-6] SpringEL expression: evaluating expression "#numbers.formatDecimal(resumo.receitas, 1, 'POINT', 2, 'COMMA')" on target
2026-07-01T16:56:01.677-03:00 TRACE 20444 --- [estoque] [http-nio-8383-exec-6] o.t.T.cache.EXPRESSION_CACHE             : [THYMELEAF][http-nio-8383-exec-6][EXPRESSION_CACHE][CACHE_HIT] Cache hit in cache "EXPRESSION_CACHE" for key "expr|'R$ ' + ${#numbers.formatDecimal(resumo.despesas, 1, 'POINT', 2, 'COMMA')}".
2026-07-01T16:56:01.678-03:00 TRACE 20444 --- [estoque] [http-nio-8383-exec-6] o.t.s.expression.AdditionExpression      : [THYMELEAF][http-nio-8383-exec-6] Evaluating addition expression: "'R$ ' + ${#numbers.formatDecimal(resumo.despesas, 1, 'POINT', 2, 'COMMA')}"
2026-07-01T16:56:01.678-03:00 TRACE 20444 --- [estoque] [http-nio-8383-exec-6] o.t.s.expression.TextLiteralExpression   : [THYMELEAF][http-nio-8383-exec-6] Evaluating text literal: "'R$ '"
2026-07-01T16:56:01.678-03:00 TRACE 20444 --- [estoque] [http-nio-8383-exec-6] o.t.s.expression.VariableExpression      : [THYMELEAF][http-nio-8383-exec-6] Evaluating variable expression: "${#numbers.formatDecimal(resumo.despesas, 1, 'POINT', 2, 'COMMA')}"
2026-07-01T16:56:01.678-03:00 TRACE 20444 --- [estoque] [http-nio-8383-exec-6] o.t.s.e.SPELVariableExpressionEvaluator  : [THYMELEAF][http-nio-8383-exec-6] SpringEL expression: evaluating expression "#numbers.formatDecimal(resumo.despesas, 1, 'POINT', 2, 'COMMA')" on target
2026-07-01T16:56:01.679-03:00 TRACE 20444 --- [estoque] [http-nio-8383-exec-6] o.t.T.cache.EXPRESSION_CACHE             : [THYMELEAF][http-nio-8383-exec-6][EXPRESSION_CACHE][CACHE_HIT] Cache hit in cache "EXPRESSION_CACHE" for key "expr|'R$ ' + ${#numbers.formatDecimal(resumo.lucroLiquido, 1, 'POINT', 2, 'COMMA')}".
2026-07-01T16:56:01.679-03:00 TRACE 20444 --- [estoque] [http-nio-8383-exec-6] o.t.s.expression.AdditionExpression      : [THYMELEAF][http-nio-8383-exec-6] Evaluating addition expression: "'R$ ' + ${#numbers.formatDecimal(resumo.lucroLiquido, 1, 'POINT', 2, 'COMMA')}"
2026-07-01T16:56:01.679-03:00 TRACE 20444 --- [estoque] [http-nio-8383-exec-6] o.t.s.expression.TextLiteralExpression   : [THYMELEAF][http-nio-8383-exec-6] Evaluating text literal: "'R$ '"
2026-07-01T16:56:01.680-03:00 TRACE 20444 --- [estoque] [http-nio-8383-exec-6] o.t.s.expression.VariableExpression      : [THYMELEAF][http-nio-8383-exec-6] Evaluating variable expression: "${#numbers.formatDecimal(resumo.lucroLiquido, 1, 'POINT', 2, 'COMMA')}"
2026-07-01T16:56:01.680-03:00 TRACE 20444 --- [estoque] [http-nio-8383-exec-6] o.t.s.e.SPELVariableExpressionEvaluator  : [THYMELEAF][http-nio-8383-exec-6] SpringEL expression: evaluating expression "#numbers.formatDecimal(resumo.lucroLiquido, 1, 'POINT', 2, 'COMMA')" on target
2026-07-01T16:56:01.681-03:00 TRACE 20444 --- [estoque] [http-nio-8383-exec-6] o.t.T.cache.EXPRESSION_CACHE             : [THYMELEAF][http-nio-8383-exec-6][EXPRESSION_CACHE][CACHE_HIT] Cache hit in cache "EXPRESSION_CACHE" for key "expr|'background: conic-gradient(var(--primary-500) 0deg ' + ${resumo.margemPercentual * 3.6} + 'deg, var(--neutral-200) ' + ${resumo.margemPercentual * 3.6} + 'deg 360deg);'".
2026-07-01T16:56:01.681-03:00 TRACE 20444 --- [estoque] [http-nio-8383-exec-6] o.t.s.expression.AdditionExpression      : [THYMELEAF][http-nio-8383-exec-6] Evaluating addition expression: "((('background: conic-gradient(var(--primary-500) 0deg ' + ${resumo.margemPercentual * 3.6}) + 'deg, var(--neutral-200) ') + ${resumo.margemPercentual * 3.6}) + 'deg 360deg);'"
2026-07-01T16:56:01.681-03:00 TRACE 20444 --- [estoque] [http-nio-8383-exec-6] o.t.s.expression.AdditionExpression      : [THYMELEAF][http-nio-8383-exec-6] Evaluating addition expression: "(('background: conic-gradient(var(--primary-500) 0deg ' + ${resumo.margemPercentual * 3.6}) + 'deg, var(--neutral-200) ') + ${resumo.margemPercentual * 3.6}"
2026-07-01T16:56:01.681-03:00 TRACE 20444 --- [estoque] [http-nio-8383-exec-6] o.t.s.expression.AdditionExpression      : [THYMELEAF][http-nio-8383-exec-6] Evaluating addition expression: "('background: conic-gradient(var(--primary-500) 0deg ' + ${resumo.margemPercentual * 3.6}) + 'deg, var(--neutral-200) '"
2026-07-01T16:56:01.681-03:00 TRACE 20444 --- [estoque] [http-nio-8383-exec-6] o.t.s.expression.AdditionExpression      : [THYMELEAF][http-nio-8383-exec-6] Evaluating addition expression: "'background: conic-gradient(var(--primary-500) 0deg ' + ${resumo.margemPercentual * 3.6}"
2026-07-01T16:56:01.681-03:00 TRACE 20444 --- [estoque] [http-nio-8383-exec-6] o.t.s.expression.TextLiteralExpression   : [THYMELEAF][http-nio-8383-exec-6] Evaluating text literal: "'background: conic-gradient(var(--primary-500) 0deg '"
2026-07-01T16:56:01.681-03:00 TRACE 20444 --- [estoque] [http-nio-8383-exec-6] o.t.s.expression.VariableExpression      : [THYMELEAF][http-nio-8383-exec-6] Evaluating variable expression: "${resumo.margemPercentual * 3.6}"
2026-07-01T16:56:01.682-03:00 TRACE 20444 --- [estoque] [http-nio-8383-exec-6] o.t.s.e.SPELVariableExpressionEvaluator  : [THYMELEAF][http-nio-8383-exec-6] SpringEL expression: evaluating expression "resumo.margemPercentual * 3.6" on target
2026-07-01T16:56:01.682-03:00 TRACE 20444 --- [estoque] [http-nio-8383-exec-6] o.t.s.expression.TextLiteralExpression   : [THYMELEAF][http-nio-8383-exec-6] Evaluating text literal: "'deg, var(--neutral-200) '"
2026-07-01T16:56:01.682-03:00 TRACE 20444 --- [estoque] [http-nio-8383-exec-6] o.t.s.expression.VariableExpression      : [THYMELEAF][http-nio-8383-exec-6] Evaluating variable expression: "${resumo.margemPercentual * 3.6}"
2026-07-01T16:56:01.682-03:00 TRACE 20444 --- [estoque] [http-nio-8383-exec-6] o.t.s.e.SPELVariableExpressionEvaluator  : [THYMELEAF][http-nio-8383-exec-6] SpringEL expression: evaluating expression "resumo.margemPercentual * 3.6" on target
2026-07-01T16:56:01.682-03:00 TRACE 20444 --- [estoque] [http-nio-8383-exec-6] o.t.s.expression.TextLiteralExpression   : [THYMELEAF][http-nio-8383-exec-6] Evaluating text literal: "'deg 360deg);'"
2026-07-01T16:56:01.683-03:00 TRACE 20444 --- [estoque] [http-nio-8383-exec-6] o.t.T.cache.EXPRESSION_CACHE             : [THYMELEAF][http-nio-8383-exec-6][EXPRESSION_CACHE][CACHE_HIT] Cache hit in cache "EXPRESSION_CACHE" for key "expr|${resumo.margemPercentual} + '%'".
2026-07-01T16:56:01.683-03:00 TRACE 20444 --- [estoque] [http-nio-8383-exec-6] o.t.s.expression.AdditionExpression      : [THYMELEAF][http-nio-8383-exec-6] Evaluating addition expression: "${resumo.margemPercentual} + '%'"
2026-07-01T16:56:01.683-03:00 TRACE 20444 --- [estoque] [http-nio-8383-exec-6] o.t.s.expression.VariableExpression      : [THYMELEAF][http-nio-8383-exec-6] Evaluating variable expression: "${resumo.margemPercentual}"
2026-07-01T16:56:01.683-03:00 TRACE 20444 --- [estoque] [http-nio-8383-exec-6] o.t.s.e.SPELVariableExpressionEvaluator  : [THYMELEAF][http-nio-8383-exec-6] SpringEL expression: evaluating expression "resumo.margemPercentual" on target
2026-07-01T16:56:01.683-03:00 TRACE 20444 --- [estoque] [http-nio-8383-exec-6] o.t.s.expression.TextLiteralExpression   : [THYMELEAF][http-nio-8383-exec-6] Evaluating text literal: "'%'"
2026-07-01T16:56:01.684-03:00 TRACE 20444 --- [estoque] [http-nio-8383-exec-6] org.thymeleaf.TemplateEngine             : [THYMELEAF][http-nio-8383-exec-6] FINISHED PROCESS AND OUTPUT OF TEMPLATE "Dashboard" WITH LOCALE pt_BR
2026-07-01T16:56:01.685-03:00 TRACE 20444 --- [estoque] [http-nio-8383-exec-6] org.thymeleaf.TemplateEngine.TIMER       : [THYMELEAF][http-nio-8383-exec-6][Dashboard][pt_BR][83963300][84] TEMPLATE "Dashboard" WITH LOCALE pt_BR PROCESSED IN 83963300 nanoseconds (approx. 84ms)
2026-07-01T16:56:01.686-03:00 DEBUG 20444 --- [estoque] [http-nio-8383-exec-6] o.s.web.servlet.DispatcherServlet        : Completed 200 OK
2026-07-01T16:56:01.695-03:00 DEBUG 20444 --- [estoque] [http-nio-8383-exec-7] o.s.web.servlet.DispatcherServlet        : GET "/api/resumo-financeiro?periodo=mes", parameters={masked}
2026-07-01T16:56:01.697-03:00 DEBUG 20444 --- [estoque] [http-nio-8383-exec-7] s.w.s.m.m.a.RequestMappingHandlerMapping : Mapped to com.expedicao.estoque.controller.DashboardController#resumoFinanceiroApi(String)
2026-07-01T16:56:01.704-03:00 DEBUG 20444 --- [estoque] [http-nio-8383-exec-7] m.m.a.RequestResponseBodyMethodProcessor : Using 'application/json', given [*/*] and supported [application/json]
2026-07-01T16:56:01.704-03:00 DEBUG 20444 --- [estoque] [http-nio-8383-exec-7] m.m.a.RequestResponseBodyMethodProcessor : Writing [com.expedicao.estoque.dto.ResumoFinanceiroDTO@3a707366]
2026-07-01T16:56:01.705-03:00 DEBUG 20444 --- [estoque] [http-nio-8383-exec-7] o.s.web.servlet.DispatcherServlet        : Completed 200 OK
2026-07-01T16:56:02.802-03:00 DEBUG 20444 --- [estoque] [http-nio-8383-exec-8] o.s.web.servlet.DispatcherServlet        : GET "/financeiro/dashboardFinanceiro", parameters={}
2026-07-01T16:56:02.802-03:00 DEBUG 20444 --- [estoque] [http-nio-8383-exec-8] s.w.s.m.m.a.RequestMappingHandlerMapping : Mapped to com.expedicao.estoque.controller.FinanceiroController#dashboardFinanceiro()
2026-07-01T16:56:02.803-03:00 TRACE 20444 --- [estoque] [http-nio-8383-exec-8] o.t.spring6.view.ThymeleafViewResolver   : [THYMELEAF] View dashboardFinanceiro will be handled by ThymeleafViewResolver and a ThymeleafView instance will be created for it
2026-07-01T16:56:02.804-03:00 TRACE 20444 --- [estoque] [http-nio-8383-exec-8] o.t.spring6.view.ThymeleafViewResolver   : [THYMELEAF] View dashboardFinanceiro.xml will be handled by ThymeleafViewResolver and a ThymeleafView instance will be created for it
2026-07-01T16:56:02.804-03:00 DEBUG 20444 --- [estoque] [http-nio-8383-exec-8] o.s.w.s.v.ContentNegotiatingViewResolver : Selected 'text/html' given [text/html, application/xhtml+xml, image/avif, image/webp, image/apng, application/xml;q=0.9, */*;q=0.8, application/signed-exchange;v=b3;q=0.7]
2026-07-01T16:56:02.805-03:00 TRACE 20444 --- [estoque] [http-nio-8383-exec-8] org.thymeleaf.TemplateEngine             : [THYMELEAF][http-nio-8383-exec-8] STARTING PROCESS OF TEMPLATE "dashboardFinanceiro" WITH LOCALE pt_BR
2026-07-01T16:56:02.805-03:00 TRACE 20444 --- [estoque] [http-nio-8383-exec-8] o.t.TemplateEngine.cache.TEMPLATE_CACHE  : [THYMELEAF][http-nio-8383-exec-8][TEMPLATE_CACHE][CACHE_MISS] Cache miss in cache "TEMPLATE_CACHE" for key "dashboardFinanceiro".
2026-07-01T16:56:02.805-03:00 TRACE 20444 --- [estoque] [http-nio-8383-exec-8] org.thymeleaf.engine.TemplateManager     : [THYMELEAF][http-nio-8383-exec-8] Template resolver match! Resolver "org.thymeleaf.spring6.templateresolver.SpringResourceTemplateResolver" will resolve template "dashboardFinanceiro"
2026-07-01T16:56:02.808-03:00 TRACE 20444 --- [estoque] [http-nio-8383-exec-8] o.t.e.springsecurity6.auth.AuthUtils     : [THYMELEAF][http-nio-8383-exec-8] Obtaining authentication object.
2026-07-01T16:56:02.808-03:00 TRACE 20444 --- [estoque] [http-nio-8383-exec-8] o.t.e.springsecurity6.auth.AuthUtils     : [THYMELEAF][http-nio-8383-exec-8] Authentication object of class org.springframework.security.authentication.UsernamePasswordAuthenticationToken found in context for user "master".
2026-07-01T16:56:02.808-03:00 TRACE 20444 --- [estoque] [http-nio-8383-exec-8] o.t.e.springsecurity6.auth.AuthUtils     : [THYMELEAF][http-nio-8383-exec-8] Checking authorization using access expression "hasRole('MASTER')" for user "master".
2026-07-01T16:56:02.809-03:00 TRACE 20444 --- [estoque] [http-nio-8383-exec-8] o.t.e.springsecurity6.auth.AuthUtils     : [THYMELEAF][http-nio-8383-exec-8] Checked authorization using access expression "hasRole('MASTER')" for user "master". Access GRANTED.
2026-07-01T16:56:02.809-03:00 TRACE 20444 --- [estoque] [http-nio-8383-exec-8] o.t.e.springsecurity6.auth.AuthUtils     : [THYMELEAF][http-nio-8383-exec-8] Obtaining authentication object.
2026-07-01T16:56:02.809-03:00 TRACE 20444 --- [estoque] [http-nio-8383-exec-8] o.t.e.springsecurity6.auth.AuthUtils     : [THYMELEAF][http-nio-8383-exec-8] Authentication object of class org.springframework.security.authentication.UsernamePasswordAuthenticationToken found in context for user "master".
2026-07-01T16:56:02.809-03:00 TRACE 20444 --- [estoque] [http-nio-8383-exec-8] o.t.e.springsecurity6.auth.AuthUtils     : [THYMELEAF][http-nio-8383-exec-8] Checking authorization using access expression "hasAnyRole('CLIENTES','MASTER')" for user "master".
2026-07-01T16:56:02.810-03:00 TRACE 20444 --- [estoque] [http-nio-8383-exec-8] o.t.e.springsecurity6.auth.AuthUtils     : [THYMELEAF][http-nio-8383-exec-8] Checked authorization using access expression "hasAnyRole('CLIENTES','MASTER')" for user "master". Access GRANTED.
2026-07-01T16:56:02.810-03:00 TRACE 20444 --- [estoque] [http-nio-8383-exec-8] o.t.e.springsecurity6.auth.AuthUtils     : [THYMELEAF][http-nio-8383-exec-8] Obtaining authentication object.
2026-07-01T16:56:02.810-03:00 TRACE 20444 --- [estoque] [http-nio-8383-exec-8] o.t.e.springsecurity6.auth.AuthUtils     : [THYMELEAF][http-nio-8383-exec-8] Authentication object of class org.springframework.security.authentication.UsernamePasswordAuthenticationToken found in context for user "master".
2026-07-01T16:56:02.810-03:00 TRACE 20444 --- [estoque] [http-nio-8383-exec-8] o.t.e.springsecurity6.auth.AuthUtils     : [THYMELEAF][http-nio-8383-exec-8] Checking authorization using access expression "hasAnyRole('PRODUTO','MASTER')" for user "master".
2026-07-01T16:56:02.811-03:00 TRACE 20444 --- [estoque] [http-nio-8383-exec-8] o.t.e.springsecurity6.auth.AuthUtils     : [THYMELEAF][http-nio-8383-exec-8] Checked authorization using access expression "hasAnyRole('PRODUTO','MASTER')" for user "master". Access GRANTED.
2026-07-01T16:56:02.811-03:00 TRACE 20444 --- [estoque] [http-nio-8383-exec-8] o.t.e.springsecurity6.auth.AuthUtils     : [THYMELEAF][http-nio-8383-exec-8] Obtaining authentication object.
2026-07-01T16:56:02.811-03:00 TRACE 20444 --- [estoque] [http-nio-8383-exec-8] o.t.e.springsecurity6.auth.AuthUtils     : [THYMELEAF][http-nio-8383-exec-8] Authentication object of class org.springframework.security.authentication.UsernamePasswordAuthenticationToken found in context for user "master".
2026-07-01T16:56:02.811-03:00 TRACE 20444 --- [estoque] [http-nio-8383-exec-8] o.t.e.springsecurity6.auth.AuthUtils     : [THYMELEAF][http-nio-8383-exec-8] Checking authorization using access expression "hasAnyRole('ESTOQUE','MASTER')" for user "master".
2026-07-01T16:56:02.812-03:00 TRACE 20444 --- [estoque] [http-nio-8383-exec-8] o.t.e.springsecurity6.auth.AuthUtils     : [THYMELEAF][http-nio-8383-exec-8] Checked authorization using access expression "hasAnyRole('ESTOQUE','MASTER')" for user "master". Access GRANTED.
2026-07-01T16:56:02.812-03:00 TRACE 20444 --- [estoque] [http-nio-8383-exec-8] o.t.e.springsecurity6.auth.AuthUtils     : [THYMELEAF][http-nio-8383-exec-8] Obtaining authentication object.
2026-07-01T16:56:02.812-03:00 TRACE 20444 --- [estoque] [http-nio-8383-exec-8] o.t.e.springsecurity6.auth.AuthUtils     : [THYMELEAF][http-nio-8383-exec-8] Authentication object of class org.springframework.security.authentication.UsernamePasswordAuthenticationToken found in context for user "master".
2026-07-01T16:56:02.812-03:00 TRACE 20444 --- [estoque] [http-nio-8383-exec-8] o.t.e.springsecurity6.auth.AuthUtils     : [THYMELEAF][http-nio-8383-exec-8] Checking authorization using access expression "hasAnyRole('VENDAS','MASTER')" for user "master".
2026-07-01T16:56:02.813-03:00 TRACE 20444 --- [estoque] [http-nio-8383-exec-8] o.t.e.springsecurity6.auth.AuthUtils     : [THYMELEAF][http-nio-8383-exec-8] Checked authorization using access expression "hasAnyRole('VENDAS','MASTER')" for user "master". Access GRANTED.
2026-07-01T16:56:02.814-03:00 TRACE 20444 --- [estoque] [http-nio-8383-exec-8] o.t.e.springsecurity6.auth.AuthUtils     : [THYMELEAF][http-nio-8383-exec-8] Obtaining authentication object.
2026-07-01T16:56:02.814-03:00 TRACE 20444 --- [estoque] [http-nio-8383-exec-8] o.t.e.springsecurity6.auth.AuthUtils     : [THYMELEAF][http-nio-8383-exec-8] Authentication object of class org.springframework.security.authentication.UsernamePasswordAuthenticationToken found in context for user "master".
2026-07-01T16:56:02.815-03:00 TRACE 20444 --- [estoque] [http-nio-8383-exec-8] o.t.e.springsecurity6.auth.AuthUtils     : [THYMELEAF][http-nio-8383-exec-8] Checking authorization using access expression "hasAnyRole('FINANCEIRO','MASTER')" for user "master".
2026-07-01T16:56:02.817-03:00 TRACE 20444 --- [estoque] [http-nio-8383-exec-8] o.t.e.springsecurity6.auth.AuthUtils     : [THYMELEAF][http-nio-8383-exec-8] Checked authorization using access expression "hasAnyRole('FINANCEIRO','MASTER')" for user "master". Access GRANTED.
2026-07-01T16:56:02.818-03:00 TRACE 20444 --- [estoque] [http-nio-8383-exec-8] o.t.e.springsecurity6.auth.AuthUtils     : [THYMELEAF][http-nio-8383-exec-8] Obtaining authentication object.
2026-07-01T16:56:02.818-03:00 TRACE 20444 --- [estoque] [http-nio-8383-exec-8] o.t.e.springsecurity6.auth.AuthUtils     : [THYMELEAF][http-nio-8383-exec-8] Authentication object of class org.springframework.security.authentication.UsernamePasswordAuthenticationToken found in context for user "master".
2026-07-01T16:56:02.818-03:00 TRACE 20444 --- [estoque] [http-nio-8383-exec-8] o.t.e.springsecurity6.auth.AuthUtils     : [THYMELEAF][http-nio-8383-exec-8] Checking authorization using access expression "hasAnyRole('FINANCEIRO','MASTER')" for user "master".
2026-07-01T16:56:02.819-03:00 TRACE 20444 --- [estoque] [http-nio-8383-exec-8] o.t.e.springsecurity6.auth.AuthUtils     : [THYMELEAF][http-nio-8383-exec-8] Checked authorization using access expression "hasAnyRole('FINANCEIRO','MASTER')" for user "master". Access GRANTED.
2026-07-01T16:56:02.819-03:00 TRACE 20444 --- [estoque] [http-nio-8383-exec-8] o.t.T.cache.EXPRESSION_CACHE             : [THYMELEAF][http-nio-8383-exec-8][EXPRESSION_CACHE][CACHE_HIT] Cache hit in cache "EXPRESSION_CACHE" for key "expr|@{/logout}".
2026-07-01T16:56:02.819-03:00 TRACE 20444 --- [estoque] [http-nio-8383-exec-8] o.t.standard.expression.LinkExpression   : [THYMELEAF][http-nio-8383-exec-8] Evaluating link: "@{'/logout'}"
2026-07-01T16:56:02.820-03:00 TRACE 20444 --- [estoque] [http-nio-8383-exec-8] o.t.s.expression.TextLiteralExpression   : [THYMELEAF][http-nio-8383-exec-8] Evaluating text literal: "'/logout'"
2026-07-01T16:56:02.822-03:00 TRACE 20444 --- [estoque] [http-nio-8383-exec-8] org.thymeleaf.TemplateEngine             : [THYMELEAF][http-nio-8383-exec-8] FINISHED PROCESS AND OUTPUT OF TEMPLATE "dashboardFinanceiro" WITH LOCALE pt_BR
2026-07-01T16:56:02.822-03:00 TRACE 20444 --- [estoque] [http-nio-8383-exec-8] org.thymeleaf.TemplateEngine.TIMER       : [THYMELEAF][http-nio-8383-exec-8][dashboardFinanceiro][pt_BR][17517800][18] TEMPLATE "dashboardFinanceiro" WITH LOCALE pt_BR PROCESSED IN 17517800 nanoseconds (approx. 18ms)
2026-07-01T16:56:02.822-03:00 DEBUG 20444 --- [estoque] [http-nio-8383-exec-8] o.s.web.servlet.DispatcherServlet        : Completed 200 OK
2026-07-01T16:56:05.181-03:00 DEBUG 20444 --- [estoque] [http-nio-8383-exec-9] o.s.web.servlet.DispatcherServlet        : GET "/contas-pagar", parameters={}
2026-07-01T16:56:05.181-03:00 DEBUG 20444 --- [estoque] [http-nio-8383-exec-9] s.w.s.m.m.a.RequestMappingHandlerMapping : Mapped to com.expedicao.estoque.controller.ContaPagarController#listar(Model)
2026-07-01T16:56:05.192-03:00 TRACE 20444 --- [estoque] [http-nio-8383-exec-9] o.t.spring6.view.ThymeleafViewResolver   : [THYMELEAF] View contaspagar will be handled by ThymeleafViewResolver and a ThymeleafView instance will be created for it
2026-07-01T16:56:05.193-03:00 TRACE 20444 --- [estoque] [http-nio-8383-exec-9] o.t.spring6.view.ThymeleafViewResolver   : [THYMELEAF] View contaspagar.xml will be handled by ThymeleafViewResolver and a ThymeleafView instance will be created for it
2026-07-01T16:56:05.193-03:00 DEBUG 20444 --- [estoque] [http-nio-8383-exec-9] o.s.w.s.v.ContentNegotiatingViewResolver : Selected 'text/html' given [text/html, application/xhtml+xml, image/avif, image/webp, image/apng, application/xml;q=0.9, */*;q=0.8, application/signed-exchange;v=b3;q=0.7]
2026-07-01T16:56:05.193-03:00 TRACE 20444 --- [estoque] [http-nio-8383-exec-9] org.thymeleaf.TemplateEngine             : [THYMELEAF][http-nio-8383-exec-9] STARTING PROCESS OF TEMPLATE "contaspagar" WITH LOCALE pt_BR
2026-07-01T16:56:05.194-03:00 TRACE 20444 --- [estoque] [http-nio-8383-exec-9] o.t.TemplateEngine.cache.TEMPLATE_CACHE  : [THYMELEAF][http-nio-8383-exec-9][TEMPLATE_CACHE][CACHE_MISS] Cache miss in cache "TEMPLATE_CACHE" for key "contaspagar".
2026-07-01T16:56:05.194-03:00 TRACE 20444 --- [estoque] [http-nio-8383-exec-9] org.thymeleaf.engine.TemplateManager     : [THYMELEAF][http-nio-8383-exec-9] Template resolver match! Resolver "org.thymeleaf.spring6.templateresolver.SpringResourceTemplateResolver" will resolve template "contaspagar"
2026-07-01T16:56:05.196-03:00 TRACE 20444 --- [estoque] [http-nio-8383-exec-9] o.t.e.springsecurity6.auth.AuthUtils     : [THYMELEAF][http-nio-8383-exec-9] Obtaining authentication object.
2026-07-01T16:56:05.196-03:00 TRACE 20444 --- [estoque] [http-nio-8383-exec-9] o.t.e.springsecurity6.auth.AuthUtils     : [THYMELEAF][http-nio-8383-exec-9] Authentication object of class org.springframework.security.authentication.UsernamePasswordAuthenticationToken found in context for user "master".
2026-07-01T16:56:05.196-03:00 TRACE 20444 --- [estoque] [http-nio-8383-exec-9] o.t.e.springsecurity6.auth.AuthUtils     : [THYMELEAF][http-nio-8383-exec-9] Checking authorization using access expression "hasRole('MASTER')" for user "master".
2026-07-01T16:56:05.197-03:00 TRACE 20444 --- [estoque] [http-nio-8383-exec-9] o.t.e.springsecurity6.auth.AuthUtils     : [THYMELEAF][http-nio-8383-exec-9] Checked authorization using access expression "hasRole('MASTER')" for user "master". Access GRANTED.
2026-07-01T16:56:05.197-03:00 TRACE 20444 --- [estoque] [http-nio-8383-exec-9] o.t.e.springsecurity6.auth.AuthUtils     : [THYMELEAF][http-nio-8383-exec-9] Obtaining authentication object.
2026-07-01T16:56:05.197-03:00 TRACE 20444 --- [estoque] [http-nio-8383-exec-9] o.t.e.springsecurity6.auth.AuthUtils     : [THYMELEAF][http-nio-8383-exec-9] Authentication object of class org.springframework.security.authentication.UsernamePasswordAuthenticationToken found in context for user "master".
2026-07-01T16:56:05.197-03:00 TRACE 20444 --- [estoque] [http-nio-8383-exec-9] o.t.e.springsecurity6.auth.AuthUtils     : [THYMELEAF][http-nio-8383-exec-9] Checking authorization using access expression "hasAnyRole('CLIENTES','MASTER')" for user "master".
2026-07-01T16:56:05.198-03:00 TRACE 20444 --- [estoque] [http-nio-8383-exec-9] o.t.e.springsecurity6.auth.AuthUtils     : [THYMELEAF][http-nio-8383-exec-9] Checked authorization using access expression "hasAnyRole('CLIENTES','MASTER')" for user "master". Access GRANTED.
2026-07-01T16:56:05.198-03:00 TRACE 20444 --- [estoque] [http-nio-8383-exec-9] o.t.e.springsecurity6.auth.AuthUtils     : [THYMELEAF][http-nio-8383-exec-9] Obtaining authentication object.
2026-07-01T16:56:05.198-03:00 TRACE 20444 --- [estoque] [http-nio-8383-exec-9] o.t.e.springsecurity6.auth.AuthUtils     : [THYMELEAF][http-nio-8383-exec-9] Authentication object of class org.springframework.security.authentication.UsernamePasswordAuthenticationToken found in context for user "master".
2026-07-01T16:56:05.199-03:00 TRACE 20444 --- [estoque] [http-nio-8383-exec-9] o.t.e.springsecurity6.auth.AuthUtils     : [THYMELEAF][http-nio-8383-exec-9] Checking authorization using access expression "hasAnyRole('PRODUTO','MASTER')" for user "master".
2026-07-01T16:56:05.199-03:00 TRACE 20444 --- [estoque] [http-nio-8383-exec-9] o.t.e.springsecurity6.auth.AuthUtils     : [THYMELEAF][http-nio-8383-exec-9] Checked authorization using access expression "hasAnyRole('PRODUTO','MASTER')" for user "master". Access GRANTED.
2026-07-01T16:56:05.199-03:00 TRACE 20444 --- [estoque] [http-nio-8383-exec-9] o.t.e.springsecurity6.auth.AuthUtils     : [THYMELEAF][http-nio-8383-exec-9] Obtaining authentication object.
2026-07-01T16:56:05.199-03:00 TRACE 20444 --- [estoque] [http-nio-8383-exec-9] o.t.e.springsecurity6.auth.AuthUtils     : [THYMELEAF][http-nio-8383-exec-9] Authentication object of class org.springframework.security.authentication.UsernamePasswordAuthenticationToken found in context for user "master".
2026-07-01T16:56:05.199-03:00 TRACE 20444 --- [estoque] [http-nio-8383-exec-9] o.t.e.springsecurity6.auth.AuthUtils     : [THYMELEAF][http-nio-8383-exec-9] Checking authorization using access expression "hasAnyRole('ESTOQUE','MASTER')" for user "master".
2026-07-01T16:56:05.200-03:00 TRACE 20444 --- [estoque] [http-nio-8383-exec-9] o.t.e.springsecurity6.auth.AuthUtils     : [THYMELEAF][http-nio-8383-exec-9] Checked authorization using access expression "hasAnyRole('ESTOQUE','MASTER')" for user "master". Access GRANTED.
2026-07-01T16:56:05.200-03:00 TRACE 20444 --- [estoque] [http-nio-8383-exec-9] o.t.e.springsecurity6.auth.AuthUtils     : [THYMELEAF][http-nio-8383-exec-9] Obtaining authentication object.
2026-07-01T16:56:05.200-03:00 TRACE 20444 --- [estoque] [http-nio-8383-exec-9] o.t.e.springsecurity6.auth.AuthUtils     : [THYMELEAF][http-nio-8383-exec-9] Authentication object of class org.springframework.security.authentication.UsernamePasswordAuthenticationToken found in context for user "master".
2026-07-01T16:56:05.200-03:00 TRACE 20444 --- [estoque] [http-nio-8383-exec-9] o.t.e.springsecurity6.auth.AuthUtils     : [THYMELEAF][http-nio-8383-exec-9] Checking authorization using access expression "hasAnyRole('VENDAS','MASTER')" for user "master".
2026-07-01T16:56:05.201-03:00 TRACE 20444 --- [estoque] [http-nio-8383-exec-9] o.t.e.springsecurity6.auth.AuthUtils     : [THYMELEAF][http-nio-8383-exec-9] Checked authorization using access expression "hasAnyRole('VENDAS','MASTER')" for user "master". Access GRANTED.
2026-07-01T16:56:05.201-03:00 TRACE 20444 --- [estoque] [http-nio-8383-exec-9] o.t.e.springsecurity6.auth.AuthUtils     : [THYMELEAF][http-nio-8383-exec-9] Obtaining authentication object.
2026-07-01T16:56:05.201-03:00 TRACE 20444 --- [estoque] [http-nio-8383-exec-9] o.t.e.springsecurity6.auth.AuthUtils     : [THYMELEAF][http-nio-8383-exec-9] Authentication object of class org.springframework.security.authentication.UsernamePasswordAuthenticationToken found in context for user "master".
2026-07-01T16:56:05.202-03:00 TRACE 20444 --- [estoque] [http-nio-8383-exec-9] o.t.e.springsecurity6.auth.AuthUtils     : [THYMELEAF][http-nio-8383-exec-9] Checking authorization using access expression "hasAnyRole('FINANCEIRO','MASTER')" for user "master".
2026-07-01T16:56:05.202-03:00 TRACE 20444 --- [estoque] [http-nio-8383-exec-9] o.t.e.springsecurity6.auth.AuthUtils     : [THYMELEAF][http-nio-8383-exec-9] Checked authorization using access expression "hasAnyRole('FINANCEIRO','MASTER')" for user "master". Access GRANTED.
2026-07-01T16:56:05.203-03:00 TRACE 20444 --- [estoque] [http-nio-8383-exec-9] o.t.e.springsecurity6.auth.AuthUtils     : [THYMELEAF][http-nio-8383-exec-9] Obtaining authentication object.
2026-07-01T16:56:05.203-03:00 TRACE 20444 --- [estoque] [http-nio-8383-exec-9] o.t.e.springsecurity6.auth.AuthUtils     : [THYMELEAF][http-nio-8383-exec-9] Authentication object of class org.springframework.security.authentication.UsernamePasswordAuthenticationToken found in context for user "master".
2026-07-01T16:56:05.203-03:00 TRACE 20444 --- [estoque] [http-nio-8383-exec-9] o.t.e.springsecurity6.auth.AuthUtils     : [THYMELEAF][http-nio-8383-exec-9] Checking authorization using access expression "hasAnyRole('FINANCEIRO','MASTER')" for user "master".
2026-07-01T16:56:05.204-03:00 TRACE 20444 --- [estoque] [http-nio-8383-exec-9] o.t.e.springsecurity6.auth.AuthUtils     : [THYMELEAF][http-nio-8383-exec-9] Checked authorization using access expression "hasAnyRole('FINANCEIRO','MASTER')" for user "master". Access GRANTED.
2026-07-01T16:56:05.205-03:00 TRACE 20444 --- [estoque] [http-nio-8383-exec-9] o.t.T.cache.EXPRESSION_CACHE             : [THYMELEAF][http-nio-8383-exec-9][EXPRESSION_CACHE][CACHE_HIT] Cache hit in cache "EXPRESSION_CACHE" for key "expr|@{/logout}".
2026-07-01T16:56:05.205-03:00 TRACE 20444 --- [estoque] [http-nio-8383-exec-9] o.t.standard.expression.LinkExpression   : [THYMELEAF][http-nio-8383-exec-9] Evaluating link: "@{'/logout'}"
2026-07-01T16:56:05.205-03:00 TRACE 20444 --- [estoque] [http-nio-8383-exec-9] o.t.s.expression.TextLiteralExpression   : [THYMELEAF][http-nio-8383-exec-9] Evaluating text literal: "'/logout'"
2026-07-01T16:56:05.205-03:00 TRACE 20444 --- [estoque] [http-nio-8383-exec-9] o.t.T.cache.EXPRESSION_CACHE             : [THYMELEAF][http-nio-8383-exec-9][EXPRESSION_CACHE][CACHE_HIT] Cache hit in cache "EXPRESSION_CACHE" for key "expr|${erro}".
2026-07-01T16:56:05.206-03:00 TRACE 20444 --- [estoque] [http-nio-8383-exec-9] o.t.s.expression.VariableExpression      : [THYMELEAF][http-nio-8383-exec-9] Evaluating variable expression: "${erro}"
2026-07-01T16:56:05.206-03:00 TRACE 20444 --- [estoque] [http-nio-8383-exec-9] o.t.s.e.SPELVariableExpressionEvaluator  : [THYMELEAF][http-nio-8383-exec-9] SpringEL expression: evaluating expression "erro" on target
2026-07-01T16:56:05.206-03:00 TRACE 20444 --- [estoque] [http-nio-8383-exec-9] o.t.T.cache.EXPRESSION_CACHE             : [THYMELEAF][http-nio-8383-exec-9][EXPRESSION_CACHE][CACHE_HIT] Cache hit in cache "EXPRESSION_CACHE" for key "expr|${#lists.isEmpty(contas)}".
2026-07-01T16:56:05.206-03:00 TRACE 20444 --- [estoque] [http-nio-8383-exec-9] o.t.s.expression.VariableExpression      : [THYMELEAF][http-nio-8383-exec-9] Evaluating variable expression: "${#lists.isEmpty(contas)}"
2026-07-01T16:56:05.206-03:00 TRACE 20444 --- [estoque] [http-nio-8383-exec-9] o.t.s.e.SPELVariableExpressionEvaluator  : [THYMELEAF][http-nio-8383-exec-9] SpringEL expression: evaluating expression "#lists.isEmpty(contas)" on target
2026-07-01T16:56:05.207-03:00 TRACE 20444 --- [estoque] [http-nio-8383-exec-9] o.t.T.cache.EXPRESSION_CACHE             : [THYMELEAF][http-nio-8383-exec-9][EXPRESSION_CACHE][CACHE_HIT] Cache hit in cache "EXPRESSION_CACHE" for key "each|conta : ${contas}".
2026-07-01T16:56:05.207-03:00 TRACE 20444 --- [estoque] [http-nio-8383-exec-9] o.t.s.expression.GenericTokenExpression  : [THYMELEAF][http-nio-8383-exec-9] Evaluating generic token: "conta"
2026-07-01T16:56:05.207-03:00 TRACE 20444 --- [estoque] [http-nio-8383-exec-9] o.t.s.expression.VariableExpression      : [THYMELEAF][http-nio-8383-exec-9] Evaluating variable expression: "${contas}"
2026-07-01T16:56:05.207-03:00 TRACE 20444 --- [estoque] [http-nio-8383-exec-9] o.t.s.e.SPELVariableExpressionEvaluator  : [THYMELEAF][http-nio-8383-exec-9] SpringEL expression: evaluating expression "contas" on target
2026-07-01T16:56:05.208-03:00 TRACE 20444 --- [estoque] [http-nio-8383-exec-9] o.t.T.cache.EXPRESSION_CACHE             : [THYMELEAF][http-nio-8383-exec-9][EXPRESSION_CACHE][CACHE_HIT] Cache hit in cache "EXPRESSION_CACHE" for key "expr|${conta.id}".
2026-07-01T16:56:05.208-03:00 TRACE 20444 --- [estoque] [http-nio-8383-exec-9] o.t.s.expression.VariableExpression      : [THYMELEAF][http-nio-8383-exec-9] Evaluating variable expression: "${conta.id}"
2026-07-01T16:56:05.208-03:00 TRACE 20444 --- [estoque] [http-nio-8383-exec-9] o.t.s.e.SPELVariableExpressionEvaluator  : [THYMELEAF][http-nio-8383-exec-9] SpringEL expression: evaluating expression "conta.id" on target
2026-07-01T16:56:05.208-03:00 TRACE 20444 --- [estoque] [http-nio-8383-exec-9] o.t.T.cache.EXPRESSION_CACHE             : [THYMELEAF][http-nio-8383-exec-9][EXPRESSION_CACHE][CACHE_HIT] Cache hit in cache "EXPRESSION_CACHE" for key "expr|${conta.fornecedor != null ? conta.fornecedor.razaoSocial : 'SEM FORNECEDOR'}".
2026-07-01T16:56:05.208-03:00 TRACE 20444 --- [estoque] [http-nio-8383-exec-9] o.t.s.expression.VariableExpression      : [THYMELEAF][http-nio-8383-exec-9] Evaluating variable expression: "${conta.fornecedor != null ? conta.fornecedor.razaoSocial : 'SEM FORNECEDOR'}"
2026-07-01T16:56:05.209-03:00 TRACE 20444 --- [estoque] [http-nio-8383-exec-9] o.t.s.e.SPELVariableExpressionEvaluator  : [THYMELEAF][http-nio-8383-exec-9] SpringEL expression: evaluating expression "conta.fornecedor != null ? conta.fornecedor.razaoSocial : 'SEM FORNECEDOR'" on target
2026-07-01T16:56:05.209-03:00 TRACE 20444 --- [estoque] [http-nio-8383-exec-9] o.t.T.cache.EXPRESSION_CACHE             : [THYMELEAF][http-nio-8383-exec-9][EXPRESSION_CACHE][CACHE_HIT] Cache hit in cache "EXPRESSION_CACHE" for key "expr|${#numbers.formatDecimal(conta.valor,1,'POINT',2,'COMMA')}".
2026-07-01T16:56:05.209-03:00 TRACE 20444 --- [estoque] [http-nio-8383-exec-9] o.t.s.expression.VariableExpression      : [THYMELEAF][http-nio-8383-exec-9] Evaluating variable expression: "${#numbers.formatDecimal(conta.valor,1,'POINT',2,'COMMA')}"
2026-07-01T16:56:05.209-03:00 TRACE 20444 --- [estoque] [http-nio-8383-exec-9] o.t.s.e.SPELVariableExpressionEvaluator  : [THYMELEAF][http-nio-8383-exec-9] SpringEL expression: evaluating expression "#numbers.formatDecimal(conta.valor,1,'POINT',2,'COMMA')" on target
2026-07-01T16:56:05.209-03:00 TRACE 20444 --- [estoque] [http-nio-8383-exec-9] o.t.T.cache.EXPRESSION_CACHE             : [THYMELEAF][http-nio-8383-exec-9][EXPRESSION_CACHE][CACHE_HIT] Cache hit in cache "EXPRESSION_CACHE" for key "expr|${conta.valor}".
2026-07-01T16:56:05.210-03:00 TRACE 20444 --- [estoque] [http-nio-8383-exec-9] o.t.s.expression.VariableExpression      : [THYMELEAF][http-nio-8383-exec-9] Evaluating variable expression: "${conta.valor}"
2026-07-01T16:56:05.210-03:00 TRACE 20444 --- [estoque] [http-nio-8383-exec-9] o.t.s.e.SPELVariableExpressionEvaluator  : [THYMELEAF][http-nio-8383-exec-9] SpringEL expression: evaluating expression "conta.valor" on target
2026-07-01T16:56:05.210-03:00 TRACE 20444 --- [estoque] [http-nio-8383-exec-9] o.t.T.cache.EXPRESSION_CACHE             : [THYMELEAF][http-nio-8383-exec-9][EXPRESSION_CACHE][CACHE_HIT] Cache hit in cache "EXPRESSION_CACHE" for key "expr|${#numbers.formatDecimal(conta.valorPago,1,'POINT',2,'COMMA')}".
2026-07-01T16:56:05.210-03:00 TRACE 20444 --- [estoque] [http-nio-8383-exec-9] o.t.s.expression.VariableExpression      : [THYMELEAF][http-nio-8383-exec-9] Evaluating variable expression: "${#numbers.formatDecimal(conta.valorPago,1,'POINT',2,'COMMA')}"
2026-07-01T16:56:05.210-03:00 TRACE 20444 --- [estoque] [http-nio-8383-exec-9] o.t.s.e.SPELVariableExpressionEvaluator  : [THYMELEAF][http-nio-8383-exec-9] SpringEL expression: evaluating expression "#numbers.formatDecimal(conta.valorPago,1,'POINT',2,'COMMA')" on target
2026-07-01T16:56:05.212-03:00 TRACE 20444 --- [estoque] [http-nio-8383-exec-9] o.t.T.cache.EXPRESSION_CACHE             : [THYMELEAF][http-nio-8383-exec-9][EXPRESSION_CACHE][CACHE_HIT] Cache hit in cache "EXPRESSION_CACHE" for key "expr|${conta.valorPago}".
2026-07-01T16:56:05.212-03:00 TRACE 20444 --- [estoque] [http-nio-8383-exec-9] o.t.s.expression.VariableExpression      : [THYMELEAF][http-nio-8383-exec-9] Evaluating variable expression: "${conta.valorPago}"
2026-07-01T16:56:05.212-03:00 TRACE 20444 --- [estoque] [http-nio-8383-exec-9] o.t.s.e.SPELVariableExpressionEvaluator  : [THYMELEAF][http-nio-8383-exec-9] SpringEL expression: evaluating expression "conta.valorPago" on target
2026-07-01T16:56:05.212-03:00 TRACE 20444 --- [estoque] [http-nio-8383-exec-9] o.t.T.cache.EXPRESSION_CACHE             : [THYMELEAF][http-nio-8383-exec-9][EXPRESSION_CACHE][CACHE_HIT] Cache hit in cache "EXPRESSION_CACHE" for key "expr|${#numbers.formatDecimal(conta.saldoDevedor,1,'POINT',2,'COMMA')}".
2026-07-01T16:56:05.212-03:00 TRACE 20444 --- [estoque] [http-nio-8383-exec-9] o.t.s.expression.VariableExpression      : [THYMELEAF][http-nio-8383-exec-9] Evaluating variable expression: "${#numbers.formatDecimal(conta.saldoDevedor,1,'POINT',2,'COMMA')}"
2026-07-01T16:56:05.212-03:00 TRACE 20444 --- [estoque] [http-nio-8383-exec-9] o.t.s.e.SPELVariableExpressionEvaluator  : [THYMELEAF][http-nio-8383-exec-9] SpringEL expression: evaluating expression "#numbers.formatDecimal(conta.saldoDevedor,1,'POINT',2,'COMMA')" on target
2026-07-01T16:56:05.213-03:00 TRACE 20444 --- [estoque] [http-nio-8383-exec-9] o.t.T.cache.EXPRESSION_CACHE             : [THYMELEAF][http-nio-8383-exec-9][EXPRESSION_CACHE][CACHE_HIT] Cache hit in cache "EXPRESSION_CACHE" for key "expr|${conta.status.name() == 'PAGO'}".
2026-07-01T16:56:05.213-03:00 TRACE 20444 --- [estoque] [http-nio-8383-exec-9] o.t.s.expression.VariableExpression      : [THYMELEAF][http-nio-8383-exec-9] Evaluating variable expression: "${conta.status.name() == 'PAGO'}"
2026-07-01T16:56:05.213-03:00 TRACE 20444 --- [estoque] [http-nio-8383-exec-9] o.t.s.e.SPELVariableExpressionEvaluator  : [THYMELEAF][http-nio-8383-exec-9] SpringEL expression: evaluating expression "conta.status.name() == 'PAGO'" on target
2026-07-01T16:56:05.213-03:00 TRACE 20444 --- [estoque] [http-nio-8383-exec-9] o.t.T.cache.EXPRESSION_CACHE             : [THYMELEAF][http-nio-8383-exec-9][EXPRESSION_CACHE][CACHE_HIT] Cache hit in cache "EXPRESSION_CACHE" for key "expr|${conta.status.name() == 'PENDENTE'}".
2026-07-01T16:56:05.213-03:00 TRACE 20444 --- [estoque] [http-nio-8383-exec-9] o.t.s.expression.VariableExpression      : [THYMELEAF][http-nio-8383-exec-9] Evaluating variable expression: "${conta.status.name() == 'PENDENTE'}"
2026-07-01T16:56:05.214-03:00 TRACE 20444 --- [estoque] [http-nio-8383-exec-9] o.t.s.e.SPELVariableExpressionEvaluator  : [THYMELEAF][http-nio-8383-exec-9] SpringEL expression: evaluating expression "conta.status.name() == 'PENDENTE'" on target
2026-07-01T16:56:05.214-03:00 TRACE 20444 --- [estoque] [http-nio-8383-exec-9] o.t.T.cache.EXPRESSION_CACHE             : [THYMELEAF][http-nio-8383-exec-9][EXPRESSION_CACHE][CACHE_HIT] Cache hit in cache "EXPRESSION_CACHE" for key "expr|${conta.status.name() == 'ATRASADO'}".
2026-07-01T16:56:05.214-03:00 TRACE 20444 --- [estoque] [http-nio-8383-exec-9] o.t.s.expression.VariableExpression      : [THYMELEAF][http-nio-8383-exec-9] Evaluating variable expression: "${conta.status.name() == 'ATRASADO'}"
2026-07-01T16:56:05.214-03:00 TRACE 20444 --- [estoque] [http-nio-8383-exec-9] o.t.s.e.SPELVariableExpressionEvaluator  : [THYMELEAF][http-nio-8383-exec-9] SpringEL expression: evaluating expression "conta.status.name() == 'ATRASADO'" on target
2026-07-01T16:56:05.215-03:00 TRACE 20444 --- [estoque] [http-nio-8383-exec-9] o.t.T.cache.EXPRESSION_CACHE             : [THYMELEAF][http-nio-8383-exec-9][EXPRESSION_CACHE][CACHE_HIT] Cache hit in cache "EXPRESSION_CACHE" for key "expr|${conta.status.name() == 'PARCIAL'}".
2026-07-01T16:56:05.215-03:00 TRACE 20444 --- [estoque] [http-nio-8383-exec-9] o.t.s.expression.VariableExpression      : [THYMELEAF][http-nio-8383-exec-9] Evaluating variable expression: "${conta.status.name() == 'PARCIAL'}"
2026-07-01T16:56:05.215-03:00 TRACE 20444 --- [estoque] [http-nio-8383-exec-9] o.t.s.e.SPELVariableExpressionEvaluator  : [THYMELEAF][http-nio-8383-exec-9] SpringEL expression: evaluating expression "conta.status.name() == 'PARCIAL'" on target
2026-07-01T16:56:05.216-03:00 TRACE 20444 --- [estoque] [http-nio-8383-exec-9] o.t.T.cache.EXPRESSION_CACHE             : [THYMELEAF][http-nio-8383-exec-9][EXPRESSION_CACHE][CACHE_HIT] Cache hit in cache "EXPRESSION_CACHE" for key "expr|${conta.dataVencimento}".
2026-07-01T16:56:05.216-03:00 TRACE 20444 --- [estoque] [http-nio-8383-exec-9] o.t.s.expression.VariableExpression      : [THYMELEAF][http-nio-8383-exec-9] Evaluating variable expression: "${conta.dataVencimento}"
2026-07-01T16:56:05.216-03:00 TRACE 20444 --- [estoque] [http-nio-8383-exec-9] o.t.s.e.SPELVariableExpressionEvaluator  : [THYMELEAF][http-nio-8383-exec-9] SpringEL expression: evaluating expression "conta.dataVencimento" on target
2026-07-01T16:56:05.217-03:00 TRACE 20444 --- [estoque] [http-nio-8383-exec-9] o.t.T.cache.EXPRESSION_CACHE             : [THYMELEAF][http-nio-8383-exec-9][EXPRESSION_CACHE][CACHE_HIT] Cache hit in cache "EXPRESSION_CACHE" for key "expr|${conta.dataPagamento != null}".
2026-07-01T16:56:05.217-03:00 TRACE 20444 --- [estoque] [http-nio-8383-exec-9] o.t.s.expression.VariableExpression      : [THYMELEAF][http-nio-8383-exec-9] Evaluating variable expression: "${conta.dataPagamento != null}"
2026-07-01T16:56:05.217-03:00 TRACE 20444 --- [estoque] [http-nio-8383-exec-9] o.t.s.e.SPELVariableExpressionEvaluator  : [THYMELEAF][http-nio-8383-exec-9] SpringEL expression: evaluating expression "conta.dataPagamento != null" on target
2026-07-01T16:56:05.217-03:00 TRACE 20444 --- [estoque] [http-nio-8383-exec-9] o.t.T.cache.EXPRESSION_CACHE             : [THYMELEAF][http-nio-8383-exec-9][EXPRESSION_CACHE][CACHE_HIT] Cache hit in cache "EXPRESSION_CACHE" for key "expr|${#temporals.format(conta.dataPagamento, 'dd/MM/yyyy')}".
2026-07-01T16:56:05.217-03:00 TRACE 20444 --- [estoque] [http-nio-8383-exec-9] o.t.s.expression.VariableExpression      : [THYMELEAF][http-nio-8383-exec-9] Evaluating variable expression: "${#temporals.format(conta.dataPagamento, 'dd/MM/yyyy')}"
2026-07-01T16:56:05.217-03:00 TRACE 20444 --- [estoque] [http-nio-8383-exec-9] o.t.s.e.SPELVariableExpressionEvaluator  : [THYMELEAF][http-nio-8383-exec-9] SpringEL expression: evaluating expression "#temporals.format(conta.dataPagamento, 'dd/MM/yyyy')" on target
2026-07-01T16:56:05.218-03:00 TRACE 20444 --- [estoque] [http-nio-8383-exec-9] o.t.T.cache.EXPRESSION_CACHE             : [THYMELEAF][http-nio-8383-exec-9][EXPRESSION_CACHE][CACHE_HIT] Cache hit in cache "EXPRESSION_CACHE" for key "expr|${conta.dataPagamento == null}".
2026-07-01T16:56:05.218-03:00 TRACE 20444 --- [estoque] [http-nio-8383-exec-9] o.t.s.expression.VariableExpression      : [THYMELEAF][http-nio-8383-exec-9] Evaluating variable expression: "${conta.dataPagamento == null}"
2026-07-01T16:56:05.218-03:00 TRACE 20444 --- [estoque] [http-nio-8383-exec-9] o.t.s.e.SPELVariableExpressionEvaluator  : [THYMELEAF][http-nio-8383-exec-9] SpringEL expression: evaluating expression "conta.dataPagamento == null" on target
2026-07-01T16:56:05.218-03:00 TRACE 20444 --- [estoque] [http-nio-8383-exec-9] o.t.T.cache.EXPRESSION_CACHE             : [THYMELEAF][http-nio-8383-exec-9][EXPRESSION_CACHE][CACHE_HIT] Cache hit in cache "EXPRESSION_CACHE" for key "expr|${conta.dataPagamento}".
2026-07-01T16:56:05.218-03:00 TRACE 20444 --- [estoque] [http-nio-8383-exec-9] o.t.s.expression.VariableExpression      : [THYMELEAF][http-nio-8383-exec-9] Evaluating variable expression: "${conta.dataPagamento}"
2026-07-01T16:56:05.219-03:00 TRACE 20444 --- [estoque] [http-nio-8383-exec-9] o.t.s.e.SPELVariableExpressionEvaluator  : [THYMELEAF][http-nio-8383-exec-9] SpringEL expression: evaluating expression "conta.dataPagamento" on target
2026-07-01T16:56:05.219-03:00 TRACE 20444 --- [estoque] [http-nio-8383-exec-9] o.t.T.cache.EXPRESSION_CACHE             : [THYMELEAF][http-nio-8383-exec-9][EXPRESSION_CACHE][CACHE_HIT] Cache hit in cache "EXPRESSION_CACHE" for key "expr|${conta.status.name() != 'PAGO'}".
2026-07-01T16:56:05.219-03:00 TRACE 20444 --- [estoque] [http-nio-8383-exec-9] o.t.s.expression.VariableExpression      : [THYMELEAF][http-nio-8383-exec-9] Evaluating variable expression: "${conta.status.name() != 'PAGO'}"
2026-07-01T16:56:05.219-03:00 TRACE 20444 --- [estoque] [http-nio-8383-exec-9] o.t.s.e.SPELVariableExpressionEvaluator  : [THYMELEAF][http-nio-8383-exec-9] SpringEL expression: evaluating expression "conta.status.name() != 'PAGO'" on target
2026-07-01T16:56:05.220-03:00 TRACE 20444 --- [estoque] [http-nio-8383-exec-9] o.t.T.cache.EXPRESSION_CACHE             : [THYMELEAF][http-nio-8383-exec-9][EXPRESSION_CACHE][CACHE_HIT] Cache hit in cache "EXPRESSION_CACHE" for key "expr|${conta.status.name() == 'PAGO'}".
2026-07-01T16:56:05.220-03:00 TRACE 20444 --- [estoque] [http-nio-8383-exec-9] o.t.s.expression.VariableExpression      : [THYMELEAF][http-nio-8383-exec-9] Evaluating variable expression: "${conta.status.name() == 'PAGO'}"
2026-07-01T16:56:05.220-03:00 TRACE 20444 --- [estoque] [http-nio-8383-exec-9] o.t.s.e.SPELVariableExpressionEvaluator  : [THYMELEAF][http-nio-8383-exec-9] SpringEL expression: evaluating expression "conta.status.name() == 'PAGO'" on target
2026-07-01T16:56:05.220-03:00 TRACE 20444 --- [estoque] [http-nio-8383-exec-9] o.t.T.cache.EXPRESSION_CACHE             : [THYMELEAF][http-nio-8383-exec-9][EXPRESSION_CACHE][CACHE_HIT] Cache hit in cache "EXPRESSION_CACHE" for key "expr|@{/contas-pagar/atualizar}".
2026-07-01T16:56:05.220-03:00 TRACE 20444 --- [estoque] [http-nio-8383-exec-9] o.t.standard.expression.LinkExpression   : [THYMELEAF][http-nio-8383-exec-9] Evaluating link: "@{'/contas-pagar/atualizar'}"
2026-07-01T16:56:05.220-03:00 TRACE 20444 --- [estoque] [http-nio-8383-exec-9] o.t.s.expression.TextLiteralExpression   : [THYMELEAF][http-nio-8383-exec-9] Evaluating text literal: "'/contas-pagar/atualizar'"
2026-07-01T16:56:05.221-03:00 TRACE 20444 --- [estoque] [http-nio-8383-exec-9] o.t.T.cache.EXPRESSION_CACHE             : [THYMELEAF][http-nio-8383-exec-9][EXPRESSION_CACHE][CACHE_HIT] Cache hit in cache "EXPRESSION_CACHE" for key "expr|${conta.id}".
2026-07-01T16:56:05.221-03:00 TRACE 20444 --- [estoque] [http-nio-8383-exec-9] o.t.s.expression.VariableExpression      : [THYMELEAF][http-nio-8383-exec-9] Evaluating variable expression: "${conta.id}"
2026-07-01T16:56:05.221-03:00 TRACE 20444 --- [estoque] [http-nio-8383-exec-9] o.t.s.e.SPELVariableExpressionEvaluator  : [THYMELEAF][http-nio-8383-exec-9] SpringEL expression: evaluating expression "conta.id" on target
2026-07-01T16:56:05.221-03:00 TRACE 20444 --- [estoque] [http-nio-8383-exec-9] o.t.T.cache.EXPRESSION_CACHE             : [THYMELEAF][http-nio-8383-exec-9][EXPRESSION_CACHE][CACHE_HIT] Cache hit in cache "EXPRESSION_CACHE" for key "expr|@{/contas-pagar/excluir/{id}(id=${conta.id})}".
2026-07-01T16:56:05.221-03:00 TRACE 20444 --- [estoque] [http-nio-8383-exec-9] o.t.standard.expression.LinkExpression   : [THYMELEAF][http-nio-8383-exec-9] Evaluating link: "@{'/contas-pagar/excluir/{id}'(id=${conta.id})}"
2026-07-01T16:56:05.221-03:00 TRACE 20444 --- [estoque] [http-nio-8383-exec-9] o.t.s.expression.TextLiteralExpression   : [THYMELEAF][http-nio-8383-exec-9] Evaluating text literal: "'/contas-pagar/excluir/{id}'"
2026-07-01T16:56:05.222-03:00 TRACE 20444 --- [estoque] [http-nio-8383-exec-9] o.t.s.expression.GenericTokenExpression  : [THYMELEAF][http-nio-8383-exec-9] Evaluating generic token: "id"
2026-07-01T16:56:05.222-03:00 TRACE 20444 --- [estoque] [http-nio-8383-exec-9] o.t.s.expression.VariableExpression      : [THYMELEAF][http-nio-8383-exec-9] Evaluating variable expression: "${conta.id}"
2026-07-01T16:56:05.222-03:00 TRACE 20444 --- [estoque] [http-nio-8383-exec-9] o.t.s.e.SPELVariableExpressionEvaluator  : [THYMELEAF][http-nio-8383-exec-9] SpringEL expression: evaluating expression "conta.id" on target
2026-07-01T16:56:05.222-03:00 TRACE 20444 --- [estoque] [http-nio-8383-exec-9] o.t.T.cache.EXPRESSION_CACHE             : [THYMELEAF][http-nio-8383-exec-9][EXPRESSION_CACHE][CACHE_HIT] Cache hit in cache "EXPRESSION_CACHE" for key "expr|${#lists.isEmpty(conta.pagamentos)}".
2026-07-01T16:56:05.222-03:00 TRACE 20444 --- [estoque] [http-nio-8383-exec-9] o.t.s.expression.VariableExpression      : [THYMELEAF][http-nio-8383-exec-9] Evaluating variable expression: "${#lists.isEmpty(conta.pagamentos)}"
2026-07-01T16:56:05.223-03:00 TRACE 20444 --- [estoque] [http-nio-8383-exec-9] o.t.s.e.SPELVariableExpressionEvaluator  : [THYMELEAF][http-nio-8383-exec-9] SpringEL expression: evaluating expression "#lists.isEmpty(conta.pagamentos)" on target
2026-07-01T16:56:05.227-03:00 TRACE 20444 --- [estoque] [http-nio-8383-exec-9] o.t.T.cache.EXPRESSION_CACHE             : [THYMELEAF][http-nio-8383-exec-9][EXPRESSION_CACHE][CACHE_HIT] Cache hit in cache "EXPRESSION_CACHE" for key "each|pag : ${conta.pagamentos}".
2026-07-01T16:56:05.228-03:00 TRACE 20444 --- [estoque] [http-nio-8383-exec-9] o.t.s.expression.GenericTokenExpression  : [THYMELEAF][http-nio-8383-exec-9] Evaluating generic token: "pag"
2026-07-01T16:56:05.228-03:00 TRACE 20444 --- [estoque] [http-nio-8383-exec-9] o.t.s.expression.VariableExpression      : [THYMELEAF][http-nio-8383-exec-9] Evaluating variable expression: "${conta.pagamentos}"
2026-07-01T16:56:05.228-03:00 TRACE 20444 --- [estoque] [http-nio-8383-exec-9] o.t.s.e.SPELVariableExpressionEvaluator  : [THYMELEAF][http-nio-8383-exec-9] SpringEL expression: evaluating expression "conta.pagamentos" on target
2026-07-01T16:56:05.228-03:00 TRACE 20444 --- [estoque] [http-nio-8383-exec-9] o.t.T.cache.EXPRESSION_CACHE             : [THYMELEAF][http-nio-8383-exec-9][EXPRESSION_CACHE][CACHE_HIT] Cache hit in cache "EXPRESSION_CACHE" for key "expr|${#temporals.format(pag.dataPagamento, 'dd/MM/yyyy HH:mm')}".
2026-07-01T16:56:05.228-03:00 TRACE 20444 --- [estoque] [http-nio-8383-exec-9] o.t.s.expression.VariableExpression      : [THYMELEAF][http-nio-8383-exec-9] Evaluating variable expression: "${#temporals.format(pag.dataPagamento, 'dd/MM/yyyy HH:mm')}"
2026-07-01T16:56:05.229-03:00 TRACE 20444 --- [estoque] [http-nio-8383-exec-9] o.t.s.e.SPELVariableExpressionEvaluator  : [THYMELEAF][http-nio-8383-exec-9] SpringEL expression: evaluating expression "#temporals.format(pag.dataPagamento, 'dd/MM/yyyy HH:mm')" on target
2026-07-01T16:56:05.229-03:00 TRACE 20444 --- [estoque] [http-nio-8383-exec-9] o.t.T.cache.EXPRESSION_CACHE             : [THYMELEAF][http-nio-8383-exec-9][EXPRESSION_CACHE][CACHE_HIT] Cache hit in cache "EXPRESSION_CACHE" for key "expr|${#numbers.formatDecimal(pag.valorPagamento,1,'POINT',2,'COMMA')}".
2026-07-01T16:56:05.229-03:00 TRACE 20444 --- [estoque] [http-nio-8383-exec-9] o.t.s.expression.VariableExpression      : [THYMELEAF][http-nio-8383-exec-9] Evaluating variable expression: "${#numbers.formatDecimal(pag.valorPagamento,1,'POINT',2,'COMMA')}"
2026-07-01T16:56:05.229-03:00 TRACE 20444 --- [estoque] [http-nio-8383-exec-9] o.t.s.e.SPELVariableExpressionEvaluator  : [THYMELEAF][http-nio-8383-exec-9] SpringEL expression: evaluating expression "#numbers.formatDecimal(pag.valorPagamento,1,'POINT',2,'COMMA')" on target
2026-07-01T16:56:05.230-03:00 TRACE 20444 --- [estoque] [http-nio-8383-exec-9] org.thymeleaf.TemplateEngine             : [THYMELEAF][http-nio-8383-exec-9] FINISHED PROCESS AND OUTPUT OF TEMPLATE "contaspagar" WITH LOCALE pt_BR
2026-07-01T16:56:05.230-03:00 TRACE 20444 --- [estoque] [http-nio-8383-exec-9] org.thymeleaf.TemplateEngine.TIMER       : [THYMELEAF][http-nio-8383-exec-9][contaspagar][pt_BR][36220100][36] TEMPLATE "contaspagar" WITH LOCALE pt_BR PROCESSED IN 36220100 nanoseconds (approx. 36ms)
2026-07-01T16:56:05.232-03:00 DEBUG 20444 --- [estoque] [http-nio-8383-exec-9] o.s.web.servlet.DispatcherServlet        : Completed 200 OK
